-- phpMyAdmin SQL Dump
-- version 5.2.0
-- https://www.phpmyadmin.net/
--
-- Servidor: 127.0.0.1
-- Tiempo de generación: 07-11-2022 a las 12:31:35
-- Versión del servidor: 10.4.24-MariaDB
-- Versión de PHP: 7.4.29

SET SQL_MODE = "NO_AUTO_VALUE_ON_ZERO";
START TRANSACTION;
SET time_zone = "+00:00";


/*!40101 SET @OLD_CHARACTER_SET_CLIENT=@@CHARACTER_SET_CLIENT */;
/*!40101 SET @OLD_CHARACTER_SET_RESULTS=@@CHARACTER_SET_RESULTS */;
/*!40101 SET @OLD_COLLATION_CONNECTION=@@COLLATION_CONNECTION */;
/*!40101 SET NAMES utf8mb4 */;

--
-- Base de datos: `administracionordenes`
--
CREATE DATABASE IF NOT EXISTS `administracionordenes` DEFAULT CHARACTER SET utf8mb4 COLLATE utf8mb4_general_ci;
USE `administracionordenes`;

-- --------------------------------------------------------

--
-- Estructura de tabla para la tabla `categorias`
--

CREATE TABLE `categorias` (
  `id` int(11) NOT NULL,
  `categoria` varchar(150) NOT NULL
) ENGINE=InnoDB DEFAULT CHARSET=utf8mb4;

--
-- Volcado de datos para la tabla `categorias`
--

INSERT INTO `categorias` (`id`, `categoria`) VALUES
(66, 'ADQUISICION DE ESTRUCTURA'),
(70, 'ADQUISICION DE TECNOLOGIA'),
(60, 'CONTROL CONSTRUCCION EDIFICION'),
(63, 'CONTROL DE CAMARAS VIGILANCIA'),
(62, 'DESPLAZAMIENTO DE ESTRUCTURAS'),
(67, 'ENSAMBLADO DE ESTRUCTURA'),
(55, 'INSTALACION ESTRUCTURA'),
(54, 'INSTALACION LUCES'),
(58, 'INSTALACION PANELES SOLARES'),
(71, 'LIMPIEZA DE ESPACIOS'),
(68, 'MANTENCION DE DISPENSADORES ALCOHOL GEL'),
(64, 'MANTENIMIENTO BUSES UTA'),
(65, 'MANTENIMIENTO VEHICULOS GENERAL'),
(45, 'PRODUCCION DE PIEZAS'),
(56, 'REPARACION ESTRUCTURA'),
(59, 'REPARACION RECINTO DEPORTIVO'),
(69, 'REPARACION SERVICIOS HIGIENICOS'),
(57, 'RESTAURACION AREAS VERDES'),
(44, 'SERVICIOS DE LIMPIEZA'),
(61, 'TRANSPORTE DE ESTRUCTURAS');

-- --------------------------------------------------------

--
-- Estructura de tabla para la tabla `centro`
--

CREATE TABLE `centro` (
  `id` int(11) NOT NULL,
  `nombre` varchar(150) NOT NULL
) ENGINE=InnoDB DEFAULT CHARSET=utf8mb4;

--
-- Volcado de datos para la tabla `centro`
--

INSERT INTO `centro` (`id`, `nombre`) VALUES
(3794, 'ACADEMIA DE BASQUETBALL 2022'),
(3796, 'ACADEMIA DE FUTBOL 2022'),
(3792, 'ACADEMIA DE INFORMATICA 2022'),
(3799, 'ACADEMIA DE INGLES: CURSO INGLES ADOLESCENTES 2021'),
(3798, 'ACADEMIA DE LENGUAJE 2022'),
(3791, 'ACADEMIA DE MECATRONICA 2022'),
(3790, 'ACADEMIA DE OFIMATICA 2022'),
(3793, 'ACADEMIA DE TECNOLOGIA 2022'),
(3795, 'ACADEMIA DE TENIS 2022');

-- --------------------------------------------------------

--
-- Estructura de tabla para la tabla `funcionarios`
--

CREATE TABLE `funcionarios` (
  `id` int(11) NOT NULL,
  `rut` varchar(150) NOT NULL,
  `nombre` varchar(150) NOT NULL,
  `cargo` varchar(150) NOT NULL,
  `precioHora` int(11) NOT NULL
) ENGINE=InnoDB DEFAULT CHARSET=utf8mb4;

--
-- Volcado de datos para la tabla `funcionarios`
--

INSERT INTO `funcionarios` (`id`, `rut`, `nombre`, `cargo`, `precioHora`) VALUES
(1, '20.901.445-9', 'luis perez', 'ELECTRICISTA', 1100),
(2, '20.421.446-9', 'matias fernandez', 'MECANICO', 1400),
(3, '10.331.225-9', 'pedro picapiedra', 'INFORMATICO', 1600),
(4, '12.345.567-8', 'juan linux', 'ELECTRICISTA', 1700),
(5, '12.345.678-9', 'luis java', 'JARDINERO', 950),
(6, '12.335.456-7', 'pedro sas', 'REPARADOR DE ASCENSORES', 1400),
(7, '12.341.234-5', 'roberto android', 'ADMINISTRADOR DE REDES', 900),
(8, '12.344.012-3', 'felipe elixir', 'BODEGUERO', 1100),
(9, '23.456.789-1', 'mario bross', 'ENSAMBLADOR ESTRUCTURAS', 1100),
(10, '23.452.739-1', 'mario box', 'COMPRADOR TECNOLOGIA', 1010),
(11, '03.456.789-1', 'luigi martinez', 'COMPRADOR ESTRUCTURAS', 1110),
(12, '9.456.789-1', 'carlos vega', 'INSTALADOR LUMINARIA', 1330),
(13, '23.056.789-1', 'cristian cacerez', 'INSTALADOR PANELES SOLARES', 1340),
(14, '23.456.780-1', 'gaston gatuso', 'MANTENEDOR VEHICULOS', 1000),
(15, '23.006.789-1', 'diego chocolo', 'TRANSPORTADOR ESTRUCTURAS', 1000);

-- --------------------------------------------------------

--
-- Estructura de tabla para la tabla `materiales`
--

CREATE TABLE `materiales` (
  `id` int(11) NOT NULL,
  `nombre` varchar(150) NOT NULL,
  `precioUnitario` int(11) NOT NULL
) ENGINE=InnoDB DEFAULT CHARSET=utf8mb4;

--
-- Volcado de datos para la tabla `materiales`
--

INSERT INTO `materiales` (`id`, `nombre`, `precioUnitario`) VALUES
(1, 'foco', 2000),
(2, 'detector de voltaje', 4000),
(3, 'multímetro', 1500),
(4, 'cámara térmica', 2100),
(5, 'destornillador', 2200),
(6, 'cinta eléctrica líquida', 1100),
(7, 'pulsera antiestática', 4000),
(8, 'pinzas', 3100),
(9, 'Adhesivos para reparaciones', 5000),
(10, 'promotores de la adhesión', 2000);

-- --------------------------------------------------------

--
-- Estructura de tabla para la tabla `ordenes`
--

CREATE TABLE `ordenes` (
  `id` int(11) NOT NULL,
  `anexo` text NOT NULL,
  `ubicacion` varchar(150) NOT NULL,
  `nombre` varchar(150) NOT NULL,
  `prioridad` int(11) NOT NULL,
  `idCategoria` int(11) NOT NULL,
  `centroCosto` varchar(150) NOT NULL,
  `funcionarioContacto` varchar(150) NOT NULL,
  `resumen` varchar(150) NOT NULL,
  `detalle` varchar(150) NOT NULL,
  `fechaCreacion` datetime NOT NULL DEFAULT current_timestamp(),
  `fechaEdicion` datetime NOT NULL DEFAULT current_timestamp() ON UPDATE current_timestamp(),
  `terminada` tinyint(1) NOT NULL,
  `fechaTermino` datetime DEFAULT NULL,
  `materiales` text DEFAULT NULL,
  `precioMateriales` int(11) DEFAULT NULL,
  `tipoTrabajo` varchar(150) NOT NULL,
  `observacion` text DEFAULT NULL,
  `solicitudCompra` text DEFAULT NULL,
  `funcionarioEncargado` varchar(150) DEFAULT NULL,
  `fechaRecepcion` datetime DEFAULT NULL,
  `fechaAsignacion` datetime DEFAULT NULL,
  `funcionariosEjecutores` text DEFAULT NULL,
  `precioFuncionariosEjecutores` int(11) DEFAULT NULL,
  `horasHombre` int(11) DEFAULT NULL,
  `cantidadPersonasInvolucradas` int(11) DEFAULT NULL,
  `costoTotal` int(11) DEFAULT NULL
) ENGINE=InnoDB DEFAULT CHARSET=utf8mb4;

--
-- Volcado de datos para la tabla `ordenes`
--

INSERT INTO `ordenes` (`id`, `anexo`, `ubicacion`, `nombre`, `prioridad`, `idCategoria`, `centroCosto`, `funcionarioContacto`, `resumen`, `detalle`, `fechaCreacion`, `fechaEdicion`, `terminada`, `fechaTermino`, `materiales`, `precioMateriales`, `tipoTrabajo`, `observacion`, `solicitudCompra`, `funcionarioEncargado`, `fechaRecepcion`, `fechaAsignacion`, `funcionariosEjecutores`, `precioFuncionariosEjecutores`, `horasHombre`, `cantidadPersonasInvolucradas`, `costoTotal`) VALUES
(168, '33.333.333-3', '5', '', 2, 55, '3792', 'Patricio  Gutierrez', 'Arreglar luz ', 'Pasillo 2do piso', '2022-10-20 16:59:06', '2022-11-06 10:16:33', 1, '2022-10-20 20:01:00', 'foco, ', 4000, 'INTERNO', 'Falta de mano de obra', 'No', '12.345.678-9', '2022-10-20 18:00:00', '2022-10-20 00:00:00', '20.901.445-9, ', 1100, 2, 1, 6200),
(169, '33.333.333-3', '5', '', 3, 70, '3792', 'Patricio  Gutierrez', 'Comprar computadores', 'Sala parinacota', '2022-10-23 16:59:43', '2022-10-23 16:59:43', 0, NULL, NULL, NULL, '', NULL, NULL, NULL, NULL, NULL, NULL, NULL, NULL, NULL, NULL),
(170, '55.555.555-5', '8', '', 1, 68, '3794', 'Mauricio Mamani', 'Reponer alcohol gel', 'Sala 501', '2022-10-23 17:01:09', '2022-10-23 17:01:09', 0, NULL, NULL, NULL, '', NULL, NULL, NULL, NULL, NULL, NULL, NULL, NULL, NULL, NULL),
(171, '55.555.555-5', '11', '', 0, 68, '3792', 'Mauricio Mamani', 'Reponer alcohol gel', 'Todas las salas', '2022-10-23 17:01:42', '2022-10-23 17:29:15', 1, '2022-10-24 13:00:00', 'pinzas, ', 3100, 'INTERNO', 'Completado', 'No', '9.456.789-1', '2022-10-24 09:10:00', '2022-10-24 00:00:00', '9.456.789-1, ', 1330, 1, 1, 4430),
(172, '55.555.555-5', '7', '', 1, 56, '3798', 'Mauricio Mamani', 'Reparar hoyo en el suelo', 'Sala 520, cerca de la puerta', '2022-10-23 17:03:17', '2022-10-23 17:31:42', 1, '2022-10-23 23:00:00', 'foco, destornillador, Adhesivos para reparaciones, ', 19200, 'INTERNO', 'No pisar durante 10 horas', 'No', '23.456.780-1', '2022-10-23 19:00:00', '2022-10-23 00:00:00', '23.456.780-1, ', 1000, 3, 1, 22200),
(173, '55.555.555-5', '4', '', 0, 56, '3794', 'Mauricio Mamani', 'Reparacion de aire acondicionado', 'Oficina jefe de carrera', '2022-10-23 17:04:31', '2022-10-23 17:04:31', 0, NULL, NULL, NULL, '', NULL, NULL, NULL, NULL, NULL, NULL, NULL, NULL, NULL, NULL),
(174, '11.111.111-1', '12', '', 2, 56, '3798', 'Mauricio Antezana', 'Arreglar luces', '2do piso, cerca de las escaleras', '2022-10-23 17:08:04', '2022-10-23 17:08:04', 0, NULL, NULL, NULL, '', NULL, NULL, NULL, NULL, NULL, NULL, NULL, NULL, NULL, NULL),
(175, '11.111.111-1', '15', '', 1, 68, '3794', 'Mauricio Antezana', 'Rellenar alcohol gel', 'Sala 101', '2022-10-23 17:08:29', '2022-10-23 19:17:34', 1, '2022-10-25 13:00:00', 'pinzas, ', 3100, 'INTERNO', 'No', 'No', '23.006.789-1', '2022-10-23 20:08:00', '2022-10-25 00:00:00', '23.006.789-1, ', 1000, 1, 1, 4100),
(176, '11.111.111-1', '11', '', 0, 56, '3792', 'Mauricio Antezana', 'Arreglar cañeria', 'Baño 2do piso', '2022-10-23 17:09:25', '2022-10-23 17:09:25', 0, NULL, NULL, NULL, '', NULL, NULL, NULL, NULL, NULL, NULL, NULL, NULL, NULL, NULL),
(177, '11.111.111-1', '19', '', 4, 56, '3794', 'Mauricio Antezana', 'Arreglar cableado del proyector', 'sala 15', '2022-10-23 17:10:27', '2022-10-23 17:10:27', 0, NULL, NULL, NULL, '', NULL, NULL, NULL, NULL, NULL, NULL, NULL, NULL, NULL, NULL),
(178, '44.444.444-4', '7', '', 3, 68, '3798', 'Olver  Arce', 'Arreglar dispensador de alcohol', 'Derrama alcohol sin presionar', '2022-10-23 17:12:14', '2022-10-23 17:12:14', 0, NULL, NULL, NULL, '', NULL, NULL, NULL, NULL, NULL, NULL, NULL, NULL, NULL, NULL),
(179, '11.111.111-1', '12', '', 4, 54, '3799', 'Mauricio Antezana', 'resumen', 'detalle', '2022-10-23 21:43:03', '2022-10-23 21:43:03', 0, NULL, NULL, NULL, '', NULL, NULL, NULL, NULL, NULL, NULL, NULL, NULL, NULL, NULL),
(180, '11.111.111-1', '1', '', 0, 66, '3794', 'Mauricio Antezana', 'res', 'et', '2022-11-06 10:31:19', '2022-11-06 10:31:19', 0, NULL, NULL, NULL, '', NULL, NULL, NULL, NULL, NULL, NULL, NULL, NULL, NULL, NULL);

-- --------------------------------------------------------

--
-- Estructura de tabla para la tabla `ubicacion`
--

CREATE TABLE `ubicacion` (
  `id` int(11) NOT NULL,
  `nombre` varchar(150) NOT NULL
) ENGINE=InnoDB DEFAULT CHARSET=utf8mb4;

--
-- Volcado de datos para la tabla `ubicacion`
--

INSERT INTO `ubicacion` (`id`, `nombre`) VALUES
(1, 'DEPARTAMENTO DE FISICA'),
(2, 'DEPARTAMENTO DE INGLES'),
(3, 'DEPARTAMENTO DE AGRONOMIA'),
(4, 'DEPARTAMENTO DE INDUSTRIAL'),
(5, 'DEPARTAMENTO DE INFORMATICA'),
(6, 'DEPARTAMENTO DE ELECTRONICA'),
(7, 'DEPARTAMENTO DE DERECHO'),
(8, 'DEPARTAMENTO DE SALUD'),
(9, 'DEPARTAMENTO DE TRABAJO SOCIAL'),
(10, 'DEPARTAMENTO DE ADMINISTRACION'),
(11, 'DEPARTAMENTO DE MATEMATICA'),
(12, 'BIBLIOTECA CENTRAL'),
(13, 'DEPARTAMENTO DE EDUCACION FISICA'),
(14, 'DEPARTAMENTO DE SOCIOLOGIA'),
(15, 'DEPARTAMENTO DE ANTROPOLOGIA'),
(16, 'DEPARTAMENTO DE COMERCIAL'),
(17, 'DEPARTAMENTO DE TECNOLOGIA MEDICA'),
(18, 'DEPARTAMENTO DE QUIMICA LABORATORISTA'),
(19, 'DEPARTAMENTO SISMOLOGIA'),
(20, 'DEPARTAMENTO DE ELECTRICA');

-- --------------------------------------------------------

--
-- Estructura de tabla para la tabla `usuarios`
--

CREATE TABLE `usuarios` (
  `id` int(11) NOT NULL,
  `run` varchar(150) NOT NULL,
  `nombre` varchar(200) NOT NULL,
  `apellido` varchar(200) NOT NULL,
  `correo` varchar(200) NOT NULL,
  `contacto` int(11) NOT NULL,
  `rol` varchar(200) NOT NULL,
  `pass` varchar(200) NOT NULL
) ENGINE=InnoDB DEFAULT CHARSET=utf8mb4;

--
-- Volcado de datos para la tabla `usuarios`
--

INSERT INTO `usuarios` (`id`, `run`, `nombre`, `apellido`, `correo`, `contacto`, `rol`, `pass`) VALUES
(1, '11.111.111-1', 'Mauricio', 'Antezana', 'mauricio.antezana@uta.cl', 947850503, 'generador', '12345'),
(2, '22.222.222-2', 'Adolfo', 'Navea', 'adolfo.navea@uta.cl', 947505032, 'Administrador', '1234'),
(3, '33.333.333-3', 'Patricio ', 'Gutierrez', 'patricio.gutierrez@uta.cl', 947505444, 'generador', 'generador1'),
(4, '44.444.444-4', 'Olver ', 'Arce', 'olver.arce@uta.cl', 944405123, 'generador', 'generador2'),
(5, '55.555.555-5', 'Mauricio', 'Mamani', 'mauricio.mamani@uta.cl', 947634822, 'generador', 'generador3');

--
-- Índices para tablas volcadas
--

--
-- Indices de la tabla `categorias`
--
ALTER TABLE `categorias`
  ADD PRIMARY KEY (`id`),
  ADD UNIQUE KEY `categoria` (`categoria`);

--
-- Indices de la tabla `centro`
--
ALTER TABLE `centro`
  ADD PRIMARY KEY (`id`),
  ADD UNIQUE KEY `nombre` (`nombre`);

--
-- Indices de la tabla `funcionarios`
--
ALTER TABLE `funcionarios`
  ADD PRIMARY KEY (`id`);

--
-- Indices de la tabla `materiales`
--
ALTER TABLE `materiales`
  ADD PRIMARY KEY (`id`),
  ADD UNIQUE KEY `nombre` (`nombre`);

--
-- Indices de la tabla `ordenes`
--
ALTER TABLE `ordenes`
  ADD PRIMARY KEY (`id`),
  ADD KEY `ordenes_ibfk_1` (`idCategoria`);

--
-- Indices de la tabla `ubicacion`
--
ALTER TABLE `ubicacion`
  ADD PRIMARY KEY (`id`);

--
-- Indices de la tabla `usuarios`
--
ALTER TABLE `usuarios`
  ADD PRIMARY KEY (`id`);

--
-- AUTO_INCREMENT de las tablas volcadas
--

--
-- AUTO_INCREMENT de la tabla `categorias`
--
ALTER TABLE `categorias`
  MODIFY `id` int(11) NOT NULL AUTO_INCREMENT, AUTO_INCREMENT=72;

--
-- AUTO_INCREMENT de la tabla `centro`
--
ALTER TABLE `centro`
  MODIFY `id` int(11) NOT NULL AUTO_INCREMENT, AUTO_INCREMENT=3800;

--
-- AUTO_INCREMENT de la tabla `funcionarios`
--
ALTER TABLE `funcionarios`
  MODIFY `id` int(11) NOT NULL AUTO_INCREMENT, AUTO_INCREMENT=16;

--
-- AUTO_INCREMENT de la tabla `materiales`
--
ALTER TABLE `materiales`
  MODIFY `id` int(11) NOT NULL AUTO_INCREMENT, AUTO_INCREMENT=11;

--
-- AUTO_INCREMENT de la tabla `ordenes`
--
ALTER TABLE `ordenes`
  MODIFY `id` int(11) NOT NULL AUTO_INCREMENT, AUTO_INCREMENT=181;

--
-- AUTO_INCREMENT de la tabla `ubicacion`
--
ALTER TABLE `ubicacion`
  MODIFY `id` int(11) NOT NULL AUTO_INCREMENT, AUTO_INCREMENT=21;

--
-- AUTO_INCREMENT de la tabla `usuarios`
--
ALTER TABLE `usuarios`
  MODIFY `id` int(11) NOT NULL AUTO_INCREMENT, AUTO_INCREMENT=6;

--
-- Restricciones para tablas volcadas
--

--
-- Filtros para la tabla `ordenes`
--
ALTER TABLE `ordenes`
  ADD CONSTRAINT `ordenes_ibfk_1` FOREIGN KEY (`idCategoria`) REFERENCES `categorias` (`id`) ON DELETE CASCADE ON UPDATE CASCADE;
--
-- Base de datos: `basededatoslab4`
--
CREATE DATABASE IF NOT EXISTS `basededatoslab4` DEFAULT CHARACTER SET utf8mb4 COLLATE utf8mb4_general_ci;
USE `basededatoslab4`;

-- --------------------------------------------------------

--
-- Estructura de tabla para la tabla `producto`
--

CREATE TABLE `producto` (
  `id` int(11) NOT NULL,
  `nombre` varchar(50) DEFAULT NULL,
  `imagen` longblob DEFAULT NULL,
  `precio` float DEFAULT NULL,
  `categoria` enum('basico','intermedio','avanzado') DEFAULT NULL,
  `temporada` enum('primerSemestre','segundoSemestre') DEFAULT NULL,
  `fechaIngreso` date DEFAULT NULL,
  `descripcion` text DEFAULT NULL
) ENGINE=InnoDB DEFAULT CHARSET=utf8mb4;

--
-- Volcado de datos para la tabla `producto`
--

INSERT INTO `producto` (`id`, `nombre`, `imagen`, `precio`, `categoria`, `temporada`, `fechaIngreso`, `descripcion`) VALUES
(4449, 'Matematica', 0x89504e470d0a1a0a0000000d49484452000001f70000016a0806000000078d13ba000000017352474200aece1ce90000000467414d410000b18f0bfc6105000000097048597300000ec300000ec301c76fa8640000ffa549444154785eec9d759c55c5fbc751b1f36b2b06d82248a8800848a3d86207a028d2dddd1d2220ddddddb5b02cdbdddddd7977efc6e7f779e6dcbb5c96bbcb023f45e0fcf17ecdbde7cc993367ce9cf93ccf9c393355505c0014e70145a4d00018f9df58c2ffe07681bf4bf8a3841b8a8d8cc3fd3a3a3a3a3a3a3aff1239d4e4148dc27c4549492a253a8921f789861753bf0da90c93182f1d555098cc3f02371609d94412620212b92497709b8e8e8e8e8e8ece35209d7a9ca069b56833292949410912186669710a33519c194d3f3c1ac88f4395f0d083880a3f88c498e3488a3d85989063880a3e8588601b84330c0b3e81d090e3080b3b468e2232f404a274747474747474fe35a2838f2326c8069181ae880c72a31edb202cfc24c2c31c1015e6848c586f2486da212dfa2c9222cea14a7aca29e464d8a024df0125852e2829f0e46f2f14e77bd338f0a6f7ef85426e2b327aa0a8d09d71bc74747474747474fe2d8cc4e081923c7f12a3282af4435191378a0b83a9db61c84ff54276dc3964c59d4262d84954494b3c89ec949328c8b44551ce39a0c08b2ebd0f05de8f0704a0b8c01fc5465fe243bc79126f40474747474747e7df417439cf85780086506a74288a8bdc515cec4c8da6e81b28fe3924cb01f92927901c7e18557253ed919f7e16c6743b18d328eed93c38c707c80d6042813c48a0c81bfc08055ec8a3f8133dd4433dbc7ec2cac4d1433dd4c3ff5e883c8a7bae037152da5c4c0fbe30ff1c0af26d50907d1685197628483a8de29453c88ddd8328df2d14f7640714a451e053ce2137fe0c90e10e6489b807d14208a7071f49181ae8fa2b4278321d1d1d1d1d1d9d7f0350cc35cf9dd0d92e31f85397cfa188e25e947d1a85e9675098740ac5fc5d94bc0f7101db50a528dd0525b974edb3ed614ca5079f628fe234570abc2f130ad6ba00e404b4164a72fdf83b90685ebd1eeaa11e5e4f6165e2e8a11eeae17f2f14879bbaace0ff5c5f7aefb630e61c8531ed180a928fc398780c2539675092b21ff1fef4dc8b326db8e1244a328f52e04fa028fd04239f4461da592047ac044f5a0eee28ce7563e8c693d0b3d7433dd4c3eb30ac4c1c3dd4433dfc4f863982271def4014d3f936669d463e75db987e920ef9298a3a493f85a2c43d48f017cf3d8bc29e739ce27e5885c51922ee2728eeb69ab8e75b88bb4113f8923c573dd4433dbceec2cac4d1433dd4c3ff5aa889bb8c87f3a5b887a2383300c6cc3328a0b8176688a8db002944c43d612f1203b653dc33ce2a57be38f3240fa44b9f791685e967e9c13bd3f5f7a1b80751d40379820094e46b2ff28bf3fcf85f0ff5500fafa7b03271f4500ff5f0bf178221e4b5784e20c53d12459941ea0b37f1dc0b29e896e25e9cb00f89fe3b51c5984ecb20cb911ebb1d90ed487177a1b0bba038dd9b898500866812a5c292fc1812aba3a3a3a3a3a3f32f817ceab00c72174dce8ea1b80753dccf2a719757e99ab8d3414f3f49cf5dc47d37c53dcd8711bd94a023cb032519de284af545715a28ad84385a0c294c3059437ee7a7e9e8e8e8e8e8e8fc6b88fe86935094e4c4a2302b04055922ee87a9ddc728eec781d46314f76314f73d88f7df852a056914f34c774670a2b8bb51dc3d60e4b6c234baff4c04862494e4262a9097c4ff14781d1d1d1d1d1d9d7f89044271cf0f83cc4e5798138cfc9c33c8cf3a88a28ca314770a7bea1120e3088a1277212e6007c53dd38e114fc398751cc5b93628cc3e8d820c5b14663a33311fa040be6d0f42b1901f4c4274747474747474fe35648ad960c048cfdd4071cf0d443ef53a3f7b3f8c1907e8941f04d20e50dc0fc298b81d71815b29ee5914f4dc9330661f4671de7114e5c854b4fc9f798ee2ee8112a33f13f6431191a9684b641e5b1d9d9b9220125809ac1d2b54f6f8ca604ecbda79fe29cae6a13ccc792b1b5e0acbf8d6ceafa3733313081486d07b8f42615e000a72ca887b3ac93c8882a4ed880d52e27e96827e064599c751c2c8c559f4e433ec28eeae14f7008a3bad065a0c45a498bf65827ae8e8dc9484d27216ebd9123e6c961408d68e15e4f832f1af04750ea655e1b9cc4458606dffe520e7bfc4f5abfc99f35626b416d7920be25b3bbf8ececd0a75d848a3579e93fc6894d0735733d351d88bd38f50dc8f53dc8f52dc8fc090bc13d1c1dba45bde01c5d967519c6903302ce1ffa27447e24971a7b5608ca0b88753dc85088a7b144fa4a373b31149c20985a7548c84b20fa159482b4aa3ec319783a5585b62e57cb4f0911f634199fd97859c43ce6fbaf65231b6cc9b5c5bd97c95c532fea58e93f2b296171d9d9b0dd161d1633e77f22ce70451b36d29ec8750924651cf3801a41da3b81f435ef26e8afb761177479464db31e2698abb1dc5dd910738112f8a3b3d756324138d50c25ea41eb6681d9d9b10ed01b32e4c96e2647e18798c7cbe522aac96695c0de6f4cb62ce67d9f3ca6734662ce25c36d60c136ba22cf12c31e7cffcbf6c7c3396c70856ae4b47e7a64574f842719739694ad20f53dc29ea192729eef4deb38e232f650fc55d0da8d3c55d47e7d29805ca2ce665318b92c5314a64cdc26a167873bc2bc522fdf2b8e0bc9694897759c8f58b089bafb73c51b6c4529ccde557197451d7d1b9105ddc7574fe31e49554099f03ebc83e41e20932e153d9499ff8bf34de9522695c828bce6bc69cb72b45ce2fd71a69fa5d19ca1e5f592c8f3b8fb5fba2a373e3a38bbb8ece3f86121d3e0f17a1c4ce5284446429a61721db2de35d0e26e1b69a6e65b196eee562ce4759acc5fdffc7da7dd1d1b9f1d1c55d47e71fe362efd2124ba1b31054e531c79338d336cb789743d934995ed9d0328e552e16cbcba34c3e2ea06c7eff3fb8380fd6ee8b8ece8d8f2eee3a3aff18d6c4464384c852e8446845740511f604536812f9f2c4b9c2d07cbc9048cc695aa62d30bef9fc17e449b02e989583c7aa7cc8f9e4fc66cce7957da6bc5e745e0b549ccac6bf381fd6ee8b8ece8d8f2eee3a3aff18f2ceba9822576c8c455e4e38724971613cb7c5691813906f88e3be181450b8723223519027fb935052988292e234141624a25004b2240d468679d9d10c29764529c8cf8d8521370e591991c8480b33c549d4f617a6a2283f0905b909301a92f82c2633ed04a695a4d22930489c249e8b79c88de63ee6d718cffdb13c679c42b615715b011b072391bc9718e360c889609e23183786e9c6a8df06c655f164c1281e23d757624c447e4e3caf51ce9f8a9c8c18e63781e5108bdcac28a6cff398ae253b4bd28ce235a4308ce439229996ec4f645e1354d948be735956f9725c413cd39473c433ad309e43f21a87dcec30e6837928e43e2bf74447e7e64017771d9d7f04cd73d4c42e21ce13b3670ec5b3d51ec4630f3f84c71fd190dfdf74680f27fb83f86bee443cfbf483e8dae52b04f89e5322bf71dd02d4a9f502faf7e98add3b57e3a30f9a307e3b9c3b7300866c8aaf21119b362cc2dbf55ec4d0415d7170ef7afcf85d7b74f8ac254e1ddb85bfe64c448d671fc6334f3e82c7fef7109ee0396b3cfb2806f5fb0d2181ceca10282e4c869bf3510ceadf116fbe515de549c23f678f4052bc2f053301fe3eb6e8d2f96bbcf0fc23983a6920d25242909a1c8ce1437aa07e9d17b061ed9f888df2449f9ebfe089471f44abe66f63dfeed54accf7ec588796cd1aabf38f1ad69f690663e6f45178f1f9c718f7213cf918f3c5f0e9271ec4375fb5c69183ebb175d302b46dd500efbef306f6edd9c03ca421d0d71e3fffd0011d3e6f8be347b6a2778f2e2aafc22b2f3e8e1a4cef71a6f3ca4b8f63dd9a992c1b19c867fddee8e8dcf8e8e2aea3f38fa0c49d1ebb91de657c8c07460def83975f788aa2391a89717edce683b06017c4c7fa233d2d1c13c70d45d52a5550fd99c7f1f7fca914a764ac5ef127aa3ffb187a75eb0287b347f0dd57edd1a0feebd8b96d35052f1d192991183b7230aa3df130fe9c351e3627f6a075f3c668dbb2094e1edd853933c6e17ff7df8dfe7d7b2225259ac21a86096306e1391a1133a78da0771c0b1fcfd3e8f8e31768f0d6eb58bf761e0d115fccff730c6ad77c9602da19c1018ef072b7c1f7df7c8adb6fad42e16e841347b7212f3b062386f6a638df8b457f4f4328afe5a7efbfc0dd7754c1f3cf3c80a58ba6a320379906c6143cf7d463eadafaf5fa0331117e18dcbf07eebbeb164c9f3a0a713101888bf6454a5230e2627d90991e86e347b7a0d97b6fe1fe7b6e43974e5fc1dbfd2c3c5d4fe3f38fdbe08336efe1aced01a4a786233121005b372f66dedfc0af9d3ac0c16e2fb7f9c0901bc9f28b44619edefee8dcace8e2aea3f38f20e29e9f13819ccc3024c47a61e4b05e78b1fa9358bc688aea6a2fc88f4771712af2a45b3d3d1273674ec4ddb757a1e8dd8a164d29a0f4bc376f5a86179e7b127f74e9484f39020bfe9a8a871fb80bc306f765da89703a770cdf76f818efbfd700c70e6d87eda9fd68dfb619c5fd3d7aeebb316bea383cf9c8fd98386618d293a391911a8dad1b57a0ce1b2fa347d74e48a0b0ce9f3b9e46c7c39831752832d342989f28180cb11835b20fead57e89f19751dc6df1f5171fe1aeaa55e8fddf85be3d3bc1cfcb1e4307f666fe9ec0dad50b1019ee83ce3f7d833b6faba2e28d1cda1fb111418cdb1d8fffef41721ffaf6f80dd1e17e984443e6c947efc1ece963781d09c8cb92aefe381415a6a8b259b77a2eead6aeaed279faf18798fe22d8d91ea1e1f21e3e68dd04278eec50ddfb4585c9346876a079d377d0b5cb770809b483319fe54e512f2c94d71eda7b786bf74747e7c64617771d9d7f04119562633c4a8a931113e38d41037fc3ebaf3d43719f4aaf330c19f4d64b8ad2e8a94621292198c23d19f7de7d0beebef316547fee618c19d50f73674fa017fc08faf6ea82e48470ecdbbd090ddfae8d0e9f7f086f0f7becdcbe0ef5de7c99c2f623c243bc616b73101f7fd88a5e2fc5fec86ecc993d198f3c740f268e1f454f3613b959c958306f1ad37f0493260c4674a40f06f6ef82c6efbe861d3b9653101395b81714c462d5cad978f9c5273179d268b8b9d8e2b38fdbe1817bef50d4adfd1ad65370070fe881679efa1ffe9a3b459dffb75f7e468de79e42f5679fa031f031562c59808fdab545fd3ab551ebf557791ddd19cf0f4307f5c6e38fdc8bbf174c47a1311545242b234a8d1d2832a6e0f0e1cd78af715ddc4563e7817b6f53ddf1cb16cf45db56cdf0c5a7ede0ec78023959312cbb08ecdfbb162ddeaf839e3dbe4370901df31fa1defd2727f92133354017779d9b145ddc7574fe1144540c59e1c8264989fef484fbe28eaab7e2f147ef33bd1f7e98e1134a64d353233061dc3025ecef37ad874f3e6aceb03e3afdfca512cbee5d7f454a62043cddecd0a5f3b714effad8b67915268e1b8ea7e8d9ce9836965e6c16ecce1c41fb763cb649031cdcb70d53278dc1dd7754a540de83a79f7884711f41cd575fc0f831431011ea056fcfb3f8fedbcfd0b8511decdeb992c218839292546467476035c5bdf61b2f60e4b081707739874ef4ca1bbc555b09ec73d59ec0f7df7c41a16dafd25db6781e62228395b8376ef816a9c73c3464bebbe0c336adf1d947edf156dd3a183658ded72760e488c1ccd76d78e0be7bf16cb547f1ccd38fe2b9671ec3e891bd1113e58d5dbb56e2ad7aafe32365a8bc4503e56ea6fd03cffdbe4afbf8b13d349a32515c9c8e932776e1fd66efa05fdf5f95b81be8b51717c5a3a8889ebd69b4bfb5fba3a37363a38bbb8ece3f82d9732f3426202ad203830674c76baf54a7373e1621412e888f0b426c4c005292c3909b9380e95347e391ffdd8901fd7ec3d4c923286877e1fe7beea008de8a3e3d7f4356ba8c944fc1ace91394b7fcfbaf3fe08fdf7e46abe6ef62efaecd282ca0b8db1e43bbd6cdd1bce9bb3879fc00fe5e3817cf3ef518fad163deba71ad12e67a6fbe86d52b165264231115e1835e3dbae0dd867570f0c006e4e444233343469bc762f3c68568d4a016a64c1c0d87b336f8f2b34f786c2d9e7f123afef82df3771f8d86bb697c3c83954bff4690bf17ba74fa11eddbb6c44fdf7d85b7eabc81375e7d191fb46ec5f3f744e3060d54177d6c5418c68e1a8a87eebf1393278c4074a43f22c23c99176fd5a32123e3c5d068dca826da7fd00ca3470c449b964d51edc987f1bf07eee23534c6b1c33b909d198b8cb4089c3ab113ad5b3646975fbf4660c0591829e819e941c8c90e673ba48bbbcecd8a2eee574879f35e6b8dfa850d8a39eebf1d5ae641e7df46ea40416e2472b3231117e38d51237a51dc9fc6e245d32940c9c8cf4b5414189218270e53268dc6bd77df862183bac1d5f914befbe6530afb2db8f7ce5bd1839e7b767a1c8af233b06bdb5ad47ff355bc54fd69bcf6d2f3f8adf34f888d0ce0b95260737c1f3de5a66847013c72603ba64d1a85871fbc8b9efa30e466a560e6b4f178f47ff7d3e3fe102e4e366ad0def4a923f0628d47f0d79fe3d53b6c190b909b1385f1e306e1d9a71fc1c2f933e1e3e5424ffd73bcf9c62bd8b47135366d58853ab55e45d55baad0d0781c8b6944c44486a0dbefbfa2e1db7531869e79bbd62d71c7adb7e2eb2f3fc7f42913f15ec3b729eedd98d7108c1cd61f8f3d7c0f16fd3d9bc64fba7a7f6e2c48a58192ccffc9d8b96339deaeff1abee9f0319cec4e62d2d8e16aa4ffed3c9fbc73b73b738886531adb97641cdcb71eef36a84b63e75bf8fb9c519ff21517cafb78f9dcb0ecb3a87329cc53055bdb776554a6adb2165a4beb4ab88cf4642d85b2588b775da08b7bc5a81bcc825198feab8a727e418c1252941f0a14f2a128343d1cc5f4188ae260cce5fe7cd35ce2f9f29b71f3c29093e68bfcec60a088e996a67565a19cafd810aaa5cf6d254cd3c81b999b11c8f4631947eec1d5602a0b9dcb4244a5d010a3bee54e8a0fc0989103f0dacbcf62c5d2996ae058417e921aad2e9fa3e565c762c6d431b8e7ce5b306c480fe5952e9a3f0dcf3df530eea85205bdbafe82ecb428d69d24f8badbe2270aed5db7de82179e790c73678c415e06d3c94d5203ec3e6fdf0aad9a36c48943dbd5be471eac8a51c3fa50c853e0e1668baf3e6f8f07efbd1d93c70f5686c5a993bbf161db77d1a2593d1c3eb8497d4bbe75d362d4adfd32befdea13354add8bc77dfff5a7a8f55a0d6cd9b814a94911183ab01beea731f2e2f34f62f9e2d908f677a1a1f12d9a37a9a7fe77fcf16b35206e409fdfb166c57cbcd7e82df4eaf62b4203dd3161cc003cf5d83dea533d23afc9c8b2282e14714f52ecd8ba8c46c26bf8e1ebf63867b31ff6670ee2cb8f5be2eedbaaa8eb733a7b98753c1e4586441c3db0094d28ee5d3b7f073f8fd3eadbf81223d32b4ae43d90496facdf9f9b02739b6589da677ab6a5bd3246b19e86b10d63fb21ff8b655b24ef4b28cbf7c2cf094bf2a334e43fdbb7d2f39443b1219c75d31f86cc00a5097919012862da856c038b79be8adb36c9e3d58abca461999e89fcb2f03c5236062b9496d9f5862eee15a36e380552300b7ca9b887b19287f05a43f860b0000b23e84dc8441cc1c86225cecf93094bd8b853c40bb2035198cb821631e6c3534c434004d9c8b85ae5bb724a0ae5e10c659a51ea3c469ea788bfe5a1ca251754ea2bc2a23c742a8d3480c5f934f00cf1880c73a7b7da1dff7be0367aacf7d1237e0c4f3fa1f1e947ad7068ff06cc99391a8f3c54153dfef81999e991080976418fdfbfc73db752207bfc8e82cc18368a89bca731983266101ebcab0a9abf5b0bfb77aee13397aa268b3979700bbef8b0093e6ed30836477760cef4d178f2913b6958f446664694fae46ef5f23914da9a68def44decddbd16863c1e776c3bba74fe026fbc569d9ef86314f617d0b75747383b1e47be2101f6670fd0db6f8177eabf4ce15fa2c4f8f081cd4ca72e6a3cf73856af9a87f8583f35b0af55f386dcb7118307fca1ae67f68c9138b46f03de6ff236b7f544629c3f460def817b99ffffdd7faf2a0b3967b5271f43fb76efe3080d0cf1c6e55dfb27ed9ac3e1ec2114f0da16cc1e87979f7d1c9f31ceb9937b50c86dc514f7033b56a379a3dae841cf3dd8c75e95451ecb2a35de9fcf008deeebb671fe7f40aebd2c6a9fe9d9663ba11c919258b65d91bcd7c1ac0f416c4b28eadc26755809b9519c100b71b7e082f395414db32c4e0fdb4569f70a69301417b1bdca63bbc936cb5a7b761e6963ffbfc4dd324d6e2b2bee069ec752d0f34ce8e27ea38b3b2dd472c59d1668a158bdc16c5c0395b89714c7d23a95d9ba58b94b12e849f321a1f72e56ac78ed450cc1389a872de22e695d39e2b91b7342909b19a8d22c9673715b112d7203b7953ec8578c4579e8541aad61e47d2e4c84b1200109b13e080e704048a02382188a18c6c705203aca0bc98981484b0d4158b03352928294372fb3cfa5f1776c9807852a00860c3e4fdc2e5e69767a04a2c33d10c763f3733503223f339262168984286fc4d1989099ec72b2631019ee8e440a9d9a952e3f1e7979718889f64254b81b3df040e4e644c3c073c5719b9c3f3ad28b79f355fbd4e77a8532135e8cfa365fae212b3d4ccd2a97cf732627042026d293a13fb299bfb4945024f05c726c52621012784c7a0a8d5de62d917152789d928fd4e4209edf9dc74a3e3c981f6f35902e26d203d98c9b9519c1fc78335de681d757cc3c672507233ec213292c37298b621a1d25f4f20d59516c985c54fe8c8c579015cde781cf41814c75cb67f7ba6d9cff1f906b2f8bda276d5814eb93d429e979a493c0765b1c0571120ad9aee49b3df732225e42a197ff4579dabed27359411c9be222d62f86d246e56705d1c9a1c0b30d9476516b5facb76b1a15a77f29b4570cd2469e479df30271e7397471d7c55dbbd152e1a492b082e66bc22e026fcc0b66a3c76d25f16cc022d94885b0d16485a2f7ae55e69852c1958a2e468074899d17d1cb47ebf2a790179a1e24fe96f4b3537dd56f398fb5e32e0f8bf2d0a934da72a9ac3b454928c893295ae9c91727b30e24b07e8838caf7eda1c8cd924fb7e2d4c03b9906d6c8df125f28629c22c635e6c52af1cea7e865532c0b28b64a60b3b88d181957a6922d294a669d4aa48117cfc697de1843892beffd0d39512afd621a1b3275ab08b6f97c32e56b71710af3464384753d8ff1cd7910245d238f91ed3999e1da36a6a3cec76b923464bb7c272fe7916b34306d49bf90fb64bff9fcf23f3b238cfbc5634c4501af51f6499ae638d919e1141799b6977965b91551b4d5b924be5c4f5aa8ea7e070d1dc8f5aa696e793e968f5c5b09853d9746487e66d875dc38ff3f20d75e168bfdaa1b5ebc7781220cf53a51e609084566ba184be16cbba4975143841d8562b01239fe12e2ae0c83221a67268743ce27e25e2af0dc6ebdcd315371fa97425ba049f26dc29caea5b04b99580a7b59ca94d9f5832eee15a36e7cf9e22e5d4bb959fe6c74d89052bce5dd555e2e3d9b02364c456c748ad86067334e062d5679388a13d81089c74e63209716b36c5315f0ca10cb5abdd7e70354c874f332a5eb9fe993bcac109e5fe6d7b67e6c65b15a2e3a978675a590de8d4c6423efde4b8ae5dd32053587f75c8491ff65e097d41323f74bbc12fe178cf41a44b0657ef60211ff5cde0b399ef5d0c8df22b2b91453d926f10b19bf90c2887cf18664ae76f1fcc5900c631a6244729ba4cded12573ed193b4e47899435ee591db4b0a6914c8dcf2a6df853c56e66f07eb71211b3a41f22cc7e5328d8ce4007a65acc73297bc5c8f29bd02352fbc18203450989e393ff9d96ce4252ed3c848094266aa3c175a9a928691c25ec4638ae51a641e7bb93e1a0f527e59c962b406a97ccb798a68241431be81e5a0ae854654098d0ac9bb9459a16c63feafdfc6f9ff01b9f6b258ec97fa29ed8784d2161989f43a4abb515c2cf58818459cc541e17686f21f8502f7a9af11ca231a796cf7f24d6d9d6a4b547a4c8ba2aab57fe29c5cdce69c4704da5ada95418e350b7c1994a89b615988885bc34a995d3fe8e25e31eac6b38110a480a432a86b3aefb91717334e092b13ad52a9c85919c17c40f840b0b19105304a8a65fe6e195cc707294ffb5fc4740c59d2ed25e26eae84974f9141bad618f27736cf2bd39dcae21e39fc9d9912a004deda719783d572d1a914d290153214c1424922bd538a32ef4d3e05b1208f0d1ceb8184aa8ef0de15c8022cd9d2184aa34b447419e6a607213b9df54a84373792424ec1cfa2f7cb3a6494ff4c4390c6379fdb8d2a4d1a0e6ce404a92332156bb1d415365ae67a23c7ca390b551d929e25a93f144dc6c963dad2f324625c902302ca3498bee45f90ffda423292ef7064a506d2b80c51755fae47e2ca76c9a35c93e44fae29977144fc8bd533225f0c88a112a2f6497a920f394ef25bc463d46fe6538c146508719b2193de1ff3acca4d46c753fc457cd4423d0c8d2c5f29a34b7996373c2c8f8bb0d8af89b78ce5d0c4bd585e2116cb9a0511f4dc0394312a865d8920869ed40196bf84e757e22b0fde131a6d063a3785ac43f9bc8f52a7e43e8b8120e7367faa681db3485b4bbb32988fb796b6a90cca960daf4b17f79b49dcc51b52581777434e3092e3ddd858b2d2d3e29555a9c4b32a2e4a51e29e9112c80746f36864c62cb0c24bc326de936a1c4b2be1e5a31a3ca661108f48cec17445d49537c486f06ad32f7d0874ae0c6938f34540b5f797f25b35a0852c5bf19064a4321bd6bcac60ada785754b3c27e9f62c665cf59b8dadf2aaa44788a87ac6b48bf2a4fed138e439242d858cf7a06722710d4cb3209b69328e31cff49ff9505db1251456c6579e93e4a5249e75351439f2ca88710b790e492b9fde9534f4926691291df1eea4f749f22ce33c240db90e193c2ac8339fcfb40a7279cddcaee58ff03ae43d6bb1ea0ae6f1cc5b66aa9f8a2bc719552f4728a1d0cb75497c753ce3f338757e2903c63337d0d25355c03c49fa329ec5901964cabbf480f078f5bc5ab92f370b2cb30bba9fcb08956644f1de89d82ac34a5604645952cc8b5986d2cb243d45d2eb03b627625cca7fb5ed02212d07b649c9f13e907913546f0f8d323128554f806c53f15837ac62de7fe5c8f528a3d584664c10d5960ba63231532aec2c33e1baae3fa2c3bab8978fbae9666197df65c53d5cbdefce4af753dfd58605dba347b76ff0c2f34fe2f9679e42bd375fc796f5f3e949b3a12b4c66e50e038a53d898c9a8671e6f6423942f8d102be3158451a14ee8dfeb278c1cfa1bc2021d31b47f278c1cf23b1fd07864a5f15ef081b456e92b0fafdb5ab9e8540a1160a38cc3a05016e6d3db36c8004c6e976784a18c5096779c6611cba740e551dca44ec9a748f2b9a4912229fb952120e2cefa671ec721833345d4e41da63994b822824af4649c07cf5ba88e1151a5e7c5ba9b9f2b5f7888371ea6c4549e57090d3cdec8f8f93458e515937a17cb3c4a5e64bba423e34a44b8d5b530ef725d2a2ee3491a054c5bf2a7e272bb9c47b6c9b9a0bc427a70d9326890c6adbccae2b9253d83da2679e3b9783e39567d3265ba4631525439315dd9a6607cf99f4723239fd7acae5175bb8ad72e5ce7edcfd5720971971e1c7975284be61e3db0063fffd006afbefcac5ae0a84dcb7a3873622b9d051a70796c03e5b5474102eb96d46bb60dd276c9eb13d51e5967cbbabf30657c5fb64d0eac63f190818e45b2cc703ed391b119f2eaa4dc36ee6a318bfb79d42b2a81fbb476dd5416e6b229c5a2dc2ccaebfa4217f78a51375a2a813571a7c7c20646dea78b579112ef8da913faa2d97b35e178ee30fcfd1d3179c21035dde7beddabe8e18be5486fba3895bfa3e9e1d382e46f59bb5bf6c99add324848be81cecbd2d6f596302b9de25092ca863a950d588c1a6c9497259e522a82fccfa1f34f9fe08fdf3a308d586d65ad686f15a7d8984411a111c134c46a2ee2c3256b64cb9ad932e0497a17e47daa7a8fcb6b9411dd59e96cf4b94de215c88347e3405db7b5b2d1b924cab3a6882943d0d4d3a3420b649f19f59ac71c474213658fd7e29a391faf34aefa6d715ed33117a463796ce9b60b7f971ea3fe3354bfcfffbf20bdd27865f26b711e2d2d11652dfe85f1b46da5bf4b316d33c537a7a130fd2f16e382712edcaf8bfb79913263122bd596b1fd11e39f5efbee6d8bd1b07e4d74fdb5031c1d0fc1d3ed247ef856d60478164e4e87d966b07d90b649da2fb62b391934dc189694a4234d06789abee250dbd98e485b56cc70eac441e8f1c737080b75637b17a5da28e9d12c629b274b0d9794a4b19d93f646da3f8abf41a030b3ad93f464e541d92f6b30c87e6913e5fc25c569cc93bc3a9276504b4756132ce2794b98beec97e3649067111da90219904aa3a440c692f09a73e96ca9f10382f2e4cd65524e795d97e8e25e31ea865b13770d6940a48b52ba01a3c39cf0f5e7cdd4529a9969325a3e0621c1eef8b6c307183e4496baf456df120f1df48712e6a8302ff4efd309c30677a320fb6070ffdfd0bac5dba8fe6c35f5bd71ffdebf5098a3111deda7e2356f5217b55e7b0a756a55479f9e3f233adc8be2ee80ce3f7f86c103ba2034d0153dba7d8f71a3fbb242a722c0d71e1d3e6f817a6fd640ad9a2f62cca89eca98080976c2efbf7e8116cdeae285e79fc64fdfb7879ff7197cd3a125e356c7ebaf3c8f7ebd7f520f4b36c55e5dbbb5b2d1a904525fb45e1e9d7f1b29f7ebb971fe7fa03cb152ed59ac1a272186fd0fdfb4c51fbf7e091f2f1b64a4875254a3d4278e3ffff01176ed58017f1f3b351fc3f225b390911aa69601fef2b3e66a42a6d49430cc9a31524d6b2ceb20bcd7a8965a2278c3daf978f38d1a78e8febbd58c8941014edc7e065f7cfa3e5e7db11a5eaa510d13c70d4662422062a37cf061dba6f8eaf3d66cfb5ec2cb2f54c3bad57f61eeacd14cb726de67db277327c80a8af2f964273a34b22471add79fc6d851bdd5e79446630a7e645b56f3d567f0ca4bd598bf1670713c8aee5dbfc1ab2f3dcfb8b246c3d7080b71545fa6c8d80d25f0ca9bbf44795d97e8e25e31971077e5b9cb08f5a20424447b6240af8e78b17a358c19d147cdd2959b154f11f64124853c3e36087f74f916bf76ec40ef3d0311211efcfd253afef01962a2fcf0cd971fe285e7aaf1b8b9d8b261091abdfd3a664f1f8dd02037b46efe365e7ff969cc9f3b11c70fefc0fbefd5c5bcd913101eea41cffd73f4eaf63382fc9cf0ddd71fa899c3e47c2386f4e443d5107b77adc6aeed2bd1be5d232c9837019e7cf03e68d3006d5abec5ca7f5c3db82b96ce568b82d8daecc1968d8bd1b8e16bd8be65298d9024eddaad958d4e25308bbbceb5411777ab62651277f9b2203adc05cd1ad5c79c692329d414767ad73205707e6e22126303919e1c8eb4a430b639ef60daa4e16a5b4a42081a37a88f3f674dc0ae6dab50ffcdd7d96efda96629fce4c3a61832a02bbcdd6d55d8fdf71f606f7b98ce8603dbb177f1fb2fdfc0c5d906eb562d44bddaaf60dba665f0f6b045c3b75e43abf7df52cb168f1f3d0075dea8ae8ef7f4b04383faafa3ebafdf228ee71e36b83bcffd3adbc1ed38726033deaefb32664d1b4de7c9072d9bd5e7ff9770d6e600e2e302e9688dc25bf55ec4f1a3db71f0c07abc5daf3a162f9c80c4386fe5d19f7fef7f89f2ba2ed1c5bd622ee9b9f35a65f04eb174fdc4c0cfe30c268e1d8ccf3f6e81271e7990825c5d4dc999911a097f6f0755413bfff4058af253d583f0d3779fe0979fbf444c74007efefe330a6e23e4e62621212e9806425fb46dd990468027bafdf63dbefcb4151faa5004fa3a6150bfdf558f40808fa34aa3778f4e08653c11fa2103fe808bc3097cdafe7d4c9e30542d4a2296f688a1dd94251e14e8acc26ebf7f83b4e4105acdde98367918bdf827f8300c8787eb49651d67a4ca002be9ded4c5fdcab9b0bee8fcdbe8e26e55ac4ce22e03e56c4f6ea3b8bf8e8dabff44529c3fb2d2d96e17a63294711f496ccb53e1e37196cec61b58386faa1276e9756c50bf0ee6cc18a7c4bd5eed17e99c7c80bd3bd7aa1ec4383a2bf93c76dae4e16cbbbe536dd386357fe39d7aafe2d4b1dd301a52901c1f82efbe6a8f9e7ffca4a64dae5beb353a2c93909a18864deb16d3bb7f12e7ce1e611b148b1e5d7f50e988c150ffcd373063ca28e6350859695174627aa87d31d1feca091ad4ef37b691e29da761e68cd178b3d6f3e8dff757b67b4e6a82a6cc8c08b66d2128526308e22e14f71baafee8e25e314ad02db9b8b1966f36f3b264a0533c3253c258796258b903e0ee7c06eb572fc67b0ddfc490813d101d15888e3f7e89df7ffd0ec545d9888ef047f7ae3f51647f84bbab2d05fa178c1ed11f869c64a4a746d3cb9e8efa756a213cc48b717ea2c5da8be749a4751d85b9b326a15183b7101ee68b2e9dbe41d72e3fc0d7cb113f7cfba98aebec6883271fbb0f4f3ff9205e7af1593cf7cc5378ec91fbd1ac4943040538a3d3cf9fe18faedf331f19c83724c1d5f9247efbf56bc67b08afbcf4143effb4058e1edaaabdc3d207d55d39525fae16d5c05c21d6d2bbdeb0765d978595fb72b3a0043d9c44987e9bcac324eef2496262b4179a377e074b174c47461adb338aa22ca75b4807c440efbda8305dad5ed8a8413db63b13111eea89580a69d3c6f5306fee2404f83961e9e25968d3aa219e7fe6493478bb26e6ce1e8fe4a470cc9c3e169d7eea8090602fac5cf6171ad240b03f7b0cd919f26e3d0ddf7ef511c5bd23c5fd046ad77c9d5ef56c64a6c761ddea45684dc7c6c3ed8c3212bafdfe3dba52c0651dff3ab55fc2138f3d84e79fad86176b3c83871f7a80ed5a3d389c3b8a2f3f6b85c1f4f6a527348f4e4d3a9daa41037ec7cb2f3eaedac0a6efbd89b3b67bd9e6f1da651e06b66dda403b19882998dbf51be1b58e2eee1573097117cf5ddedd48174f88bf3d9abdfb260eeddb821c56de02432642023cd482218d1ad4466c6c083afffc15bd667aee8559f0f7715695fbb75fbf4778b81f7efcee33b53f8bc726254660e4b07e68def41d04f9bba9637ea6615064cca4a71da896cafcf8c31670a30121fbfaf6fe0d114ca3071f14117a178afbe79fb4c6948923e0e56147cbd98b0fa133f310a4c4fd974e5fa25f9f5f94b01715cae09478b5f468688807b66c5a8ada6f3ca7c4de902d155e17f72be6a2fa7305584bb7b2584bef7ac3da75e95402b6519710f762431cf2b3a2f0c3576d31b077277ae49ec8a42066d341494f8e60dbf229268e1f0c2787e314edba983665349292c2e0ed750ef5eabc81bf17cc401ae327d08b8e8e0ea0c01ec3f7df7ec4f6e379d89cdc8749e3872aa7c5c7d3012b97cfa780d78023855cdabf92e21c3a3adf2b67e4e4b1bd78e3b55728ee7390ccb66feba6956a55406f6f07b55a609f5e9df1e5e7ad95b8bf59eb65cc9f370dfe6ccffc7d9d10c2b62d8ec687212f191f7ff43e060ffc837994af5434e3245596368ef4657ef6a26deb866c473f667c2fc837f8da244de589bba08bfb4d2aeef2c98d695046511262c2dcf0e3371faaee700f97b3c84a8dc7c9a3fbf07e93773071dc304484f9a167b75ff06e833711e8ef8eed5bd6aa8123bf76fa0ec1019e6a152da9e0ae4eb6f4e4edd0be5d730ceadf839ebb0f2dd20f51f3d597616b7304ce0ea7d1a259438c1b3d04c1815ef8e97b8a7bafdff90039d173ff5c1d1316ec835f3a7e8b6f3ab4471805dbcfc79e0f5d7b0c19dc8d626f8b2ebf7c853ebd3b33dfe9888b0bc49851fdf05587768cebce73dba8fd3f7cf7111fc2645ddcaf065567a421d5b93694b91f37156ca32e21eeda54c509d8ba7e211ad5afa98dd789f045567a2c860dea815aaf3f877d7b36a836a471a37af8b5f3d7f0f6b4c3aa15f350e3f96730879efcfab57fe3b34f5a60d38625484b8bc2dc3913f056bd97e1ec6c8359d3c7e1fb6f3e536d5380af1bead47a9d823f12bedeced8b77b0bde7ce3253a2a23e9c078a03e8d85d52b16212d39069b37ac44e3867594e79e9315876e5d7fc0ef5dbe4564a41fbefeea03b4ffa0095c5d6c542f42c79f3ec7c0febf239adebaf41ef4ecfe33121365ee8474cc9f3f1d5f7ed90e9eeeb6ca81f9ec93e6e8d1ed07c4c77853f8a320cb039715770ded4b0cf9acf2e272bd5ed0c5bd622e1076c152dc4d15c2180759b7bb302f06be1e67f0e5c72df0c2734fe2a5e79f43edd7ababf7e551613eb48423616f7b04afbf5c8d3c8756efbf8d362d1aa04be76f54a59577ee756bbd80d75eaa869aafbc88eebfff88b0207744847ae1bbafdbe3cd9ad56911d7e0fe1ae8f4d317f4e0fdf9c038a9017ab296b578dd3f7fffa9fa2dd6ae7c8ed7a66503d478ee691a0dcfd2937f1fbe5e67e9c13b28eb75f0c0dfd4a729d999d170b43f8a56cddf51716514aa8c343d736a37f7cb77c5ac189665a25379549d91311b3ad78632f7e3a6826d95127411f672c49d14cae7b5696158fcd7243469f03a5eaef10c6ab27d7aafc11b58bf7a01db195f7ac549d8b8ee6fbc5df735357f4787cfda327c440da88b8ef2c180be5dd488f4179e7f16b56a3e87658b662291defc9e1deb50e78d97f1c987cde9d0b8e2d0feadaabbbd564dc6adfe189d92ceaadd0a0e725383eba64f1e454f3b02bbb6ad41e30635e14b43a2b8280d9d3b7ea146c807f83ac2cfdb0e9f7fdc1c2fd57816359e7d1aef357a830ec969e466c7e2e30f9ba8d517a3237cd82627c2c78b4ed207efb13d7d162fbdf01cde79eb159cb3ddc7764d66574c5003ead444602c935271a77ea955ec045ddc6f367137c3ff44550a5955483d2851888ff440a8bfbdeaa60f0f7240729c8f9aac41c8cf8e446488939ad4213acc0531e1ae880c754674b427bafef219860feea28e0909704004e3c9840f91212e34003ec798e1dd11e86b076ff7d3eaf311632ed363258d8b74473c8f9755e862c21c9014e70e59c6d1901dc007d389699de5f9ec111fe5ae5e21c87bb684680ff55dbe4c8b2ab34ec94c54b111ae8c7b8e06853dd37453f380cb14a5727d1794894ee5b9a0eee85c13acdd979b0569afcaa2b66ba8efbc0df29d378dfc9420c4b02d0af53fa7daafe85017e4a487aa11f5b2c6414e7a08a2b85fda8858b60f11c10e484ff267bb16c3b6c4476bb778ac6ccf4a0b56ce4e2e8d86a86057a6eb8602f9ce3d330251e12e080d66fb18741629c9bef4a865e2a6701e7f8e6d942b1d933824c77a232a428e91579f714888f1546d96b49f921f69cb42d9a6c9f964b4bfcc9827422ded564a828fe9bf4cf9adb58fd2de4abea3c29c55bb66394afe42c499b9908bcaf4ba4117f7ff1f2c1a13b51a9819eeab9818c8822fa1fe67d0fb8f2f307d626f3e303eb42a636164859739c82359797fffe513cc9f3b524d312b13d0c8a218b2d0862c0c22dd4a3293975abc46d694cf0b8421cb1bd9a9aebc17bcb9aa7bc9dab92b87d5ebd5d1d1b9fe31b55957de7e5580a447e13fbf36876c136d906995c31525c591c8c9f643a15a958e826c08a5a7ced01845c3200045320ffdd5e6e312582d971b025ddcaf29f2ce5ee6cace27b1e18e484ba4976fa44529abb915c543e6c9ce48f1a3f5e9a226c9494bf26385d42c52f98c45e68f97853a72d2653e790a3c6fa4505c2c0f096f6a91796088f5f3ebe8e8e8fc6394ced54e94486bddde45466a03292ee46f3a24e6e986d57e5933c1400f5dd645c8935709a6b4742e135ddcaf2922ee451476b524a2ace25528cb65862964a958594c44add4c5b84522e4147419bc275deb3969bc71f9daca5ab27a96cc035e9c1fc2872410002dde62591482bf791fca9e57474747e71fc78ab8cbba0a668ad966c91a03391981aa07d3901dcc362c028539e1aaf75279d6bab85f21bab85f7364ed64117811f4bc0ca9dcd24515afb61752d80d1478594ab6a8305eadaa24eb62cbc230b2088d74d1cba234b2b2138ae5189978221079d9be286058a8c45dbf073a3a3ad7003588cf04db2125ee05b2b605db305904a83816d9594128288841494902b2d382b85f7b1f9e9f69f2dcada5ab53097471bfa614d263cf4c96ae7619bd4931170f9ebf0be8b567a7cb52b1b2e6b16600c81cf685064dd813633ce1ea70402df422ebc6cb7ac9b226b62c072aab8d19f37823e59d162d635ddc757474ae0916e25e2aecdc5e68d4508e8d4cdd1deb05bbb33b91914e312a4e421edb35199c7cd32fd97b55e8e27e4d112197a562c55397ae79e98a5782ce4aad849e825e20eb5bab0173b23ebbb6629b21371a678e6f47cfdfbf46429caf9a4ad190138e9c2c393e910680ac2a17aede63598eecd7d1d1d1f9d750c2ae7d67af75c98bd72ec2ae0d2436d243cfcd89c082bfc662e9a24948490e5423d93312fcd986c5594f53a792e8e27e4d5103ea0c2cafc258e5adab2e79a9f87932d82456ed9711a6d28595434fdec03852e9f3b22210e0770e5f7dda0c03fa76445c8c0fe3c8f2ae1474e9d62a4e50efe78df4f46fec11a13a3a3aff5994b88bb09bc49ddb346197c569e2504021dfb77735ead67e0587f66f509fd019a40d93e55db3d92eb26db49aae4e25d0c5fd9aa289b726c0e62e28f36f2da4b0e786a2484693e68651f423d52879991b39c8df1e93270cc6d34ffc0ffdfa74427a6a183dfa58e46447a3b8381986bc18180c4ca328413d24c61c393e02902e7ea62deff8cbe647474747e7ff8dc21835404e7dfd5318af5e23ca72abe288e41724e0d8f16d78e79d37d5dcf0fe3eb6c84ee3fe82783a31a21db2a88b9534752a892eeeff6134afbda450de57c9c40b2c4f8ab34c3a535c9482ccb470ecdcba0a7756bd05359e7f183d7bfc8cacac181414a42023331279867835e02e3f275c09bb3a9688e120efefcdbfad9f5b474747e7ea9036263f2b0499a901ea75a2887a6141227273e3b179cb32b46ad50077df7307860de981c48400e4d15b9789b50a19577a31ada5a953597471ff0f23959be557c4303f8c421ca126b6c9cb9241778914f834b8399dc2334fff0f77de7e0b9e7afc7efcfefbf7c8c94d4066762c0ab9df286b16ab25694d88056dea1590874744dffab975747474ae0ee965946ef602833824a9c8cc88426e763c162d9a8537de780577dd753b6ebbad0ab66e5e81dc1c1a034659704b16e2a2939227af2975fdb8727471ff0f23a24eef9a656acc0950e22eefacf232c3680d539c8d29880cf5c6f7df7c8a5b6ea982aa55abe091c71e4497df7e4268b80f8a8ab351604ce2c322c7c8bb2cde1b0aba0cd49351f532704feff6d2d1d1f947c88f5653bd16d11129294ca15827a9352f66cc1887975e7c1e77dc711bc5fd56bcf6da733867770459998c5b9408435e180d01538fa51277dd83bf327471ff0f6312777aedc69c40c0484b5806cae5c9a772d1301a12919a1886f97f4ec3edb757c16d556fc1830fdd83ff3d7c3fda7dd81a7e81ee484be703522c0f55340c1478f1dcc54030e646004ccbfa7975747474ae120a8a51c6ff14a651a8d3909210861143faa046f5a771cfdd5571ebad55700bf9e2cb0f1014ec466f3d49b56f863c3a2239fe4ae055cfa52eee57882eeeff61a4528b052b333605a0d820dfadcb0234f22e2b0e850549c8cd4ec0b1c37b54d7d65df2c050e06fbba30aeebef70e346bfe1ef61fd88c8c54de543e3432fa1ea6cfe9d48c78326a95a1f573ebe8e8e85c051414f1d80d59f1f0f5b0c7b75f7d8cc71e7e0877d263bf95ed55955b34264e1a8984a41014d109c93784a1d028ddf8fed40e0ad375bfa6fab54417f7ff3052a9c5730f51e25e94c707202f825e7b04859e1ebc311586dc2478ba9fc3cb2f3faface05be4a16158859efced77de8e3a755fc7fcb9a31017e9acbae6c56397c17446194c27efe0ad9e57474747e72a1141a1c77e64df56347faf11eebfe72edc4e31bfa50adba63baae2cebbaae2ee7baa622ff7a76746c1a0be790fd6bae48b825090e70b994e5b17f72b4517f7ff30acd4aa5b5ede9513993b9edb64d956995fbed89806033df7403f57b46ade58bd731781af7ac72da87afb2dca2abeefbe3bf1e337ad1115eac0f8716a109d4ceda8bead2fd23c78ebe7d6d1d1d1b90af2639195128e6103bae3c9871fc0dd6c93eea2d321e27e2bdba65b6fbd0577dc790becec8e2227370685450990c9b70c326d767e00db27b679bae77e15e8e2fe1f461377e487f2b720a3e469d5aa451844a865c19844c484f9a0e7ef9d70071f9adb48553e387755bd0d6fbcf232664e1e8d884047184d6b181b736422893835bda3ac2e27df9e5e744e75cf2cb1dcafa3a3a363c248d16028f36808aa2750b6096c6f72d2221115e1879d5bd7a2f6eb35e8bdd3f1a00372d71d6ca718befdd6cbf0f23c85023a1cb2a67b2135c3c8b62e37db0f45456cfb8cb2e8952eee57862eeeff61a4524be596cfd5347157622bab24f1c19115e14a4c83ea664c18897b6ebb158fde7737eebef5563cf3c8fff0fd179f212d81f7222f01284ae47d4960fc583e84b2febbf6d9497e56d94fe17471d7d1d1b90c28e4eaf35ad52ba86d93df6a6c903105d99971c84e8fc1f4c92350e3d947703b455d715b157cd3a135c242ecd578a07c992e5b3483829e9713a889bb6a7f7471bf327471ff0f6329ee82a9b29bc45d79efb97c7092c37170e7063c70fb6d685caf2616ce9e862e3f7c8bb76bd5c4b9930761cc9259a2e2d4748e2505f14ae02594c566725265d5b8b2e7348bba19cbfd3a3a3a3a1aa5822e9eba0cd865281ebc8c0d92952a0b72e29047718f89f0c547ed9ae0ad3a2f61d5f2b9e8dfa7331e7fe4418c1dd50b49893e28298aa5a88b3120f3cf4752e4c394072f3d95d6ceab53197471ff0f63165af1d84d5ebba0c45dd0bcf7424302427d1db168ee1404fbbb213d211cc7f66ec5ebd59f41878fdac1982da3e2a39195c29b2be22ec2ceff253c5e3eabb37e4e4bcac6d1d1d1d1b11077117681bf4bbbe8d9bec85c1cc545e958386f0a9eabf618a64f1981e8080fe28e2d1bff869ded2eb5d85521db9d6299aab65056bd8c5083ea8c068abb3e89cd55a08bfb7f1cb3f76eeea23295a749e04b0c3128a2501764452235ce1fc61c3e500549488cf4c6913d1b70e2e0563e7c328944a212f4c23cf93c2591821f89fc2c1a0c4565bf75d7c55d4747a7725ce0b99bff0b22f44589f4da29d6c6548405ba62c5a299080b76a533124ff14e519fe86691821cf1f229e872bcacf36e0883acf36e945017f7ab4017f7ff381588ad88bb502016b2aca224e51d8f7c0a77416e14329302919b1e869cb410e46484314e82d6355f948422432cf233e5e1d11eca4a9d4f474747c71211755357bce6ad53d8655b511cb7c7a1c89844e18e8721331a1929b2284c2272d916c91cf3256cb38a65112cb3b8ab63a3609469678b6350981fae8bfb55a18bfb7f1c11dbb298b76be25bc407203733444d4e2316b3910f494eba7c4a1287acf4601cd9bb1aeb57cc446672a0f2d8215df3f97cf0f2e8c9f3c1baf87c5abae7b1dcafa3a3a36382ed8d08babc6357e22ec2ce6d45fc6dc80cc5fe1d2bb061d55c24c5fb53c463b85dc6fa242025d10fc65cb62dc589306487d308a098cbf185d1c8cf655b46ed10246dabe7d5a904bab85fa79c1761b16e45e065d538a33c18f9617c88e8951784233acc01837aff8ce6efbe05e7b37bf910ca03168b3c5acfb2a883eeb9ebe8e85c3126af5d66ba54e2aebae3e3d43a16a971def8e68bf7f1c907efc0c7fd240a72e4bd7a12453e0af979fc2d6d4fa12cefca63e99828712f8a8121275879efa22325a5ce8ccee5a38bfb758a5984c5f3d606dcc91cf46ab21bf96cce28835142919f1588c37b56e1856af7a3e3b71fa82eb1227aed22eec6823864a7e8a3e5757474ae0c99044b3e633387284950222deb57cc9936102f3efb3f8643e8a9fb338ebc8be7fe3c59f44a06f552270c147922efed55973e4359094e16c9d246caebe27ee5e8e27e9d72b1b8abcfe528eaa5a84f492290480b7aecb06ea8f9e29358bd642af232c395f59c9e24f337f381b49aae2596fb757474743444d03352fcd432ad596901f4ce656c4f0c82fd4fa375b3bae8f07153b8d8ed85d1205fecc83bf578359156b14ca0c56d253cce5abae7db1e5ddcaf1c5ddcaf53ca11f732141b2260c80cc3b9533b51e7b527f1d5274d91a1ace86814c83b7779ef65355d4b2cf7ebe8e8e898284e404eba4c171ba590ee75594eba6ff70e78ea91bbb16ec50c64a607a96d4579d2ed2ee24e2fbf405e0712f9eac75abaaa1d32636dbfcea5d1c5fd3ac5528445e0ada3bab98a1291911682457f8ec7abd59fc28695b3d467713252d5982d464179e99ab1dcafa3a3a3a361c80c4101055a8d7427f2ae3d2cd0162d9bd444bf1edf2242d6b4a0a0e76787aa417725c5f16ab09d78f732425e1f30f74fa28bfb758ad9aaad003e38c5f4ce65204b617e1ca2829d70f2d066c484bbaaffe2d117e694bd3f72aca5b0ebf74f4747c73a32ca3d8f825e442f5c2d476d8c456e46104e1c5a8bf0603b146487b00d8a404156b01277149aa6aae57146b58fed8b78ef1561e5bc3a954117f7eb1ff5104817575962f9f068b3d3c9bcf246f9b63d5bac66ed7bf7ec34de787de1181d1d9d2b264609ba08bb88ba78e8d2352fefdf0bb9af50dec1cb973c6c574a0cf4d405fe9776a63897fb7471ff07d1c5fd3f8ea5d85a6c5715ff4221bf1819b42253ccd25aa6a08bc81b32c2e06a7f00fdba7f8b7ddb97709f459a0a5ddc7574742a49511c92e3bd906f884268c01974eff20936ae9985f4143f1828f485e29d17325e8974c353f873b529658bf364854bad2b1f22f62a643c6b583baf4e25d0c5fd3f4e45e27eb1989745ad0227dfb653c473e9a9cb6f37e7236858b7063effb0055262bdf880c92c7766f8c0f1bec937f21afafdbb1ab43295857aae141a66578db5742b8bb5f4ae25cc93d46bab58cbb3f5fba25339ceb70b6561d98a60b0bc0bd4e8f7588c1ad205d59fba1ffb772c453e3d72790f2fe22e9fb58980176405a901be2546992e9b6d51a11caf8bfb3f872eeeff7144dccd586cb7f6105c24f67c00e51b523e50f25015e6ca08fa6864a40662f15f13f1ec130f61f2f83e28294a4421b7e7ca7b31b9674699312a14c67c568c22994842bf87e5a156bf327dd72b137948a36760989b1ea866ea0a0d72c0dc99a3d1e1b3b678af617d7c42836af182a9488a6743674c454a7c3016fc39154d1ad547d377eba309e3bcff5e7d7cf1490bac5c321b996911c8cb8de53d0b86b7c7494c1adf171fb46984268cdbae75438c19d11d9e6ec751901bc3672e81f98847428c37e6cd198516cdea63ec88fe880c71e7fe78187313e0e6741c03fbfe822f3e7e1fdb362f557908097062bc3ee8faeb37b03db5071e2ea7d0bf5717f4effd1b5c1c8e62c1bc292a7f0ac92343b99699d346223eda4bbdeec9cb8ec4caa5d3d1be6d430c1ef0abca53b131119b372ec427ed9ba079535e5f63ed3841ae73fedc49387270237a74fd01430776e5794f30ad04c4c7f862d9a2e92c83d6ea7c1ff27aa74e1a88203f07a69986acb4584c1e37024d1abc85d953c7330ff2c96716cfff273ef9a02936afff1b7959724f28f84aecaddf3b9d8a51224e2136e687b3dc59bfd9061965305c5102f273f95b7db79ec4fa1f8f6307d7a1f13b2fe39bcf9ac3dfe304db8f3825ee4acc4de26e9e9e56d256bfd57944d4cdf0bf354cf9d1b95c7471bf31b0f650f081519341c88c75f921c8cfe68da6e0e46787c3dde930bef9bc15de6b501367cfec464971120a284c7979a1282a8c80c11084028abbb14066bad3ef61794863a53ef3215a6326ab5951588c310809b4a3907641f3260d317dca589c3a7e080b17cc46abe68dd1b35b17f8fbba2239311223870dc073d51ec7f0a1fd617be638766e5b8f1fbffd128ddea943015e817c43223c3d6cd0bbc78f68d7e61dfc39673c4e9fdac7701c5ab76c88de3d7f415080031be1441a63a938677700ed3f68863baa5641f366efe0f081ad2830a4d253cae4ef6d78af513ddc7dc76df8a5e3b7080ef280afb723beffe6730ae9db3872603becce1ca6a0be4fe3a129ce9cde8fb0500f9cb1d98f53277663d1826968d4a02e1e7ff47ecc9d3d167939b14a9023c2dcf1c76f3fe0cedb6f41f5e71ec5f2a533b82f0e51115e7072388eadbc8e8fdb3747e3866fe2ef8533799d87593e6e3872682bcba321dab76bca6d0791921c8eb1a307a2558b86341e46f39c7bb08086689b568d79fdbfc2dbd311192909e8fedb6fb8fdd65bf1eedbef60f7f6ed14f30ccc9a3e09d59e7c14d3a68c427626eb7e5112db221178ebf74ea76294b817cad736341c8b6351688c42765628db097aebf2ba8fc6644e4624b252c2d0e9870ff1c62b8fe3f0fe75346e192f3d440dd6d5c4dc8cf5f3e8fc53e8e27e036321eebc2f4679df55c487342f0a992901d8b661216abef4187a75ff0e399911c894d1f385f114f71814f1812e2ce47de4c3ad4f015931b29a9582825e901d0a635ea49ad463fba6f96858ff45f4fca3133d782f64672420213614e3c70cc5dbf56a62f58a05888b0ec2c07e3df1ea4bd5b174d11ce46425223d258642351ecf3ff328268e1bcc06358646c134d47df3454c993c14a96c4c8d05c9484e0aa5e89f85a7bb2d5293798f0bd31837168bff9e8eb7ebbf8a176b3c816a4f3d8cc913c7d04048e33d4ea0a7bc036d5bbd8707efbb1d2fbff034bdf269f070b3c38fdf7540b3f71ae2d8e15d3873ea203e68d3146d5abe8b13c776228f5e7f6e761c32d323317dea48a6fb247a74fb097e3ee7685024b3314fa087be048d1bd5428de71fc3b3d5fe877e7dba203aca8ff5275d1119ee8d5f3a7d4bd16e84a387b7c3904763d2908c4307b6a05993b7f119bd743bdbc338b06f13de6ffa167eeff23d02fc9d6824a5203d350ca346f6c59bb55ec0fab54b583ef1f8ad7327dc55b52a1eb8f75e74e9d4099eae2e9836793c9e7ae211cc9b3b55954f7e2eef47aed943d4b95ca4dc94d74e61cf65db613084131ab28589dc968cbcec68d6ab046c5c331fafbdf00c268cea8ba4682f24c57a2397e22e8695b57475fe2d7471bf81115196f7e7146d43300a792f0cf20eac38818d660242fded31a0d74ff8eeebb66a6107436e1c053d0939f4ec0b5819f2e981e6cbb7a856d3d611ccddf22545dadcd86a862efe4e4af0c284d13d51af760d2c5f32975e4f26c52c0d0579a9d8bc61396abd5e9d1e7b5fc4460562c4d0be78fd95e7b074f15c0a690ac243bc31a87f4f8afbe3f48ec7d32b77c61fbfff482ffc6d0ae33625a88505294a7073882ca929c8bad921416ee8fe4747bcf3d61b0c7fc0fb4ddec20fdf7e462176e6bdcdc2c913fbe929bf873babde42effd567cd3e1136cddb49275e00b346ddc0087f66fc389a37be8b537a1b837a6e7bc97e762fa64fbd615a857e715bc4bef7bcfeef5c8ca88a6771eafc47dd284c178a1fa23e8dcf10b74f8a20dbefcbc354e1edf8d8cb4281a2ce2c1fbe0d7cedfa375cbf770ecc80ed6ad14d6b114f5bb79b3468cff011ced8f61d488814ce7491a2833d4b5656746232b3312fbf7ae4593c6f53074705f7afcdee8d9ed37dc7ff79db8efae3bf0728dead8b07605264f1885a79f781873664de079294432d64475cd5bbf773a15a3c49d825e4081cfcc0c543d7b4545f1bc1fe1341423590f69a0e52560c1dcf1f8fab39670b63b8082ac08d5655f4c272127836d8e7cfe56265d9d7f0b5ddc6f602cc43d3f9816b74c32110414cafb303e7c6961ea7dacbf9f2372e9f1e5e7255224d8e88ad793271e7c0a1f6e7d5052454837bc60feadbae8e9c147049d45ff9e3fe3ad3aaf61ebc66530e424b28ce3919f938443fbb6e09dfaaf2b8f3ec8cf0583fa75c543f7dd81575faca1bce7268deaa005bdd7c9e3872232d40b0e678fe0f38f5be08b4f5ac1d5f12492e343307fee64b469d1102d9b35c44fdf7f4951dec27b9c82e32296f484bffbea139ca630f7eff31b1abc550b3bb7ae83312f1d07f76c43e377e4bdf93b68d7aa1985b11a3afff4353e6ad702cddfa3b8efdd06db9387d0be4d737cd8a619857e373de548d89cd8832f3f6b8306ccf78a65f3909c1846814e66039f0a5f2f7b6540b46cd600bbb6ada6b1d293c6cbb358bde22fb5bfd09886187af1bf76fc0e2d28e4a728fac54519dc978213cc6f8ba68df0f1872de178ee2806f4ed81679efc1f562d9b4b632889064932c52402fb76af417396c91fbffd045f0f27f4e8da050fdd7b375abfdf04756bd5c42f3f7d8f1fbffd1c4f3e7a1f664d1fa5ad4296170bb53852997ba65339a4dc64d6b9a2c258de8738e4e753eca54b3e3f1646a3dcfb44d6f744c4457a23d0db96f59b86807c6a4bcfde901dc6fb77fe1dbbceb54017f71b18ad5bbe383f94f721949e25459edbc4bb94b9e58bf9809650c84b0ad39147e1910638373b1169a9f210a7d3e3a2c0cb7b5c5aecd6d3d751937118a2589e61aa474496db956f7d13a25c306a4877d479fd456c5abb90fb1358b632d7400a85761545ff258afaef888f0ec0c8a1fd50fd9927e8c9f7c3944923f1e2f38fe33d7ac77b776fe0fd4a839bd3297cfd457b7cd0ba19ec6d0fd35b4a8687db596c5cbb8882f915eabc5103cb17cfe63912b178c174bcf6d2d31833a21fd29323b060de541a0dd5306de268e4a427c2e6d8017cd0aa295a5250870ee845917f1bafbef03c5e7fe939346d545f89bf83ed097cd4b615c5bd39ce9e3e047f1f4774fbed67a6f32ca64d1e89b4b468752d79a488f95bb76a015e7fb93a06f4e94e510dc10e0a7ca3b76ba1ebaf3f22d8df99f52e1961c1ee3422bea290bf4de3661385208ec646120eeedd4863a41ebefcb4356c4fedc39081ddf07c358afb8a793c070d4e433ccb341e7b76ae449b966fa177f79f69e0d830ed9f70ff5db761c2e8a118d0bb3b5ee1353cfdf84378f0be5b3177d6587afdf420f3a258de7ab7fc9522e5969f1b8eeccc108a7b3c32334268f8c72971cfc98c52031f53e203680024b1ce47a3801ebbac3859c0b237f279d067a0bbd6e8e27e0323e21ece074e269688a0a8f3e6aa77eeb2febbace294c287320e093101f86bce147a5f1d10e4ef89b4e458ecdfbb1d93c68d404880331ff2582b69eb28e8d5c8fb75f9a617482c15f7dccc60ac5a3205f56b3d8bc91306b0acd3e8d1a7222b3d0a0be74dc64b351ec1a811bd90101788a1037ba2e62bcf63f5cabf1014e0822e9dbec5ffeebf177d7afe86d8687fe5394f183308f56abf8435e20dd340108f3826ca1f83fbf7a0b8bf848deb162334c85d09eabd7756a581f00cde7faf21d3ad8107eeb91d5f7ffe210d8363387e7817dab66caa38b8670ba64f1e8de79e7e0cf7dc51558d623fb8772be31d45fbb62d95b86fdbb402c306f5c10bcf3d89817dbb2238c015591477432e1b741a19a9f4e0470eed85fbefae4a03a51a9abedb90f9791d0f3f701f9a357e0787f76fa6d1118f88103774faa9035ab76888532776d11b4ca5c0c7e0d0fe0d68f57e0374f8bc0deccf1ec0c2bf26e1d597aa61fc98c1484d09455e8ebcd78dc5d2c553f1dacb4f63dce8418889f043f7df3baade8e250b67e3d8c11d3c6f035e7715dc7d47151a20232848acdf45096c87acdc339d4a21e22e5f7e8898e71ba23175ca402c5d321589098148880d40cf3f7e40ef6edf23c4df916d8a2cf32a5fd9d080559fc6f1783e1bba61752dd1c5fd06e6bcb897148b17c3c6523e772b8c436e86089078ef32082b1e5b36ac6023ff38befafc6336e603d890bec4c6b911bcdd787fe5b33aabe9eb9476c51379e7ae16cfa0372f5e8bc3e91df8ead3e678bf715d1cdcb79efb1271e2e836b46afe36bdd046b039b913f1b1be1836b81bdeacf93c562c9da9de31efda219efd6b789d82bf66e59ff4709371ecd0367aee8df1fdd71fc1e9dc31a45054a5bbbf71833aa8fdfa8bf49ee763f7f6356850ff0d7cfc412becdab616278feec1f6cdabe8f57f8497aa3f4d819c83a38777d27b7e076d5abcc7fdbb71eecc6115bf6a952a3406dee17976a86d22eceddbb6c0dc99e354f7fd671fb585b3e3498a6d220c3909cc679c7a97eec26d5f7cd24679ea0be74dc3199b43b039b19f0d7f478afda398377bbc1a511d1ee2825f3a7e4d716fa43e7fcbcb6119199370f2f876b47cbf213efeb0051ccf1d82bfdf3974fcf11396cfdbd8b767358da15038d9efa7f8b766b935e0b19b914d03a9db6f9df0e0bd55b162c96c24c707ab571b8f3e740feeb8ad0afe9c3d8e5ebf8c858866ddd73dc72b4584597dd2569448718fc1871f34c50bd59fc2cf3f7e8a7ebd3bb34e3d81f1a3fa212ec28bde3aef67413c8f8957a3e4c5819039e475cffd5aa28bfb0d8c49dcf378738df464f85bbe752f31ca672cb27a53029151af0970753a8dc60ddf628379379e7efc31dc56e516d47cf955ecd8bc869e281fd0a2381e677aff4e8b5ca5cfff179ff3e6421a2f85c56ff3f69cd4001cdcbd0a5d3a7e42616e88164d1aa175f386f8add367d8be69315293021117e38d61037e47ad57ab61e9c24934c0e2909a1c8439d387e3a5e71f47c7ef3f85afc719a4258562cfce35f8e99bf668d6a82e791b6fbe561d4d1bd6c6e47183607b6237a68e1f8c679fb80f230675a7e1164baf2b1119c9e1983d75149ef8dfbde8f547276ca341d0b67963b46eda08a78eeda6f0c662c9821978f9f96a68ddac114e1ed989938777e093764df1e987ef63dcc8be68f1dedb788675a2f13b6ff11ade35d110037aff4acfed47bcf0ec63f8e3d71f101eeac17a95ca3a9688752be6a1ceebcfe187afdbc1dde5183d7e7b75dded5abe852307d6a9ae76e1f8e18df4dcdfe6b99ac1eef46ed5a3647f66377a77ff8ee7a88be64ddea171540bdf7fd50abb77aca05113a0ba82bbfff63dfe776f152ca2a79f9f1d0b17fb2368dfe67ddc714b15cc9a3a82864718eb750445479bdb41e7f291d771b2247449b1bc063a89066fd7c45d7754c183f7df85c71f7e00d59e780047f66d42762adb9582449494a4a877ee46967b318d82fc9c101abffa80ba6b872eee37302236f2ce519b6dae282f8cc86ff9744b1ebe282444fbd0e35b8defbefa188f3cf42045bd0a6ebfe516dc59f5763cf7d433ea5dad31570626d12030bdbfbc48e475ac931f8d9cb4208404d8c1f1ec5e0ae736d8dbee4368903d3233643e8178e4e7c5c0dfe70c4e1fdf8a9848777ac532ba3c1c3151ee3873623b5ce8cd26f21e1550c0d29382e1e36683b3a7f6aaefce6d6df6c1d3f51462e839a52785202cc88522bf13a181ce341212509097a826af8908655a3cc6c7e32c12e302e06c7794deff51653014e6262021c61fcef6c7e0e6701c2909c1484d0c81abfd51b8399da060bb33ee118af00ed81cdf835314ffd327f6e0c4d19d70753c061fafb338797407bc5c4e212f339a7545be1a4840524220aff5009ccf1d406a821f325202e1e57a14eece8779de0055ff648d83b4d460d89fdd0f17c7c3c8480f61be63942887053baaeb3f716c1bce9cdc0177a783484bf647617e2caf2b86793b8a6387372336da9bf598e59c19c1ebb3a1c1b20d51e1ae8c1345e32196e7d10dd02b45c45d26282a2e4ec5699b3da8fdc62ba87a6b15dc7d6715dc7f7715dc77d76d6858bf16562c9a81b8482f1a8a327097f129ecf2558e8cef51ed84ce354217f71b1c7a924679c8782fcce24e7196e922b3d342607b7227de7da7261eb8e72e25ec77dc760beeb9f30e54a5c03ff2e0ffd0bf5757c64fe27d8c56cb399a855d2df128efd44c9eaa8e754a8d21367825f29502cbbdd0205df802c5302f12f9b9d29dcf8694bff33243294c7c7ed47c03268cf16c3093505c94cc90822d629611ae66a52ba4a72f3d2b862c7a4c39726f64047382da2eef41f332a3985e1c1be978e4a487d39888e37171bcf732a8920d717e228f8f5614318ecc3666e476096530a5ec9774252d635e2c0c1451e95d30aaffda76493f2f4b066ab25e309feafb72731c8ab534f8aa8b9cd762c8e1f566cb8c671400fece4a0fa698cbf5c7aa72c8e5f50b468ab31800ea78253291cc370d54f126256e4e0405245ccb83faaf1d2be5979f434f92f552ca580c526bf745e7d288b8cbc87799e760e5f2b9a8f17c35dc7f6f55dc793bdb098abc1ae350b50a6abe540d73a68d4442ac0feb8bbcf20be6fd97d72232a04e2fff6b872eee373e6a221ade13031b55e926a328cbca4db2425c789003264f1888679f7e0877df710bbd76b1c8efc003f7de47a1af8a8fdab66063c98692e9e4640469ddf36c3895174fd152cb38963d9f4e2922ee6218e5678751786422211136369a45146c8a9d0896816224dfc94b9916d2db97017a32fa5e8e13919351c8228e85322b987846f25e93822faf568af9d08a081650048db93c67118d8042194826e22c02ab8d62cecba498cb6866d371321fb888a274b916304ebeea4a957d4c5bd6fa97dfa6b882a4adcecfb4c59b93658455fafc2dcb074b7c398fca1f91f8b25fe58b7994d507a58b57ce29699414c9487ba623860d43117a03055bdef18a501bb278fd3c4e265c1271973293818a46d637f9da43be5010f1163137b26c8ae55593d447d66b293779f524652871addd179d4b23e25e529c8294e4500c1bd21dcfb08db88b6d84f2deefa8823b6f236c2f7affd111eeaea794e72e6b58481d166137e6500b7471bf86e8e27e7320eb288b0729733c4b7799083c1b4069fce362bcb071dd02346ffa8ed62d7feb2db8ebf6db71f7ed77e0bd067511460340cd3d9f190c14c79f1777097571af107379abb9e78d1421b90f34b68ab8dd982be213aa7a5364ee6e11fadc8c400a5b30854cd6c81601e3f14ab078af6472213104288028168f3b42190c254ae4a537850f304554be6e28a2281689e8f11ee567855238b5c9750a441c8988ab6c132f4b063f155328b534348344eb6d902e70f1d4657094297d9e5b09aef438303ff91461410c04f1c6553c25d0f4ac79de3cd619115949437a7e9450f37a72d283e8b18769bd3f3474c4ab17c19663c410928170523fe53cca209272607948396948dda387ceed52370be5b7099966591902bc767db4fc95a375cbc7ab898abefab21deebdab2a6ea7a04b1b7137bdf7d75e7a167fcd9c043f0f3b1a8ebc8734f4f2e47593d423d6f362b6fd7acfdeb5449e195ddc6f58e4e152efbdc4e356de211bf75c0a872ce6a03cf858e4b2918e8ef4545381ca4c6177561581bf15f7df7d175e7fe979ecdeba98f1a5db95c2621277f3e42dbab8578c2a7f0a114490f82c14e685d133660328bd28b2ad48a6480da3d0d2abe73d29907d6a3e6f8a39ffcba44372af9431460ac5283079a4e2c58a8724f7412df0412194056bc448907b2da259522cdebbf41ac8768a2b7fcb34c4228072ce42f5ac52a8799ebc8c006574882158c07d922f11519982587d0120c6088d0e996257192cbc360d1160e683db4488d537ce6abb1831d2d0d3f8605e941033cf22b8e2dd99bd6c4d88c5a0a038286340cbbf8a4f9197eb348a11c47290415ad2e52bbf8bf25986ccbb5c4f21ffcb6f79f524bfcd5ebb1837d6ee8bcea5117197573771d1fe6add0111f5bb28eab7d373aff96a752cfd7b3612220358e762589f1359479318d228e4b1b286bbaa4f7afb700dd1c5fd8646890bbd29e5d149b7a57497c9e2306c18457454a36dd40676a5a786c3f6f441fcfc43073c70ef5d14f95b51edf10731b47f67ad4197b4541adac03a7368edbc3a16148a31245d96625489608a18f3d950930ac97b707ad659816c1c4510459428bcd98114a9700a20b7f13992b5b0d53d53422b9eb478b7622050dcf8db48e1162116b136d27bcd4ef7434e86bf4aab208fdeb94c6424cfa65a2f40e2709b414455bab599af429e437ee7323e1b0163ae2ccf295dda6240c8c03b1e2fe2a97a1db42e57d9264680180605341694c0d25891fd9217c987d63b41ef9edeb8d435116d73d7baaa3f34584488c5ab1721906d124f199e0cc50012f11603a544d63b10f1963cb12c0cd9fe2aff62b4e4b3bca4ecd4d81299035df2c4f3ebf5f3ca513d408624ac5db510b56bbea0a62cae7a4b15357df1b64d2b919c24f5308df7289df728818619cb3e3f96866c2c8fa5614681d78dab6bc93f2cee624d97ae52c613cac356169511731c53bc0b910a224642d9b04c3c753c2fe202cac4b9c990b5da8bf3f89b65a13c6e79e02818d2508a508827a5bdf395d9d5e2919e12aea6381ddcbf3b1ebcf70edc73fbadf8a86d13e4a405a87ba5bc7553032ce1cd3162bebcfa77e95084a6508457e61a500615bd7041445e09b426f022568514ff4259e4478491f19530f38114712d96f8b28ff12594af1fe478b55dc48ec78a302b2340c498a188a0cc4c586c1461e439f9bb20379062eacf7de2ed8a172c2218a884b2b0405e0588774fa16458ac8ea581a1ceab1917eafc925fd37fa94b456230f09917912d601ee4fa8ccc4f01f320de7f01bd7a99c254663b93c97e34af5eebfd119197ae7ff1e0cd8334c5b357758ca132664cc682b42586cc000a373d42d37a09722d465e4791e449ca8f79909e0459fcc8201e3dcf79f1fdd4a90cea9d7b610afaf5fe058f3f7cbf1a8ff3e5a71fe0e8c1edc84c93de9714dea76492486410a71803e2b9b3dde5fd92de21d5465849fbe641aedfdc265cb84fe99f6a9735feffb54a9ea17f48dc05b55ca8880b5142c393aa7764441e6879afa8ba6ed4855128d4854a5c53618815cf871b6c4854c88758bc092d34171ce3c9f17201ac60e78923ff44a15d3f6865c9dfa632552bbcd11b12a472c9c327dda8320a5926ab908152d9e96108f03b8721037ec5630fdd8eb7df7c152ee776ab8652ba50c57b97fb275da837beb84b3d2c5bef2a1bd2331561a2c0ab35ad4df5559e096db53e5368da26831d45c8b47b23ffe5f3454dd8253df549a308bbf97f99df6240684684b60d14592d1ff25b8e9738e2218b709b0c037abe6a7a627af2124a9c1273a8309d57309dc3729b3a8789d2f373bbfacdf85af7f9f91e1f73b7bcd9b0976de6fde66db25f845e8b276526d720e525e5a1e5df9c3fb91eb9166d1e0773fe243f6284ca7f29036bf75547d05e1bb18d2c625b69f92ccbfde0bebcac70b46fd31477dd762b7eedd801674fed42761aef6d6132db0319db41638c6d6d493e8f27d24b28f75019b6bcd7a5edf84d89b9ee6af557cac45cc7c500526dae0c3025122a9117834a618e672dddcaf24f8b3b1bb0b2e26e64e3554064809188bb58f01788bb3cf082eca305a81592148ed6889c87db65bf544e16080aa482c593041389da7f4957e2e85c843cd8dac025de2b19d8c472144f4b463807789dc0b0819d50f3a587316b4a3fde3bad428ab72523e765c5b83c19415f26cd1b07d64955bfcad6bbca22f5d35c47252d739a950d0539de5adad707d216c8780025de978d1c77b5d76f59f63a65d10c7e4d44448cc580575de9147ab9074e76bbd1b0deabf8f9bb0fe16abf0f99c97e34ec639091e20f994b404d4dcdf6e33cd6cf7373626e3bcc46b0185252a7a56cb52f4c2c519fcb2ab4b257940af595f00f8b3bac897b21c55dba8479a122e0da05f0e4d2a5c30a53cc4aa6decb3173aa6b3f9796796ea8063d9912f16614b4ccf3581965b4af82e9cb673cb914ac52f89f6969f1742e420d4e8a445eba36f84546b916e648b76e38053e127edec731b8cf77f8f1abf79193eaa7195e1477195c255dfc12d76aba370c9a3778c5a87a6a2dddca7295e7bf86a8ae7c7acff26ae2cab19e76a5296d2374ac61eec91391d7b68941c6f658da66fe1f37fc57fcd1f96338d86c433e9f79e58d53f83312bdd5980ad5dba48ed3b18ed4c36012c2ba2ccf02db5b6943d51727d4400be433c222ea98aaf73c56cd4972553d1fd75adc5545e289e5e4d2a5a3c45d46c912c6910145aa4b5375cb6ba877970ae9d614b4b4650ef48b11eb47ebf6d4b9181168adc289b0b30c8bc572944a26a3b165a05330dc5d0e60c6a4de3867b3591b48c5b839e9feaaf2584bf3c6810d5981348057c105f5f472f97f38ff3547ae81d7a23cf8cbe4ffa5fc9986d5b2ad2417d5891b0c55c7d8468bc80b6c03cc5f4ba4277a62ecb0ce38757cbdfada42da02d59b4ae44b0e6d7a5929672be9ea1029db30d665f36b2e735989a6695df2e7119d12c4d995e34cb00e6af7c62cd897c3b51677c98449d8553c835c1c2f9c15aca83816454552084c878262a644500fad14d279ccdfe99e472aa2392fb4a274aca20678c92867fe36cafbda62961db7c9e02819859c99e683a0805370b6df813c19ccc4fb2ba3b965b05521efb7b5346f1ce8f92968815f09ea9d36d3b962786ec15adad70132f0ad4806e55d113cf66aca5e50e567ad5c2b89d53a71e3a006211a6470a49433db02191cc93027c30f09d18ef0713f80d424771afac16a90a43cff6ad024db887c8a851aec69919e8e25527fe9b1535cb501aa5a192b4dba48afb472d7d0eaae0c801581ffcf8abbb23c2e25ee666157e2ce78326296c25e501c83fca22814301d6d608e867c72a311750132698551ac4a5e9491c714b081286003a173090ac390cf302f9f62ce0a55581c01032b633e85a9800f7d56b63ff2785f33d27d919d1300635104cb371cb97941904fa8aca679c3100a231f8e2b86e568e4437de55ce5f9af31f92c3fa95b574a8195342f0b293fabe55a790a0495971b0f797e8bd9c616f199371652ec1916cb0a926c3bb373fcd5f39f99e9a7ca40b6e7e606a9e30c2c57756f19964d53c70ceb7f21dbd422620c56ffa53d115dd234caac57d29e4a5d33d75b1a52a490c2ac34f43f2bee3c81357197417532e25aac16f1d6916742ba27e8b54b9c2c16423ad3cba598e415851386ac8cf985515631d0ea341445aa78b98c9f5b1c4642752a2484e54cefbc200039ac880522ec2c37f99f650ce26f3ee40c33f2fd9161f067b9862087152639cb1bb9ac3412c77aba370e0696d115c3f23214b131bc62aef2fcd7903c22e5977385c8b19286b5b42b8d949fd572bd34798a8bebc38d86a1240c39aca75a3b10a89e714389b49fa148cdf141b67c72c876219b82631047a02442b515d236944d4bc792106497042b728a83d57f6dbba665a2551ae1a63aa73d3379c5410a038d8242e955fd4f8bbb78e6e291f384e2a98bc76ef6da45f02dc55d7d22c07d793c3699566214452430c55123d9094149ce08497421ae084d7045189150a1b63b2138c991f11c10946ccfd09eff752a2224996595788ea13d42596ea1c98e88ca7445789a338212ecf85ff6db69fb791f649bc49778d6d2bbd108bd1a1205c7ab84f7c45adaff714288b5f2bc5c241d6be9570a293bab657a694248308fb796a71b05f51ca738202cd5493ddff25fb6cb732ea16c0b88b5e53d70d0da8904ee671c73bb609996ce8588f60448f9a59ca376b1cca47c598ea24fa253a189ce4442a96f2cdf2489c3b635c556119a7456f58c5c3fe26e12f65271974c88c08bb013f5dd35f7198aa39094178c15fbe7618bc36a6c735d871dae1bb0c36523763b6fc67ee7edd8efb40dfbecb7e2a0d3761c109cb771fb16ec77d98c7d2e9bb0cf7523c38dfc2f6cd2290f5796a7ab84e7ff1ff260b9ba6dd1cacfb4ff809b845ad99a7f2b2cd3bace90ebdbe3b45e21fff73a6bd7bbcb81f5cd6e0deb13b7d9af63fd623c867b1dd6abdfbbb86ff7b9b538c4ba6646b6cbfefd0c0f4a1d74dc803de7788cfd06c53e47961bebe741e7ad8cbb596ddbefc8635db7a9ff7bceb17edbaec1aeb33c9fd463c697e377dbad55691e71dfa6ce73d86dab4a5bb0cc97f99c124a7cc9a384074cd720f1e4b72079375f971c2bc83639c61c471d4bcc69a8b83c66b75c3b91f424345ff321d72d2a8fb27d87ed2a6d3b8fdbc3b214f6b36c0f4afd615cf9bfd789d72fe54d649bfc97edbbceb10cecd7628f23cb5aee11af49ce237990eb97df723eb94ed926e521a8bc99eec951e6433b6e2d435ebf835cc31655e6ea3f43296f73b95bde9fa31e3bd5f69d6757f33c9b70d07dabcacf0ee66bb723f3c7df526f04555f2cead3f5863ccb52dfcf3fcff25fdb26fb0fb00d28bd46b977a6eb164adb0b1dab4819eda106ed71635da376ed557a24fb58b6ac6707d80eecb55fafeaa93c03873cd8ee38afc62e9795d8e5b6124bf74c419621f03a1477fe962e7a25ece6fdf4e065947c7e213d77c420313f04e3570cc5429bbfb02d64334ea49cc08984e338167d14a7634ec12ee60cce469e817d94ad893338176d434e72df71720c67638513381b239cd4433dbc20b48b633d8a3d055bfeb74f388393e147601b7512ceb4a26da34ee074d851d8459e80438c8dc28efbeca34fc139de56718effcf30ced988e3eab78ac3f8f2db31ee0c9ce2248e0de3dac1995e8f7df4699c0e3dc6748fc39ef557381bc1e3e81db970bf25f631a7e1187b5aa5691b7e4ca56bc626e4b0daee927096f5fd943affe9d0232a2f6eccbb396f1247f69de531926f27e649d294f424be1cebc0ff12c7897971a54726c7c83e8923fbe49ae578892be773a707e296685f9a969c4bd296634e061d847de429b8f27ae55867c67788637a2c571b6217cd7cc4f2196599db13c778a6cffb702682e7e26ff7147b75cc396e93780e44ca51cea342227955f784db4aaf8f585e9f5cbb9667b91fbcc7a67b702ae4284e051f613a67e1ca6b7064b90b4efc2ff7e14cb8dc3bed18b7387bd845b06e44f3def21aec993fa923f6093c2fc3d3512cc348b62f97a8637a78f386b6d49e3371c7c871f55beafa396a973c4b525fa5feca33611371087609d4b79803381abd07bb433661e6d651c8c8979941af237157f077a9d75e46dc0d14f75c8a7b3cc57df4ca2118bb7f0c96f82fc7b11c3ef0454e7028708263ae33dc723de099e30def6c6ff82abc88077c72dce09deb022fc6d17037e1a1877a7841e863f082779e275c321cf9db1b5efced91ed46b83fc71381f9fe0834f8c133c355e19bed09bf1c1e93e56efaef8560c6f161bdf3ca7053fbe4b74f96075c531cb9cd1d7eb93e8cefc5f8eef0cef4842febac6cd3b6f37ce9acafdc2fbf7da40e4b9de66f7fee97f3cb39244def4ca6c5f4030dbe3c56d273855baa333cd25cd4be20533edd529c9826eb7f26f3c3780179722e6f9586c4957d6abbc187bf5de16e3ade9f71e4fa240dd9efcd6b90637c590e723d72cd825ca73bcfeb4c71f4e4f172ac6c0fcef3879f5c47269fcb3457757edf3c9629cbd32b877967f9fae7331fb99e70cf70812bdb0cd73427b8a5f31ab2988f4c6e93ff44f67b64f13e302fa5e599ccf2649a41f97eea7c721d923773fe541949fe547e3ce0cf7307e4f9aa7277677ecce5ee9febcb6bf753dbcc652e717cd886f8a8fcf31e339e67ba3b9c539de09ceec07686fb0dcc37afc529cd01ce69ac2f2c239f3caf8bea941eeaa1849e0cddf388c1151e796eeabfda972375d593bac5674eb5396e70ceb2874bbe13ce64d9e070ca416c0edb88b19b8622f53f2fee22e04489bb601677d3f68bc4bd281ad914f7b882108c583508c30e8ec0089b31f8cb7731f6671dc6b962679ccb27596c0c58481eaa61d41a4779a8bdd8287866b371c861a3a16043c082f490c64d0ff5d0227417911071a0d0c96f37d61d2f36da4e6914af548a1e05c12bc38362e0afea980843a021002ec94ef04ce5f62c7f0aa69b120b3feef3645c371ee74f515162912d022e624d32e5b7865786178f13611771f1a5f0f85294b47812ba24bb301d8a1b054608e443ee9fe7a7c4c79de7f3a280fae6f828c1927c6942c534d359ffb94ff22b79f2a250b9a5b271a10121f991ff929e5fae9f8a236948ba72ac1ff3e0cbbc48fa92fff3d740d157e7f231fd1703c487c2e9a78e9534e5bafd73f83b43d2973c68468b0745d3430497652c78f0f974a7f8ca361f8aaf2f0d155f96bdfc76a5a1e04ca3c193f7c52fdf9706ba373c1957ae47c456ce2bf90c34dd0b73b9cab9a49ca5fca51ccdd729d7e19a424385f9f2cd163117f197fd3e2c5f965706c53f37405db394b97f5e00f7f9b2bcc48892ebe275b29cdc6950487d70679d917ae2cbbcb9719bd41f4f1a5b95ad6b7a787385525fdca83d6e147409dd4b7588759acf81279f0177b6376e79ae74569d70ce700ebbe2f6624dc87a2cf65d8ea11b0723e57a1277e98aaf48dc0b28ee7914f72c8a7b34c57de89a4118777602fa9e1884a1a746e1efc0653894750cf6852eb474f8004be3cb87d5378b8d2b1f5c3f3eec7e6c04fc58b8be2c446f16a834d03a3ad6f01171a35848e84ed1f3116fb920900f1ebdf9140a2c45d68ba2109a1f0cef347a78c9f4507303e1cfbae699c4073591a249810e3504a9ed7e1409af14778a3eeb62060587f8f0389f34d6cb740a662645372b9050acf9db97db7cd228f8a9cc0b116321880f6100eb7360762042f2f83b9b62c63cf8f0f9d2ce21f129a69914330a949c2340044ab6f1bcc17981dc4f214da24833aea4e5c77841390108cc91b428c6c9341052f88c304d953e8ff549a598319eec0fca653e2988929ee0abae8502c8df81dcaed24ca73813950f862a1fdc2ef90c649a2a1ef315448fde9742e999e6aef0a601e0c3ff120ab2cd8b064120cf1944c3c99bbfdd59eebe7c9643f283583e722dae5a5e782e296339975c6310af47ce23f7c58ba22cf990fccb3ec98b37af299065ea9b466381e52b652ee5ea9e48af2983d797a195b76cf3e57d08ce0de67ffe4ee7be6c0a3fcb4f0c056f53fd70a5a12475c5573c7b6ef71223c34abdd2d111bc041aa912aa6d62289b1023d4935a253dd076f4dc8f67d8605de8162cf65f89bffd5760f4aed1482eb8dec4dd145e24eef914f7fc48e4144723d324ee43d60ec4f0532330e0ec100c383118c38e8fc242f7bf7134f504dc0bf8d08b352f0d9c349ce96ca8d98806b0b1f56703e14fafc18ff8d24bd2d1b18608b35ba20b9c62edd5ff407a6cee492e4a3c82d9e08be005510402527d10961584108a41201bfec8bc5084f2bf5f32c591fbbc1358d79228bedc1f9cee0fff143ec0894c2fcd0f2199810cfd1997429ec0fa6a427efb27d398e0bec0b400a61d84a0748a7e0a853d55d2a090a6caf101f0637a722edf24d6ed648a540a8d86440a18452b38238079094458360d0cfe56db537dd5ff20e6457ecbb142888a2bdbfdd431e1b921086128f9966d1286e784a8df724e7f0aa28492aea427c7c8be409e57ce2dd769be6655063c874f128d06e6538ef3a688fad28808e0332af85278fd4800cb3788e21b4acf3984022dff0329a4b24d7e4b1cef643ec3145c950796ad9c5fca52d297303c275895bde42190d728f1e4bfe427d454e66159c1cc7330ef8537c2b342f95f0851e52de51f942ed72365afc59372977d41248065ef27e767bea49e885121f5c32f8b7965288692185a65eb948e8e191f417a804cfffda891fe4442f59f86af439a13f6451cc2b6f05d58eeb70e4b02576361d02a0cdd3e0c497434ae3b712f7ddf6e4ddc4b34718fa2b80fa6b80f3a3e10431c8761d8d9e118786830c61e1987355e6b6193781a1ed21d48610fe2831c220d291ff2103ee421f49682999f201248d10f641c1d9db28450b8c328e2ea3f1bf250fe0e60fd11018bc8a61747810d65431f964a0148a208c5b3814ff045785a102233425418924c914aa190a4503893fdd576f91f924c4f997143b93d3c2d181169123f98690529c2f93f3485e78bf741786a30120d316abb5fac37a233c2119315a1d2084aa48027d1a060ba410912578ea5b729bfd3e5fc14d724894341e7b9b4388188ce0e53c749dca8cc107847d1938ff544745698ba1e395e8e95f423296ef2df37c683714399077ac54c2f3e2f52ed93740212582e8c2bd7139616a8c240d3b698ec70154a592418a2b4b2202114c8000a7da8e9d90ca4f807d13809a2204b184c232558c499dbe577380d9928967b048d08891f40018ec9647e538254de24fda0441a5acc7f307ffbc6b8ab3ca8fbc16b94f293bc0a726d52deda3d9272f44314cb55ca3a204eae3d0011e921f089f6e07d937b14c47be1cb3861cc3b0d19a615c4fc87b351f44ff65475249c068657bc2beb87181162e4e86d8b4ee50912639c4818c03ae44da3d126ea34367b6dc7069fcd58e1bb1e2b43376271e81a0cd93a98e24e41fe6f8bbb26f01788bb85a85f28eee114f7488a7b14c53d0883d7f5c7883323d0e7747f0c3a3d14a3ce8ec3a8a36331fed024ac715b0bfb147a5cb49ea5e044dcc3d82084d37a0f6743114642f93b840fe085f0c1af3492aeb5342e076be9fe4bb0710abdc6481eae25d6f264268c46a1add7090c9ed417bff6ef889d27b660c7b14df8e18f6fd0a54f67ec39b10d116ce4cfb81d47af617fa0efc8ee38e97404876cf7a2c7a0ae68f3692bb4fea425da7cd20a6d3f6ba5e29c743c8c88e42038f8d862ea5f13f0ed2f1d18a715bee9d801f396cd8457880b22120371c2fe10464d1e82561f3747eb8f5ae183cfdba9f0a7dfbfc796bd6b11161f005bb713e83fb2378f6f81fea37ba9b44313fcb16adb527cfec3c7f8f0cbb698b5782ac29228a4dc1e12ef87fda776a14bef4ef8becb3758b77385da77f4dc7e741ffc3b5ab47f9f796eadf22cbf5b7ed21cbd8777c7aea35b3061ce68fcd8f51bec38b209e1c981700f76c4a2b5f3b8ed2bb4f9ac053efdb63dc6cd1c8ed32e47797df4f6e37c317dc124b466fec74e1b09f7404744260763e596c5f8f2c74f79adb3114a910d4ba1202750e0937d10492fd923cc1ecb36ff851f7fff062d9987efbb74c0928df3e011ea804376bbd17be4efe83ae8671c3abb8b464e08fca33c30f9cfb1e8d0f113acd8bc0801315eea7abaf5d7aea7d5a72dd07b58375536c114e7251be6e3ab8e5fa0f5a7725f5aa2dd97add18ef7a6c587cd316ff91c6cdcb3065dfa76e4b6d668f3712bb4fb42e0efcf5a62c9fa85eaba878c1dc4eb6a856e03bae094eb5165d86d3cb01a3f77ff012d3f6b8a79ab67c027c695f5c7b23eb1bde1f37e016c8f2cebdbbf8d7a06cab609d723e66bf9b7b1961733dc6fadcc2fe4e23a219a200ea77f86376cc24e61afff3eac77df80f53e1bb1dc672d9607d27b0f5a8de1db8753dcffebddf226e4b736d7bb59dc794299bd2e97999719ec78110505a1c82e09451a421159e087c1ebfb6398cd18f4b11986fe362330e4cc380c3d410e53e04f4ec7dfcecb7026ed2c5cb264e08c0f8228f4214adce97949c39224054a0fe10218cf54c00ae91254bf69895f80585bf42aae1a8b73fd9bf01a83c5b8b9c6481eae25e7f3a23d9061a9e2656b44d08b3b72761f45a039ea36a88d355b5760c99a8578e685a7f0bfc71f42afc17f504c7cb0df66379a7ef01e9ab4698cdd27766203c5f7ad26f550bf713d4c9b3f058b79ccf24d4b298c5be019ea8a735e673060543fbcdba201fa0ded8ea5abe7a33fc3775bbc85be437ac0c1dd06fb8e6ec3475fb4c12bb55ec4e0917db164d57c8c9e3804cd5a37c6a75f7f88c3a776e398ed7e0a504bdc7a6715bcd9b026566e5a8680485ff41bd61bb7df571555efbb8d79ec86a8647aa40914c2086f4c993b018f3ff308ee7ae02e2580de612e700fb2c78ec31bb174fd020adfa778e4b9fbf1d31fdf62e98605d876703dc5721f7efee37bbc5af7452c5c330701f466a7cc1b8b775bd7c3ef7d7fc282e533307af2207c4001fcbd77671c3fbb1f81919ee8debf2baa54ad82da6fbd81355b56222c2e1813678cc353cf3d8901c3fa2284064094bc6e905705716e884c0bc09aed8bd0a46d43fcdcf53bcc5a308522da02b51bbc8ad55b17c32dd8818655073c5ae3410c9b3c105e614ed8b477151ab778878640136c3fb08e46d17e74eafe3ddeffa031868f1f805f7bfd8837de7a057d59bee7dc4fe00c8d8f2d14f019f327a25ec33751efdd5a18337518efeb5f38c67c2fe735d7e5b686efd7c7d829c3b19686d29aad4bb17acb12d8ba1e87bdc729b4a53156e5f62a78e6c527b17cfd6244258462f0a8be78e4c98770cbdd5530704c6f788438a876264cd529e94d901e434f131e2a94c65ddbcffaf62f13428289f6dae7fa447a648305d3b5fcbb48cf8ce8c0f936557443f44361d1b668f7d90ac99e7436bd69047a2238d91d21195e08a14e79a43bc326fa38b6fb6ec366bfcd58e3bd166b28ea4bfd566019857d59f02a8cdc31ecbffece5d26bed716ac1771d7308b7b2c459d27cda5f8e771bb91e2ce8c6497842015c114776f25ee434f8e45bf33e4f4183216036cc661e0a971187c723c469e988c65be6b7024f9043c0a3cd567367ea9f250f9212a35901e88748348173d0b97421b6412dc0081a2ee2fd02050a11a6023effcccf81289e745e43de195a09de79a6016f86bcc0586d4b542e5c54f3db021d2c52e5dcb29ac1f2921387eee103efab21d6ad77f03abd62dc7aab5cb50e3c5e771cb6db7a07ea3ba14a355d87b72373dc15678b765237af3bbb069df7ad479f74db4fbb42d6cdd4fd3630c44646a3882e20210448f7bfdee35a8dda8163ad0833de37414e1717ef00972469f41bfa3ce3bafe2efe5b3718406c3c71ddae0edc66f622bc52829330af6ae27f143e7af51b3ce2b58b4622ef61fdb81b61fb7c66d77dd8aa76b3c897153c7e0ac8b2dbeebf40deeb8ef76dcfbf03de8d6ef0f0447f15ae24271dae114bef9e96b3cf5fc93789202dbf2a3e638787a17f316c4862680c64c20864f1988c75f7c0813e78e52ff23580e2e0176f8e1b76f29b235e945cfc7fa3d2bd1e48377f055a78f70e4cc4e4426b00c23dd3068544fd46bf41ae62e9a8a80704ffcdeeb17258277df7f17beeff82dce3adb62caacc978f4a947d17f587ff847b361a3f71a931d84d8ec6004c679a2e7c0df71f74377e1ab9f3ea7f1b20f074fecc6ba6d2be040832882f763edae15a8d7bc0e9a7efc2e966f5e80ae033ae1f9d79ec2b009fde11bee8a1d87d62b617ea54e75cc5f3113271c0e60ebbe7538706a27f7bb203481cf7cac371cbd6df0c9b71fa079fb77b1e7e81644b30c6268ccaddfb91c751bd7a2a7ceb2b1d989b004d609e9a68f273ceeb4d361b4f9f47ddcf5e06db8f7a13b3061ca58b8793ae39befbfc0ff1ebb1f77de7f07068fee0faf5067d61fa9479ab887d07110410f4e7737e1c1fac6c69cd75fea09fe8b98c529808ecaf54c903cb7d70073d969da50a65d2517083d118fbcacc847f0fe47508fc269ec85510f82b33de099ee8893b147b133681bd6f9adc3da807558e1bf1aab82d760b1ff322c0f59455660d48e2148b91ec55d7bd76e21ee0693b8179611f70d16e27e86e27e6634fa2b811f8b41a7c662c8c97118796c0256f8acc1c9945370cb7656031882e87587a977a5bc51cc978649dc4d837b024a45ddd78459dcfd790305f92d3754c4fd4a318bbb180aff3e96ef7bfe6d022cb192b77f159527ed810d66bd0856022fef6283e8b51ec6173f7c86d7ebbd4eef8e5edcc6d578f1d51771fb5db72b91faeaa70e58ba71313ea001f06eab86d847a1dfb27f236a377c437571db799ca121198ec89430842585c09ba23768ec40bc50ab0626ce1e8b88a4600a4b284269002c5c3917afd67b017d8675c7dee314ee4f5bd0b37c136bb62d47544a280e9fd9870fbf6c83b79ad4a127b90c7b8fed44bb8fdbe0a1471e54def0af5d7fc19a4dabd1f6a3d678f6c56a4ac4070ceb8784d438c426c760d1f285340c5ec797df7e8eaf7ef8122fd6ae8e594ba72154bad113c5a30bc688694394673c76f64844a687aa77d0aec18ef4dc7fc42b755fc682b573317cea103c5cfd010c18d3136189f4be691884c5fbd2c35d8206cdeba26b9fce70f0b4c51ffd7e53bd07b7de7d2b9e7fa53a662f9883911346e191a71e43bfe103e017c3ba9f249e2ccb5f79ef9ee83bb207ee7ae84e3c56ed51f54a62ec8c91f4b64fd230a2b7991808af4877f419db0bcfd57e166fbd5f07cfd77c061d7efa14876df752fc83b07ed74a1a56b571efe377a2f63bafa35bff2e340216c1c9ef2ce2b222109311a65e199cf53889f65fb545e3360db0e7d83624e44451c803b07cd3df78a7453d7cf8756b1cb0d9a5e2caab0b212e230267e8bd376fdf148f577f040f3c722ffee8f13bd66e5c8326cddfc36bb55fc1e3d51ec79031d2abe046710f643d629d62431e48710f643b132823ff334cf07f90a9b7f0df460c5a1122b3385d8f48db7991a1fe2f226d87d2864c0b2e685334ccefd22f40c49d7a1392e2cafacfba92eb03bf4c179c8a3a821d7e5bb0d17703d652dcc5635f1140710fa1b80798c43d740546dff8e2de8fe2ae897a3f5ba2c45d6380cd687aef63314cdec11fa707efb61227134fa88933fcb3093d76f560b180cd68e2ae551a11774d7845c42d09e08d0be04df3675cde3c0af4d56112966bc0c5d7f6ef613696fe4b28838de21e2803ca64c014c5fd90fd617cfac3a778e3ed5a58b96535566c5a856a2f3c83eaafd44083660df1c2eb35f0d31fdfa31185fdddd60db1ffd41e6cdeb74189fb63cf3d86666d9be283cf3ec0973f7e81f92bffa4389cc2cfdd7ec46bf55fc18255f3284861f49cc31010eb8f659b97e0f5b75f45e7ee1db1e7c44eb4a0b83df8e403a8ff5e5d1a0f6df1fe474df05ebb773162ca3038789fc311db4368f7491bbc56eb55d46f500f1f7cd40efd87f44593168dd1b4e57ba8f1caf3e8d9af3b82c2031423c70ea761f202a6cc9c84798be6a0e63bafa2539f9fe14cf10ea2780923660cc3e3af3c8a5114f7308a7b2045dfdedf0e9d7a76c4b3af3f83193406fa8cea8d879e7b1063668d4028f707d3b30d4f0ac4ee635bd1a4cdbbf8f8ebf6387af6107a0eee81db1fbc9d625b0fb5deaa8d0fbff8185f77fa1e8f567b027d86f6e7f982d5c87519c11e984cd149f2c3c275f3941151e58e2aead5c2d32f3e852f3a7e812d87b7b0210c41547614f69ddb87a69f35c31d8f5545ed776b62feaa3f11caf347a685e2b4fb49fcf8c777b8ff897b71cb9d5528c28fe28d775fc3d0490361ef638be0047f15cfc1f7ac6690f19e6d3fbc991e54088d8700acdeb11c6f35ad8ba75e7a028d794f65bc44bb0e6df14bdf8ed84fb13feb6983765fb642fda675f052ed97d0fe8b8fd0a37f2fd46b549fc6583bbc54f3250c1e3b18ee61eef49083d8884b17b234f626a7418c7a3a180afebef835ddbf83393ffef20dff758ae4df7a9bfaefa0ca4f893bdb0f33e6b6c41269572e82f59dde7aa0cc7b91e60a9f0c17d8c79fc2de801dd8e0b50e1bfcd6630dc57db512f79537a7b80f53e23e92e24e2424fdc980d3233188023ff2f4440c393002e38f4cc61aef75389d6c038f1c5778cb6c62f28095a9f4a5e26eb2be342fdd924045a012788a24e35abbf195823758465e4bd7d2b540f26f296eff3a7c18fc88ef7f010a8c7cd7eccffb1a90c67b9c269f3e0563bfc361b4ffee23d46ef026d6eede80659b56e2b1e79fa08835c5a8a9a351ab7e4d3cf3e2d314a127f15ecb77b1ffc46e6cdcb516751ad566835f1793678dc78265f3b06edb6a9c3877044e14e5de837ae0d53a2fe32f8a7b18bdfaa88c2884248562e9e66578a3512d74ecd9093b8fef429bcfdba046cd1af86350377cd9a903ee7ef21e7cfad367b0713b4d4f3b04bb8eec44ebf6add0b445137cfecd2778a3ee6b78a7f15b78bf7553fcd8f95b3cf75235f419d4935e7b144ed91dc7a75f7e82779b36c4b63d9b71f8d4018a6d3bbcd3aa01b65094c3332328b04118326d289e78ed498c9e3b861e05c59ddbce78dbe2bbdfbfc7cbf55ec69cd573d163644f3c58fd218c9b3b1a6129c1884e0f53e2b871ef5a346edb081d3a7e894314f72ebd7fc3ad14e8ae037ae0d75e5df1f4cbcfa31a8da23bff773f7ad008f18cf68177221b48f9ea20230801897e700d75c1bc95f3d0e2939678a8da23a872d72db8ef91fbd06b586fd8f93920500c82b4088c9c3d068fbdf8183efff9739c743b412f289c9e3f0d8da4201c733a829ec37ae0d99acfe2b6fb6fc5ad0fdc827af4c637ec5f8fd0e460e63904b65e67d096d7dfe293e6d87f662f0d07deef787facdab912f59ad5c55b2ddec2a8e9a3b064c312fcbdfe6facdab50a2e414e3cce16ad3e6ba98e6bfd593bd46fd28075a31eeb433374eed905afd5791d83c70d811bc53d48d24c95b642da0dcda3938152a502c5dfd65fd7fd4b647a321fd72f720d81d70cade7d5b257f7f290de0737f865b9c223cd01a7a38f620f857db3f726e5b56f08d88035fe14f7a0f3e2bec47f195604af222b3166fbd09b41dc47a13f85bdbfed080afc708d33c3e9bd0b2330e0d8088c38390ea38f4dc4a4e3d3b04279f027e196ef0eaf5c4f36eaf2806982ae09b519b3872b226e499009eda1d5bcf7b2c756021176d54576fe3dcebf8d1816d62bdebf0445f5bf22ee7e9932710c31f5cc04c8a74f64bfc341b4fffe23bcd1a01656ec588d259b97e3498a79eb8f5b63c791ede8d2ab333dccdb70fb3d5595b77c80e2be7efb2ad47fb70eda7cd40a675d4e212221180919d18849a100457863dee25978a1e6f3183c7e20c548bce3107ab1a198346f0aaabdf62cfa8ce98f5d27f7e0836fdae3ade66f63358d85e5db56a26e937a78a5feab98b96c0efce302b1efd43e35825ebae67b0de886eaaf3c877b1ebc079f7df509068dec87e75fa6b8d37b8e4c0cc382a57f9676d537a761d2ac555354a3f83ffa02bdf43963109611414f3d1cfd270cc0a3af3c8e71f3c6d3eb0c55d8073ae287ae3f50dc5fc1dc35f33065f134547fb3067a0def09cf7037e535c7d03898bb7c165eac5b033d64f09ab73d3a75ef8c3b1fba1bc3278fa151b4861efc5bb8f5aeaa14ecaae839b41fbc63fd1092a97d571e2ceffd554f41205c83ddb0fff421fcb9623e3ef8ea23dcf7e803f8b95b67d8324d9f587ff8260462eab29978be560d741fd203cec1ce084ea6e74dd10ea2784b1a76be7658b57b35ba312fcfb3ac1faefe08fe5cfd27223323692004c1c6f3343ef8fa4334ffb439769cd88980840084b30cd6c97889f7eaa0edd7ed70f0dc21153780e9c9be5096c549f75368f5656bb4faa2357eebf7076ad6ab8dbb1eb81bdf76fe1e03c70ec1cbb55fe57d1d6a12775e1baf2b508c45117865406a5db766911781bd4874752a8d12daf46b1052cfb49e1831dae8895b60d9be9929dbdef864fa68b3a5e638c32ec906bbfcb6618deb6aaca303ba2170a3f2da57f9afc1aa203efb26715f4a715f497117c66e1f76b3883b85dc7618857d28fa9d25129e21a787a1e7918118614b713f3d09430f8ec2f8a393b0d27b0d8ea69c80130bd62b4b1e328b773866e12df5a8034a914648843d40a13db09ab85f01b4e4e5dd8b0c6eb9f813897f1e39af5cdf05627b0df0fb8f509a27117685887b200e381ec0473f7cacc47dd9b66514f725788602dce2c31638e5741c1b76cbc8f8baaa1bb9599b2638747a2fd6efa4b837ae830f3e6b0b577f07445278fc23bd101a1fa0d87d749b7a6fdba855236c3cb099f723027bcf1c40ebcfdbe2ad66ef6003b7edb6d987e6f45edf69de006bf6aca747eb815133e8ad567f1ced3a7c887d8cbffbb836904f3eb99b346b1c1a347d5b0da2eb35a83ba6fe3911cfbefc147a0cfc036e01cee8d6b72b5eac5903bff5fe057f2e9e8d656b17a3c7e06e78fab5a7d1a173077ac5e7109111890114f7c75e7e0ce3e74da0c11144d10c864ba8abd62d4f4f782645f598f3317cd3e56bbcdbb62156ef5c81100ae311bb83f8aaf39768408f77c596e5f00ef7c62f3d7ec17d8fdd8f211386c3c1db1903460ec2a3cf3c8e2a77de8a7ec307525003e9b187c02fc9077e093eb00f388721e387e0ab8e5f63fbe19d084d08c7d08923f0c40bbc8ea1bde115e987c8ac1804305f13ff9e82e728da5d077485bd9f2ca329dfdb0761c1ba05f8fab7af316ae628e5654b777e039661bda6f5b06eef3ae5e18752744fbb4bf77a3b34fbb029b61fdba68e97ede2b9d769f2263ea24177f0ec010451d82329ec729cc439e5760a2d59decddabf8fc9f3a6a151f3c6ea8b80c1a38760c29c2978b1f6cb18346e105c43dc102cc6466a309f33a94be67a651601696f441ca46b5e7a10ffdd50e6f8b86150af58ff5dcc5f56491bae7442f442eeade9fe5ab671173831591aa23b8ee9f6389d7c12fbc2f760bd17c5dc7d15d6f8aec55a7aec2bfcd660a559dc036f4a71ef6312f761c424ea22ee66812783ec46a1ef89219a077f6a3c861f1d8bd1c72762a9ef6a9cca3ca3cd1d4e7197efe12f1ca461e9e59e17f7d2863f83e22e83eb78f394977fb9307d3543994968cd82fb6f8666effd5a20d76fb674ff5348de4cf75b38e8b81fedbffd10b51bd5c64a0ad9a20d0b50ed95a7d1eae396384befcf9b9eeba869c370c783b7e3fd764d297207b07ecf6ad47def4db4fdac0dec3c6d1046cf363491de69bc3fc25382e111e28cf9abe6e2f39f3f458b4f5aa07d878f28e42df0c1b7ed317bf95c78467a63f7e97d68f9796bd46d568fe2be0e616911384a63a2c3af5fe3498a76dfd17db18162d5f2b3e678ffa3a6f86be51c7cf9f3e7eabdf8b4f9933067e90c8a5f35f59dfaeee3dbd5677a0d9abd8d75bb565134e54b91606c3bbc09ef7df02eeabf5f0fab76ac40288d90e15387e2e9d79fc2843fc7a96e6ae9c676f0b7c70f7f7c8757df7e197fd1fbf58bf5c596439bb9ed5bb4f8b8997a77ddecc326f8a0436bcc5e3c1dae34260263fcd548fdaaf756c5f089c369e04461df89fd346a5aaa11f4fd86f557e90424b33ed2500ecb08a6203aa94f07df79ff6dbc4d43e5a32f3f46b376cdd0feabf6d8bc77332252a2e8995330299a53174fe3f53d875f7a758223f31729a2cdbcee39b50b9ffef4095eaaf3229ab66b82c62ddfa581f40e66325f6e212ef08ff553ddf276deb614f7b668d2ae31769dd88188b45004b15cd6b07cead1587b8a65fc5edbf7d0feeb0ff0f1b71fe1c32f3e6019cfc351872368fd496bb4a4e1b5f9c0167cd5e95bdcfbe87d98b5680ee62efb0b2fd77f15fdc70e805380138da340d5232198ebd37921a0285c438205f3e02e9dcb46cd71a2e6299051f0dcc650b64b6fac94afbc53d75ec388ae68a19f4cc52c5a93e50baf6c6fd583bc237407567badc16a9f35581fb0016b03d6d3635fab847d654059715f4e615f7d73897b3fb3d76e3b84c27e2103ec46a0ef29fe3e391c434ecb087a726c0cc69c9986bfdd56c08e79f3940527f20329f25a579978ef3ec91e08cba180a7d0da4de10de2cdf323be021f500d990a53a6b7bd02789c4c87abac3fa9185784373d838ad126dab99850f36f56c42bc572f4ed95a23d0c574e301f9cf2b016bf2c171da7ae4b6634d4f08874c68ee35bb07eef6a3805dae19cef69acdcb6849ee516355b9ccc5466e763a3447ff3a10d14663738059da397b8065b8f6c827794bb9a8d4d6643934fec24be84eee12e3860b70f2bb62ec382557f61e9a625d863b30bee616e4aa424dc76742bd6ef5bc7f33a225c06dd516c8f3a1ec1e28d7f2b11730ab0c796231bb1f9f07ad8315f7bceecc4aaddcb61eb7d4ab172e7521c713c00a760e667df6a6c3a283d004c2b5dde5b07320fced87e740bd6ed5e8573de67287a4138e97214abb62f838ddb71d5dd2edbfc62bc78be1dca6839e77386f90b847f8c378e3b1cc26ae6ffefd5ccff86bfd5803a4f1a2ee1f4a08523b607b170d57c9c743c8ea89408f847f931ce2e2c5c395f0db80b4ea4c8c98452e9347a28f0c189be70e135eda0e1b064f502fcbd623e566d5e810336fbe01be145c348baed29903cff298f9358c17cee3fbd0701b1f2595108f707d120f1c561bbfd58ca325ac87c099b5886ee922f1a5632684e427fdebb1d2cdf2d0737c023d485c707232c39082e810ed848a369e11a1e4bfe5eab21e91c3d77105e116ed8c17bbfe3c8561ee78efd3672ae6534e2ec60e765a78c8323f68799be0fefb3cca44758d6e6fa74fe9913a386ffe92c9487fa86fb1f2494a8af86ca4146fa57881866578bb5742b8b382abc862b453e07bc1a64b6d3d0542f857cd6280409f4ec03887c76ad7a6764cd830cfe27bed41759e7c131c9113b8277628dff7af5359708fa9ac0f5581da009fb2a0abb26ee6bb46ef9e0b2e23efc4617f7be186a1677e5b15f2ceee62e7a79072f83ec06ca28fa536331f8e4388c39390d5bfc77e278d44978caf28cd99ef0cfa1b867f9c023c119c1b4b08228f4416cf4a52b5d6e92ea62c992e52b057a790aeebf1298de0583f9ac604d90cca8383410ca451d5f3ed2b5a47d7fcb4a7a856188a9525b0d59c1559c0ab87002a1cb47be782817e621f012583d8ea8f4f9f08a11a57d8b6c810c004bf167fa32125aeb81b97c782c8f0f92e961e553b472509fe4592198c2517a7e8a853594f7501e6254a96b6103afbec7be18992eb762c40b96e34d709b7c2f7f1e992b80424f31bd380c64a3288db3564764762e358324d39119ee64363bf94c305ca0e88af08a51142ca84944d84093508a6718b116caf4bd15edbfda3044ee8fe48b79d542b92fa63c9af32922c27ba14163529e3b8518b714098a6830c5df7a787504310f4114c12096a9f590f154595a0fc53009a5d1159a1e643d643eaf9a8ad2bf44284653b084c47ac87b5241587eb96ba1c433a7533614e32b94da1046f116424c040be22092e06c3e5fb92ce71cea061d48ff6c6a4cba3bce469ec62ecf1d58e7b3c1e4a153d0cd626ec1ca805514f7d56a40ddea0bc47d35c57dc48d2eeefdd46a706a10dd5911782be25efa0e7eb81a45af7d263716034e8dc3b0e39330edd86cac765e07dbe4b370cf7153eb4a07e452dc939c6875c94216ee6aa10a59d4421688f0e27578d202f330a126ff178bec324365c531fd005602edd318eba1181a8159ac2c56422d4ef9c7fb33d490d1a565429e5f0686a8497c64728d7f22645985b2210b21e585aaa19307a28250deab9517aa7760158481b49e03991fab21af3f88e570d948fa3cbf0c8a920199e5c27ba0bae1ac208b8aa895d2286af2a95479947d9d6146fbd241d2e239d87058c387f7d927c3a35ca40e9676d15a41f5aa5c024da42ce1b126c44bd54211b132218f0b92c14999eec40341ccab562fb42959657e7821d44408d1bef060b9f0ba0531ba1592576b303ff23df73f87c94853305f3ca7f6858db95bd60c9f47857920982c96c390d7ab7d1625a3e9ad8501bc4ea69d515e18c8b2e36f5908c74a28e347fca59e303deb6100f321af16ad877ebc3e3f5e5745a1acdda1a5757178b5c75f2af4a531e84de3dba79c507a577d789ef2c2f28e3387923f5999d18fe72b1bfacbf3af1620736359b9a950f0153235bcd35de02d6196864fb6ac1ce888e32187b1c96d3dd6f8ca48f855581148c10e5ca5897959ac88fb7232fae61177d34879abdebb6c13819751f49ab82b6cc661f0f1f118b96f3cfe3abd0047e28ec339c7991e3c6f4c9e87ba31c1b92290ee4a0cfda4a1546bc253dc698199d196e8bbfcd08fa1a4e7c5cae095e95a2e3eb2b67539a88a73294c15eb22b8cf27c39515959532dd955c4d580ebc3669b8cd0d78d930806100432963ab61862cbd29abf7495ad64389571eeade99d2b0861ff7fbb12cae045f22e5685e83d92a39eef0cc9175bd2fc64bc8a2c8b25ef95680d43b6bc83e6f1e2fe711a3d483940de5934f6bdb25f4245ecc9f5f0e8dbd72f093cf452b817f39a12fef810fcbd897f8b0be4983773e9435e69de195ed401cf9db890da3acb8c7f2954693ed8534a0daa0336f6ee7b3c3f4e49a2b8d9c976179c8feab42da033ecb17c2742f80f158d617c2465f7d8ecbfd34d4cdebf85b25bb222850b2467d39c87e73bc724389570eb25cb6bc1bae2894e56eb5f8d6c24b51de71950be5fc9e2a2fe5841247c5e5b558092f75bc3a4fae757ca80d3eb9ac5f79aed40bb6d326bc0583865b9623bce477be1b9c33cee164f411ec0bd889ad9e9bb0de632d56f9ada1b08bb853d84dac22ab29eaa594117711f6e5213789b80f39351a7d6c479211e8a3bc770b819777f0a6817566715713de08a7c761904c517b7812669ffe1387128ec231cf098e99e778531ce09e66cf064a1a71de3cb3989a1a6c7759603fd7432db4efc507d48bdbaf24f464e899cb86b602bc0d3c6f3978d110b914d68e53e4f19a98be0f1b1bdfab816994c7a5d296fd2a0fe5a01ac04be0cbeb280f6b695ae29deb022f2b78128f0b708647dec5b813d73c17b8f08176256543c1cde0065752367417b8dffda273550e39ce95381b9caf0817e24adc0c4caf1ce4faae06b75c270b1c886369e8c2d039cf8e79394becf8ff1c5c73b82fc789060bef41b6abc283cfa018246ebcd7aebc0fce7c462d71b904728de5612d7e65d1ce2f6529f7c0920bcbd9d9c0780a470b78ed824a83c7b01e58c389d77b29b4e32f1f27e22830cf1592ef5a214e056ee5622dfeff3b0515e364645ecac15a7c4b1cf25de020a155b82f9f7a91ef7821058ebc760d47de631723eb19399d6183dd61bbb0c17b1dd67bafc7a6a04df4cc29dc812b152b65d09c88b8e0bf126bfc576988576f29ee147661d4cd21ee6328eaa38826f0e7bbe835519751f4da687ad92793dd88b8cb3cf414f7531330e2e8444cb5998983491477a3134ea79e824dc2319c8e3e0cdbe863b08d3a4a8ee30c91c9fc4fc61cc7f158e1840a4f72dba9a863e4f2c2930c4f441fc591a84315135d3e87a30e564ce4011caa8888fd38147ee51c0cdf572107c2f6e24068f9ec37b18ff1acb137740ff684ecae805d56b69d6777f0ae0ad8895dacb03b2f623b76046fc38e108621129ad95a866dd8ce78db18bf22b633cd6dc47ac8e383b656c0960ad942360797cfa6a0cdd818b8a97c0236aac93236065a6743c0faab62bddf5a136bc8ea0bc2b50cd704ac60e345d878ad6543b64ef6fbaec3469f0dd8e4b35185eb4dc8fb49e9c65ccdf456fb9741b659c3778df5ed2656f9b2e1f4b9729693653e6b189ae136df558a15828f252b2ec65b60e35e0e4b3d975d154b3c9696cb62f2b7e7522cf42a9ff9ee8b30cfedef0af9ab02e6b92ebc247f5e05739ce763964bc5ccae8059ce7f55c84ca77915c0fd8e8ca7605ae6d0e12fcc76988f390ce79ce336bbb9986d370f0b5c1661a917459cf55e06cfad92f7ec2651b714767916d650dce57950c8d4b3fc6f29eecb44dc77dc04e23e88e2defb2cbd77117825dee6c96c6404bd88ba20dfc19b67b01371978566c6a9f7ee438f8ec3b81393b12ff9301c8a1c7124e1100e46eec181a01d3818b003470277933d3814b4070783f7607fc81eec257b284a7b283efb432854dc7e20f8f2c2fd0cf705ef5602b32bc43a170bcf85ec08a20055c0f6408a470045c20a5bc996008a40c0e62b6693ff266cf2db582e6aa6251f36f456584fd65d82b5b4726556c1f258edc587c4734db9acf460235c0e2b3cd808bbaf542cf35861c1722cf590c691e1058de552b244854b182e518d27b7bb2dc73257eb2c2d85f1ca844b182e765d82bf5d17e36f37eb2c745d54316c30ac6e3731df7921fe725a500ef3f1271ba839cef330c7c53ab39dffac90594e732b64bafd2c32d382e9a54cb39f86290e5330c591384cc554fe9f766e06a69f9b8599767354a338c3760ea69f116661aaed2c4c393b0393ec84e998788e48289c2d07db69985001e3cf4cc1b8d357ce98d39331928c22a315932ee4d4440b2694613c46db8cad9091274757c88813a32a64d8b1111532980c3c5e01478763e0b10a383a0c032ae2081dab8a383c04fdae825e8706a26705f43830a042baefef5f21ddf6f5ab00c6d9cb73ec1d44069f0ff70c42cf3d83d18b61efdd43f1c7b6bee8bead3f469d9c80f93ecbb0327c3d5684acc3127f1a76346c57062ea7b0af2815f6b514f2759650dcc593bf29c57d7039e2ae09ba25dab4b4fd4bc55d5b416ef8c9f1187b6212f6a61cc0b9a2733810436f326c270e8690a09d384c013e440e52d0f7d31bdc1fba9b1e253dc3300a7cd86eece36fb5fd32d947f6d2f3dc291e62a875b69bbcc3edc15bad86177a7817875b196e0d14365f146e61b899de9bcc8674a5a8ef32fd29c2e5210b1f94c36ab2cabf6256d2bb5a49efab3c5688a7e45d3ecbbc5695cb52b2c46b05a1c80ade6696117a360c1731fcdbc70c85f802b88ddecd22f182dc051e57265cc4f06f37c655626dfead850bc902777a38ee0b30cfc33a7fba53802bc26d3e3da4f299e7f217fe2c87b922deae7f62861b45b41ca6bb51585dcb67aacb6c42e1bd28d498e23c93ccb080825eca544c729e8c492ec2144ce6ff294ed3c90c4c75e4f18eb331f9dccc52319f40319f706e2ac6db6b8c2563ec29b0153056a0e1501ea3cf5198edca32a9d20c3b3b01432d18663b01c32d1876663c19570e63189f02cc76a9bc70e8e9111532d8663819566e38e89430d46a38d086e24afada0c21d6c33e2707a3f7498a5479e18941e875622029273c46913d36a05c7a1ceb7f55743dda0fbf1fed4bac87bf1dee832e877b9372c243bdf1eba15ea49cf060f97439c8e36920743930b094dfc8ef16743d30089d77f6c66fbbfbf17e4dc06cdf455814cab687e2bc94c2ae89bb08bbd67b2588a0aff73321bfad8afb9a9b43dca55bbe2f1f04335ad7bb087c59cc9ebba0bd771f707a0c86d3821e777212f651dced8d7638104def3a6c170e53b40f51d00f8a774e21df1b4e410fdf85dde13bc90e8db0ed14f89df4e0adb3bb14c6b512eea2b06f0ba610876c2617875b8329c68a4d56c32d419b8865b85109f6e6c00d447e571c6e0a5c8ff515b02e70dd790234d6facb0c4a6bb14608587b61f76819d4f48915b0d29f22ec4724b4c2323f0ab12f3deb7258eab382d0132e872514e88a10115fe4bd448382adb1b894bf2d58e84d6fb82c5e8bf0b727f793850a6ef360e8a1850b182e7017fe26fc7f018b94b0ffe94eb1f5986795b996b8ffa99863899b16ceb6601645b922665294cdcc10f1769b4de8615b09a731d4988969ae0c5d6752b4050a30c3290a0a32ff5f189a702ecb79719f2c88a89b98e42c50f09d84698a8914e00914e809f4f0352663bca3c638c74918ab987001631cc697325628b3dfcc1832ca61224630cd0b916d65196f622c860bf663318c0c39278c23e3b5d06e3c86da8d235a3844c13826869e6548cce1603a2583cf8e24a3ac8683d8660d62db555e38e08c400ff9cc70ab617ff58550f961dfd3c3d0fbf450f42927ec756a087a9ca2277a8a1ea995b00705befb497aafe584dd8f0f44b7e3f4708f0fb01afea1e8576ed89561d70ac2df8ef5c3afc7faa24b39e1af47faa2f391def8e5481fab61670a7ca7c3bdca0d357a9613f646c7437d493f45a783fdd0f920cfc76d9d681c7454f4c50f7b7bd018e84f436914e606d0b8a7a7be3268b5ea8617d4fb7493b06bddf114f84b8afb4df3ce5d46cb9b45fd32a0c80f383d1ac34e8dc5b85393b09fe2ee5860874351fb7088827e58845dbcf5b0bd14f53dd815b91b3b23766227457d67f8568afb16ec0a137694cb4e7adf1521ef6d9590875a676b0845bc926c09dea8d81c44e1ae249b82d66343d0da72591fb8a614e91e12ccef82d4608f006dc0c7ea72b8e8b38e32ac64a55deeb782426e9d657ecb2b64a9ef32b2b45c9650ac2b62b137455c30897945fc4d3117167afd5dca0281c70bf329f4c25f9ef4c62bc93c0f7adf22e49e9766ae07c59dcc719fab984d669199dc36d3931eb807bd6d32dd9d826d41d9edd394689f4713f24b23c2ae89bb087be5b858dccfa389fbd45234719f82894ee711315750cccb32de7122c63b8d2f659ce338c5588a6f65184d463a8ca3584f24934cd0e356c8764be8653bb0ad20431de851db0ba328e8c21822225f092c845e1844711f48212f8f016ca72ac2ba13739ebe14f18ae84511af881ef4f27b2881b74e777af015d18d1e7c4574a5775f11bf1f1f5021bf52e42ba2333df8cef4e0cba31345be223a8a8097c3cff4fe7f3ad4073f52c07fa290ff4c4ffee7833df1f3a19efcdf1d3f1c26477ae29b037fd010e847836628e607b3cd0a94aef6b558e7bb5ab5a1d20ecaa878d5969adad67564bde9b7bc732f1577b6792b6ea6d1f2daa7706584bb32581177a78273381cb59f5efb1e1c09d97b5edc2328ee51bbb12392e21e6121ee0a0a7939eca4675f113b4229ee5644dd8c35112f8f6b2aeeb444ad219f75548458add644dd8c3541b764a91fc5dd8f425e0e4b7c29e215b0d88a889747b9e2ce7dc27cee13fee2b6f32cac90799e22eee2b95f9ab9eee2bdcfd3bc75329bcca2a73e93c22fcca0c80bd329f89694dd3e8ddefa9530d575b6628a74b75792c9ce332b60866212857e12bdfc89147b61023d7733e31da7548026f0639de88993318ef4d6c9688a7165d1c49d624e2ffe42b8fd02e8a92b811f43711fa5847da8fd680ab67019e25e86417614f70a1820025f0156db350bfad2b3af885e22f015d0c386e25e01dd45e02ba09b087c0574a5875f11bf8bc057c0afc745e0cb4713f7f2e944cfbe223a52c0cb43893bf9f1b049dc1514767af63f51d8bf3f428ef6c4d707ff40c72314f71343b180e2be8ce2be81e2bec1774de5c45dda5793b84b9ba7be73d7c5fd12e8e2ae8bbb85785f8acb17f7b262be80cc37f1974213f7ca31d75d04fe2f0abb08fc3c8afb3c8a3ba1f00b33f95b9841d1b7a4ecf6e9ae147913d304b7ca3155deb193292e22f09563b2b308bc7526953293e23e93c23e4331c1697a29e31da795cb58c5140afb24c5180abd309a625d194611e96aaf9cb88fa3b08bc08f55a23ed49e22afbae5af5cd8055ddcad8bba196b826e893541b7c49aa05b5256cccb624dd4cde8e2ae8b7b85e8e27e0388bbea965f82f95e5ad7fcc5c26e16750abaf73cf22799ab98e749af5cbd775f7849e6ba2d50cc719daf982db8111e3fcb6301057cbe6286db5f175076fb74d779a54c23536924548629ae7f2a26bbccad34939ce754c06c8afa6c4ca0872f8ca7c80be39c669432d6717ac5384dc318a729642a4653e885510e934d4cba6438a21c21d7a0f05b308c5ebe20a23ed45e4279d76e5db42b8b2eeed645dd8c3541b7c49aa05b624dd02d292be665b126ea667471d7c5bd427471bf11c47d09594a61d704febcb89727ea73c86cc53ccf3f29dcf4cc95c057cc5c0ab930c795de3b992d50ac67f3f859f4ec67d2ab176650882d29bb7d3a05dacc343295de7c6598422f5f98ec32a7d228012f8709c25588fb1881debd08bb12778abc12774711eeca51beb88ba05b7af21328ec22f0e329eae7b126d897832eeed645dd8c3541b7c49aa05b624dd02d292be665b126ea667471d7c5bd427471bfdec57d9112f672c5dd9be2ee6d45dc7dcce23e07dac8f88bbbe1cb52b65bbeb47bde83022f5df3d2452f5df014624bca6e9f418116ccddf253dc29d89560921bc59a4c749d5d69ccc26d9d998af12e3330de9562ee325d31d6795a2966e1b68e78ec1473270ab5f3648c749aa418e138b19298857d0c196bfa6d4ddc272a863950e0ed2762e839331328d057e7bdebe26e5dd4cd5813744bac09ba25d604dd92b2625e166ba26e4617775ddc2b4417f79b58dcc93cafd9146e11787af097602e0556984381bd000f6e23b3dde72866b9cdbe80b2db67bace52cc904fdbdc6651dc6761b2c7a599e43e5331d16d46a599e03abd02a691a91476e23615e35ca728c6ba4c2e658cf3a40a98482650d889cb048c741eaf18e134ae9288a08bb05724ee22ec9314c31c28f0f69328ea667471b726e8965813744bac09ba25d604dd126b826e893541b7a4ac9897c59aa89bd1c5fd3a15f74321bb715866910bda85bdfcbd2b6c177644ecc47611f6080ab359dcc3b658156d6b88900bdb43b696a2be69b722ea66ac89b8259723e6f24dbbb031605d2952c92c05bc2c6641b7a4acb84bc5b426dc82887745acb022e8969415f3b2c8a770d644bbb2588ab6352c85dc1af3d5276d1474a1f47dfb79719fe7f517fef4944fd8e628fef4a4982b66e14f2f61267f0bfc6d85391e3331c77d86627629d34b99a59861c2fcff3c33dda61109cdbfcf33834c23533da6634ab94ca3d73ef502265188cf33a54226ba4e2e97098a491476e23a91c24e28d2632d1843112e8fd164148579a4d3858c701c5d69b4cfdb44d8b577ea170e9293ffd2fd3ee13cca63b714f78abbe607db8da910f5b95b05a889b72ac09a605bd2e7f4f00ae9797a58855813744bac09ba259642fec789418aaec70796f2bb6045b4cdfc767c4085580af92fc7fa2bac8978795813744b34c1b68e08faa5c5bd07be3ad09586405f743b3e04f383e88c04aca070b37df5a9e4a770bab85b11ef4b6112f7e136e330de66320ea41e84935117774bac89bb19f9fe5217771177c1da277022eef329d27f319ca7100f7e9e173d708fd9146c0ab7c70c4de0cb61aee774c699562eb3dda751c4cb6726c5782645b83ca6bb4fa1e75e3e93dd26631205b87c26568ccb444ca4485b6382e03a81c23edec4388abb4063db792cc65a30ce799c9550047e0c465504057c6405689fb889b0cb3bf5f368ddf014724b6157e26ea672ddf2d604dd125ddc2f16744bac09ba25bab8ebe26e1d5ddc7571bf5a7127a593d2c8ef5244dc17e24f8f05ea3df985dfac6b33cea9c9683c6651c045c467580d45fce7d0032f0fe5c1d3fb2e8f5982eb54abcc24d35d29e2f4a0cb63b20b05dc99227da53851dc9d28e6e5e14c71a7484f70a6b8331c4f6f7c9c13c59ba23b965e79c5213d78070a38195d4e38ca9e224eac87f4f4e55338fb89186247a12622dad2f52e68dbcc9ebb363abe147aec432bd1256f4dd02dd1c5fd6241b7c49aa05ba28bbb2eeed6d1c55d17f7ff0f71af80794af4a5dbfe6fd3676c7fa911efb25d8e55dfb9cb8879cfb957c41cd50320ccb21ace769b6562e645e12c86b318ce6038bdbcd07526a6a9d9e6a6971b5688b3e55cf265a161619e7e56cd4e375931d17912855f63023de8f1f4a4ad3311e3188e65582e14e631e5329106c0148c709846319faa186e6298fd148ab708bc3571d7be7197f052dfb95b13744b7471bf58d02db126e896e8e2ae8bbb757471d7c5fdaac55df3d02f8482aebcf94598e7b188e112b294a2be08b39c1762b63385de753185fe6fcc76a1e08be8cb276e56914fde648117ebcc72f913339de796cb0ca73997643a99564138cdb17ca638ccc264fb999842ac8593cfcdc024525e38c97e0626da4f534ca0a80ae3cf4d2965820ab95d168cb1128eb39b86b176d3cbe7ec348ca980116428e30d635e86332ff27ba8dd540afb140c7710913777cd9b455d30cf50378a022e942ff0d604dd125ddc2f16744bfe8fbdb78eafe348b3bf67767fb3bbb334333b4c3b98c96098c16126c7718c31c62866962ccb6266065b68313333b364c6f06430894170a5f39ea7fa5e812d3933c966f7dd59ff713ed5b7bbefd5bdad7e9e6f9daaeaaaa580be50d7e17e1dee4beb3adcafc3fd3385bb06f0c09e28840ec4236c3091804f64998c88e183047c22e11ec7d709cb4ade17720d05f7c7f13362975560af5428aea19e6804f0fb7d52f97545c0b7337c59f974845d43a14a5e1d21ac088410f6c1dc0e86677b90d20155f2b561ff5525dfd31e0a8ff6302a7c69b58561ff32726f0b85735b301cf9779c3a597604c2aecd0fd6cd5ed401d8b64973bdf4ad8b7b5f0875676d7e79ea3adc9786ba41d7e17e1dee4ad7e17eb59602fa425d87fbff34dc23097399a8467435dc4307e308e80405f3b0c114c23411c17d29081f4a4368ff2104f5242384af97939c7b2d05f526abcf584e81dd49d754405722023a133eb1fcdbe3e0770df9b6c52e2b9fb618bda2e1d31e0defb62825afd6c8391d6889f81845c2a3257a59ed6f8e5a56fb9a23e1da1601275610ecdb82a8403af8203a7829e9e0e9deedda6554fc02b82ba83beae544805f87fbb5741deed7e1aef43f0177cb66e739b857fdae02bd939da83e5fa6adb77eba1845270b5174ba90702e20dcf3907b8e703e4f9dcbe16b8a90cf17709fc9d7970611e467e4d8bcf24e8be4b9f61c825953f6e96ceaf0b23a4c805f4b59847b26c1fd9728836017a513ea9a520969025c20be8c04e0d792dc90c92201f95212805f430ae057e8af817b02e11e3f4a50cb92ad8475b45eb21d4b69abbfc552317cbd58724c56845b0aea062d05f48552709767d917003e4ca4877bd8503ce19e08bf8e583894fa624faa13761f748269a6072cb2bc609ae6019343fb954cf5a5c921f779a5bac3f41a92e34a0bdfb340c687f6c1f8e0b5e406e31496299fb0e4fb4df8379693fafc6564a4e44ab9c028c5057b539cb137d9197b949c94765f53ce7ab950ae4b2bd105bb4449576b07dfb73dd5059b521db0e1900d3667d9c1b8623fec5afd08783f0576db366de09c3d01ee40906baedde9bf04ee3694559b2b214d880bc815d09d16480f71c9532d3caea4dfd7eaa8642ecbb6b648b910ea867d0e04b86869b08b4c9a0871d11550376829a02fd452405fa8bf08eed7d08e5a42fc1ada566731a7adb5e64a5b6accfe42996333017e2d6daa34d320be843652ebaacdb0b6da141baab4d7afe9e1bebeda086b0976d12be5bbd5d2af7b6bec11793c41e538817bda75b87f8670a72458ec9a5c09770fd4bf5781e18b5da83a5b8ec2d325c83e5f828c7385c8a163576efd3c9df6f9c3c87ce33032dec84606219f798eb0e639f9e78ae69c7d1ecf55150039ff1ce17d8ea0169d15e5e0f0d95c645187cfe6a932ebcce165957986005f62bf4199a73391762aed9a4a3f45a05369739a3f967a329522c497d121998ce6386fac2594a2948224a5834b2a91376c026fcc6b299e8a53658a2a171f17e0d3a1f3a68e3b222e3d9e50d6144f2512eac9c3314820a4a38ec423ec680282a9309e1725d01f89413c611b4700478f8723f28828828e3d8afb0978027a29a81b24008f1c8e5a5611c304fa70b8923cea164a8528c940b968840cc6d28127c0bb2906e61904788a077c2b0f21bab504f12de588ab2f467c6d21521a4aa91224d615518548aa2f4402cbf8ba7c2434707b4e0548685c20be4ee27e393fa9bee8aa3291a5a68225cb7896f17c7f3c3fe793948bbecb27523ee29ba8c63cc4517f6da9b6f97eedb3e4fbf0b72d5072533112d4ef94ef5c84e89a3cc4723ba9b51cd17c1dd9520a97a214ac8f70c6ca1053ecce27945b04ec5e04bbc0994027c01d583aca362540b7ed70862d416fc36d1bc27d392d3531cd9cdadc604199b7bac29c60b720d02ddb1ce664d5e6a8ceb16add078b669ed7e246a0b33240e89bb7daf3b50d65cb63f694c302d9c192e0b56cb283b912cfd5cb8c2057606f12b192c9d702f8a5967b151937da5f536a4df76b48ade9aed71e3af12bb58bee7907b5f363caa5f43ab5a58e6eb95ed36b06d599cc6963adf135c4e384f36b84f86b951684f2d5e5c60a736c20b43754985d55ae25d057f2335eac33c2ab84f9c66afe4d6a1de1be8acefd453af797f9775e2edf8b2dfc3cd32a07e6b744a48c0bdc09f0231accafc3fd3382bb056bbad6947bd33e34bd5386f10fbb09f70ae49e29c3a1b7ca90fc663eb208f00282b9e46c26cb74649ea70b7e338b8027dccfe723e74c111db988703f9b8f5c023b8750cf3d9745a86712e0197a715b804c179f41679f45879f49279f41079e712af393e97486066903acaf2a53096881f4d54a95526e1c3ae84f26edc69435d99378132ea5441e4b3c22a213bfaae4712a818a57e541551af6abf3f4ee5d9adf05e6f1a3f34a188943ca5034d206229024a03d1a87a0e374c9c79210389e88c8115602e89e13872309f710441c0921fc43107e3414d163117c7f3401ffe9e11ea1e02e600fa54210321a8c606e07ab15df621131948280d64458a679c33e351469dd4da83e711cede7df41efb9b73170e60d0c9f7d0bc367dec4e0e9f3183c730e8367cf71ff39f49f398b81730b75863a3dafb3673074f6fc27d220d52f3af749c5efc7efd4cfefd17ffe93a9effca94fa59ef327a953bc8e7cad977c9f81b37a9d398d417ecf3e5ec7ce1327791ebff79b6fa18bd7b7fb8d37517df424028bcbb135c807ab7cac609cef0dc7d620e5daedd468783af50e273810be8e74d90e84ad9d386f81378fdb74b85e05f4855a12ea7a5929b8ef23d8452e306f7784453ba1dc6e4b80b3547027cc5b04ee144b2b9e6bd3ee4ce0db709f05f7b1a443b7a053b764a989ef2598ad14f4178a8e9e60d744b0373b13e04e141dfc32326aa47b57105f4674e4c60d36cbca8800bf9676d7c9baec9674f1cb94b596d8594bc82f51be2e6e5dc0de608acd8d2ca92bcbd7ea09716ac952e04ff7beb1c69250b6229cadae2a375659d2955b2e59aee17b5fe6df78a9612f41bf175bab8cb04d1cbcc09db07f817fe3857a13bc546184ad1596b0a8744022f3d2a1310dee02eeeb70ff0ce16edeeac4d209ae0c9ec677cb30f66127aacf9611d02538f476090ebe41c74eb75d4190d69e4c430d615972268da0cf6049e013d0c5a78af42a40f1e97c1411d8d2175fc4e30574def96732f53a8cfcd3d9faa6f97c6ed3e59fca43eec9c354d632ca44ce896b49fad3d3d534b2cb9559c7d390495d591e96ed63a9c83c7a1099846926e1ba7cb9940e2183c7d3c69391ba8c0eb1967a684c6ee8a524c79270704ebc81f5fb3469e71da45246139042581f1c9ed7a1e138640c4623b32f14298374e4e331083a160fffe3c90866c5206a3411093c2749e03e164af813eec708f76384fb7824e12eae7e69a81bf457c39d950805f751c29dee3d8c1590e8915404b526c1f29037cce3fc105e5e84acf62e341c21c0cfbd8f91b3ef61f8c49b9a4e52a7087bbd4608fca13384f19cce5167e775fa1c864ff33d9f504322f5373e89dea0e43bf17b9cfd641a3c73462fc3f65f570e8858c1110d8af85abecff0e9b318e1b5193ac5f358f69e384371df5bbcd654e7c9b3683e7a1a71650d300d8ec5dafdee78c5c71626793eb06f0924d03d61df25fdecce7020dc1d15dcdda87d74ef74f41d846c27b504d0176a29a81b6480bb459b3be54a2d80bb947cadfacd9b98df9a783eddbb5d2bbf0701eed064091b82cdbc89151271d88b204dd7cd734c2963427d4e74e84674ec46026d9ebf9770df4df7be8be7efe2fea5ca9d84fb8e463bec68b0bfaadcd9604738db624f1d9d791d5dfa12e59e5a91d592e56e96afaba6754b6a9952fad009f3adcb9535664adb9629b756996033b56589721325ce7d7db5c5f2a27b5fb79ca439be968ebd7c07b617ec8051c14e1815eec1f6e2dd585bb117ab1ae8eae7e06ea5e09e40b84b8e4b65ce4d3926ba0ef7cf04eee69429c16edaee0427d68aebde2bc3e8471adcf3e9c6d3df2c42e6b91c5411ca4d84600741d545b5101ccd2c9b4693a983681ccb42c3b82893093b1df547525177f410eaf90face53fa79ae76b3aa854c5e355e3e9a8a6aac6d3a8142a195584dbd565122a4729de105797c9a8e076e970c2f21a494019cf594ae5528e24a28ce79511964b95a543f128198ca362972c8b0663503018b9acf2e9aa45791f57f6b3ec8f9c2f171eef0f57caeb0b5ba47caa8060cfeb0942ea4008611c8910bd7b0fe7758fe5354a648540c17d346c1eee47c308f728823f16f1c34b43dda04f0bf71079146e20198184bb4dba1f2c1302e09f9f85a8d20ae4b4f4a1658c403af9168614d8e9de09f7a193042625701f3ab510eca2abe13e48402faf3730c0cf594a837a0d7d2a094009d44f2482f7a4fc7e9161fbaf2c4f53524930487f5d8655a5e73c46cfbf857e9ed775ec142b00dce6eb9e736fa2f1c8712455d4c12a240e1b5cbdf1ea3e37acf12714097707c2dda1cb4bc1dd4e5cfb6704776972b76cdd47b9eb9bdbe9bef570376fb7a3ec0968e91b77816593336c1af93d08d47d0d563850670af7eabd70aa35873d216a5f6fa38950b5afb3e2b6ec6329db84a412416a27e23e3bbec796e7da10b2567c6db54c695923b25c5256947595056caacc605b694e2d559ac1a6d274c9d29aa57985294c2a8c2993a5cb726318971b515797a62c2d4af6c2aa782faca9a54a2bc2d6b270377575695eb41bc6257bb0a7942a5b5abb4b772fabbd25bb605ebc1396d95b619fb10d2e993be098bd0bc639afe3b5a21d74f67bb192f05f59b1075b2a2c604eb8c7099c8f2411e88790ac44b81fbf0ef7cf04ee266d4e3062f0da3368abdf2fc3f005817ba91a40977d9ecefa3481cd1a56c7400c06bac331da1381a1de080c748563b03d0c43ed21186e0fc6504700863bfc31d4e987c14e1f0c7679535e3ccf137d9d07947a3bbd281fbdfcb8cf8fa52fe549c9394b97bd74114b975ee8e17637cb4fa21e29db45ded790e19cabd5d5ee4979a09389ae8389ae93baaa648213b57f5cd9ce924973ae5c789c8950d4ce043b2fbee6b98dbc0e653d7ec8ec0f24a843113e1e8dd06309883c9a44b79e884471ee43d2e71e8e882361843b7534822e3f1a71acc048b37df435dcfba7857bf06034827b1310d09c00fbac40d81d0c4540413682720b10575c8bc2e65eb40f9fa0cb7c0763e7de23b00864013bc12cf01c3849489d95667b8378ecacecd324c01f3cf3d635f42606f8594b49e02fce7de4d4a7d179eadca790bc5ff4c65f5d0eb394cacd905c07255e1b5e8f116a58ba3af8db07590e9e7d137ddcee6645a79bdb75e3c7105f5e05ebd0286cdbe78b0d2e5e58e7b11feb03e97e0977699677ecf6fe6f81bb9534b5b7b85332b04efadced09755b9875d8c1b483701737cfbf6d236383e892f7555b2280a08e69b4444abd19d26bcd7098ee33db208236bbda84a5a956568a8cf95a2f6ee7e8755844f79ac5f3965326dfb39c32a8f44a23a456ed459a94957f5d99b6e0756a054bbadd2bcbb9e34b94e92c33cbf6e230e17cb874e9328bf0ce2ad9bd6499c932ad6c1752cb772eab43653b96d541be37b9cc040945a638546081b4121b441759c23567177616bc8e8d557bb0aa762f5eaadc834dfa3ef79863896a2c51d2f154ea10a50d3cbe0ef7cf02ee74ed7b3a9d60c780adfe1de17eb19d702f46918c783f9f83e293a9681989435f47108e34f9e27c7b20dee80ec11b04fadb2dc178bf3580f2c0fb84cdfb0cc2f7db5df0db7667bcc7cf7dafdd11efb63be01dbddee6beb7784c93ab5e2e73c797d3bb1d8e78a76399927fe39d0e17bcdde1cad2758992c7f83796d23b73db6ecbea2dfeaeb7a45c523cd6e18cb73bf9dbba96d75b1f23751e3fe3ad6be84d26ba85927d6f743961acc71d0d3d5e74f67e481e0c42d418617b341ed1ac1dc78f2610ecb1481e22c8e9ea238e4410fcd45182793c1671230994349b2f0d76d17f85730fed4b5470b7cdf057700f2aca45604e3ec2b24b9154548392a66e748e9d22a8de46ff09cd4d0f13cc03847cdf713a5cc26a39e7aefae609ac7e6ac99270eb23d496523f250e7ee824ffde27162b199f4a84f5c9b73e91a4a563908097667783b496046ecb7efeb65efe8d3e5e83fef3ef10ec6fa1fee8092454d6c032241c5bf67962db7e7f6c72f7537017e76e94e3a5e0eed4e3f3df02776bc2dda6d99d12d03b13ee0e0aee2684bb71a73d8c19e7963278afd5114e74d1de55e6486ab445798f0b3afa5c31cedc75b6d51e6fb42c94dd9cce37db6a6ab2c51b4d364a6f2a596b6ae6768b2dde6c5d5a6fb4f03dcbe81c75aad50627446db6d4d2e5c96be84cab1dbfbf2db574798e959de5745e4afe46259ebf94cef2b72d2b5e97732dd638df6ac9df63455d5d9e6f16592c599ee2678cb5b963a0d51b63e4c25067302aebf72338df8895c46d74ebbbb0ba76375ea8dca506e719d53820f278a21a389c743c4d0ff883d7e1fe99c25d26a368779f837bcdb962149fce41e1b92c949f4c46f7682c46dbfc71aec90b7fee0cc4a581305cee0dc5447718a6fbc3a9004c0ff8617ad097f2c19468c87b4e9373f2c5c49cfcf4f25d707c694d0d2f2339c6bf3539c0cf584efc4e9343fe1fa3c065353118808901ff6575999f3f31ecf3a934a9d7a2fd439a2ecfc91b970635c96b39e7e2a83fde1e0940478f374afa7d90caef133b1246b0c72296419040679e341043e8c710ee51083f1a49b85347a311218fca8d2452ac087c86700fd537cb07b424c232d50796f101082ccc41687eb1827be4e112a4145612f09d681d3e8e7e01262134247027a0064e8b53977d06cd3b7771ab836a60db5bcbaa8f80ef25dc9694009e005480ffc49a07ea5f2f5656e8fe874ef1f79e7afb1348e0ceefc0df71b5a46582d780d7b1937fab8bcebdf9c4592456d5c22a3402db3cbcb065bf37b61f08c26bfbfc54b3fcab7e84692e1dfb7f63b3bc0de16e4bb8db12ee36cd32504ee06ea7e06e44b8ef6569dee9083b02dcb5c61cc115a6c86fb643dfe001bc31e6830f46b518d7728fe42091bf26c6f694e425e6014d3e943774a27e2f4dcc1f3ae6201d73d152d23e77694de973cc04ffc6b534c9efb2acf89d26f81d9693e4cca961bf2535415d1af6c50596174696d647d7d0057dae991cf2d2e7eaabcbc94191e792e5657ebf8f0642f00163fce27832fe389e849e561f44e6ee86e9e1d7b0a57c3be1be0bcf57edc2c66a73ecadbd12ee94be69fe3adc3f13b83b63af4c23d9b65f35cb8f5c20dce9dc4b09f7a27319a8389988fef1181c69f7a553f7c0a51e3fcc0e8500fd41402fcba1706098e58828542b99e00d9a550a559a190dc7ccd84245a87db3a36173e75ca919be7f59f16fcd1066b323fc8c6b89aef55a9a21f896d50835cc7396918e00d38d7e1a2dfc9e7aa9d7bc36d434b70d9ae26bd134bfb36e2c0a534762f03eaf636faf372a99a832fa7d09f460c44a93bb3c263748b8f719e01e8d303af6e0635108391a43b8c713ec4954c267db2c3f10a59cbbf4b95b1cf286598caf827b445119c272ca109e558c98ec2202be02555d83187de33d9cf8ed1f31f6e67b38f2f6fb38fedeef71f4edf716e85dea1da523d4f83bef62f49df797d5c8dbbf5503c896930c301bfd547ae75388dffd8ddf62e40d7ecf377ef7576b54de779ebfe1dc3b4be85d0c9f7b8fae9d1580b7de47179dfba1fa1658854512ea9ed8eae98bcd1e3ed8ea11880d6ebe58ede68a75014e302bf0837d73807abeddb6431e83fbef81bb1de16e4bb85b2bb8dbc3846037eab2c7ee0e1bb56d4717ea56658288522394d75be358af3bfe20001a0d64ac8431ef300ff17ec348a4928a5bc6af4e6d3396789fcef23e8512cf1f66ae12a9fcc1639f40e06762f02fd010bfd33292cf517980b97039a93cb984a6a9cbd4c5f14fa64bd41435cd1ca25b46d3cccdcb8bc707250fc662f6f8214c12ce832d5e88c87a1d2699ebb0b5f275acaadb8567ab77617d8d19e16e8f28c25d9e0e4a3e964ea5a97ef7eb03ea3eb33e77671833d01c08eedaf7ca30c6ef5b77a61865a772504cb85712ee7dbc81869bf7e15d06fcc51e4f4cf5f910eebe400f3514ac8264568941c31b1563024dde800c381d350fcb18de308b354de848002a482ea16906a348c74012cda8605d280170cc9c66f93734f186539a3fb6bce2f8b7e23e713945873c4d076c908ec0d48deac5ed85c71689efd30dc7f1ba89f85d473449b0ccf098488ecb79934371ac2dc713ee89bc6e4998397210d3470fe2f7e3b11824dcab7a3c7098ee3d69380831bcf671fced8943027796847b0c211d72240a41847b30e11e3e168b98e1046abe595e40fe7130bf521fdfe73e0f77ab345f58c4f92bb887159628b8476697209a708fc92e44695b2fa1f51edd381d37dda76a363f731ebd274e6b4dcedc1e3c2583e8b401698354efc9d3e83a79161dc74fa3f3c419f4d0e98b2b6f3b7a52a9fdd8a939b58c1f57a59c2765ebd11368a19a8e1c47c3f8513473bbf9d80935d84cdb770c8d94ecab1f3b82fad123ea75f5d008aa0686d57683ec1f1be7b171b55d3530848afe01bef708ea46c6b83d881a9e2fdb558343ea7825f79576f7a2bcb79faf4751d9c7f3a892ce41a5cafe7194760d29550f1c4179cf080adbfb51d4d1af8e17b6f7a1a0b597db7ccded92d66e94b674a3a4a54b5373178aa9a2e66ee436b6a380e764b7f5605f522ab6eef7c2266af3015fbce621800fc4463af735eefbb0d6df51c15d06d4d9b4baab47ce3eceb92f09ed055a6ad6b939b5f21c71ec4dfcbc2617ca11d62df6cc4b7630a663df43a8efeab085119dbc6dab0df6579b22aa6837aae902cf75bae242ef01ba6f3fe6221a897e429ba0c160346607a231c37b7e86f7b68a23c6da2c4b89330cc750510bc4f325f6540c2ea1211e5b4690386539cd52472d59329e25472c25f97e86985f5ecc658ba4dfcff89ea1e4ef4cf1b5fcad29fddf5c54f2983abe44a989f985d747377a6d4d8fca795788d752bec32c8d028e2743773205fdad07109ab50566b91bf15ae536bc54bf13cfd4ecc0fa5a5305f7e8a389481a27ac8f6410d869d475b87f66703725dc4d19b4cecd07d0f06e398e7cd881fad3c528d7c3bde2643c7ac6c2d0d7e48477bbdcf1512f01cf5af3cca01766185c180a6010844047373f3dc892495e6aca02e6a9214dd304c634e131cd1bc1a029bd2679c34e31c8a697d1146bb793acfd4a2932ecd7f13345d30c4eb9c90cd282496e7c060f25db0b8f2f2d39e71388813d45804e0d25713b89d72099256ff2e1645e831425d99edbbf4439c3f7613081d7910142cdce2991c744dae74e0e24f13af0ef8c1ec22c0303c70f6386fad3d1240cf7fad0f5ee4376bf3752468208eb70c4f2da2611de89fd84fb0041ce6b25700f24dc83e8e0c314dce33f73b8870c4523ac3f491b2d9fe10fabc4c0b966f9f0dc3244e5942ab84713ee2584fb005d67db91136827985b09e336aa831015b513aecdfd436822145b09c9f6e151b40a5487c650d33f8c86e17154f60ca0acb377ee75edc088da1655f711ac3c5ed1dd8ff2ae3e54f50da2bc6f00853dbd2825908bf8b9f99d5dc8a3f2bbba55292ae8ee414e7b2701d98eecd6761c6e6d53c773da3b70a8ae1e592dadc86c6e454653b392bc3e4c1daca9450a75b0b64e95c955d548a8a84462651552aa794c54d380c40a1eaf6e466a6d0b922a1a785e2312caea10575a8398e22a44155622beb456bd8e2aac407451a576aca8023179a588a3e2f34a1097ab2936a7582926a704912cc3b92f2cbf0cd611b174ed843b1dfb4682fdb5037e0aee9bdcfdb16ebf3bd6f8d9c32cdf57f5b9dbb022ffdf017779bccd9a70b731c05d9e4717b813e8bb09f79dd49e363b3a7c5b78d2fdc514ed445d85a91a2f33d5bd1fb35d5e403701df4b93a1002f7027040705ceac080f337e448c25dd5002e3897981e09fa5a04a0134f731e696143f6739e9a829c6cf6582ee3273cd9262feb9c4e34b69429f7f661823aa32c2ef7e55291595011a185561d1ef1fe2f7365432f8fdf171e2ef5b4e3a5ea3e911c92bcb89c795166e6b0643379688d96389cc45cc6127989fcea4a0a7cd0341599b6156b4196b2b36e385861d78a65683bb11e11ecb7c7570ec10d2c6339076248d30bf0ef7cf0cee66ad2e941b5c9b0ea0e99d4a1cfda00b0da74b14dca559befc543cbac7c3d1dbe28cb77adcf141ff7e7cd8b78fa0f1c014218f215fcc8e0513a404bb6a26d79aca67549333214c686820969292d70af406f1184b71f54b49bd9710d1d1a11b803ec3f728d1f9ab730878d19c1327d816c9b07f09193e7359c9dfbe962430c51d3071cc4af2205025a95ca999254b798f405d0290c946957a29a72190e73984bf6e801ae4fb08771c4d67306561f6c4617cc86019e9f142359d4c4ebfe722b827f2f3e307e2904009b4838f4412ee1174ef11081b8f26d805f0043bafc3ff04dcc308f748c23d92708f22dc8bdb7bd14fb8b712eee2ba05eead6384fad85105f74e81fcc838da0687d141b0b7d00937d24137d0fd368d1c51aaee1d54106f1e3d8afac15154f1b580bcb4bd1b557ab0d7f0b8ec2fe9e84171570ff204e404786e7737b2da09f08e4e1411f6f93d3dc86c6b4316a17e98fbb5b283c73b90d94a985352cabef4e616a43636f2751bd25b08e99a1a1c6a68447667270ed6372081603f585f8f64823eb1ba466d27b04ca96f4262553d624aab104fc8479710dce53548a8ac475471255f5721b6ac46ed1345149621bc8015229e17555c81a8fc52c48808f7582a8620d7548a282a82d7372caf8cd7bb1c56117174ed3e74ec7ed848b0bf76c0ff7f18ee2eb094c7dc9a796e93b382bb8dcc2cd76247c321fded0e84bb0376b7db2b47ef516b41b8ef4203e1fe5bbe5fd7ed8e597e8fd94e42bed71b180854cdecaa399ef7f314e13a319a80094248ca493a5031149277241769f14f71df279172be525e4353cc4bcb49191595d70c2d925797f3ad9a5aa9753748cb6894924e752b7e8cc6f89e25a41be3f718630585ce7beac8d2bac8ef299aa019105de6b513c9311dc13e73823a49d09f4ac2c57307d1d171007e87b7c0a47833d6540adcc5b9efc40656cc8c6bec117724098798c332c632903e7e1dee9f19dc4532f5a3458b3bdc1abdd0fc76158ef1bbd69f2e45d9a95c149d17b827a0fb68047a19886ff57ae0cf031e04fc3e5c1edc8f89ee7d98e9f7518346a60875e93b9a56923e6106cd9834e930b05843145d16494d5789370a83432441b7ac4644717a195eeba58e4bed5982482f79fd978ae74bcdd910e84bc95071585684978eb5691dddb1688635e5a56af9cb8a35f2d9814826a6088a01abc40a036be9f2b9720ee83c30920c8c1e04c653816374ee04fbec49c2fdd83cdcb309f7e4d120023a9cb08e43fc4822e2f87e51242b43414709f7e306b847d0cd47292dec5fff6f87bb025011214fb87710eee717c3bd99c06e1e22c887c79473ef397a1cbd47087981fbc0209ae8c89b86c6d144975e4d70d7f58fa8f7889bafe2eb8ace3e94b5f7a8ed06813d015fdd33885a025e802fcde3c57dfdc82184f309f83c025e409edbd5a5f609c8b3db3b9041279edad844c0b7a9ca401ab7d39a9ad43919047b1a1dbb06f96605f684aa2a1c22d405f029757548d597722c856e5fb605f232723db19aaf6b1b55195751832496f12c63cb04ec55082f2c45485e11c1ce8a507139a24b2bd57e791dc6eb1849d80be4a308774d7ab05361847b685e39420b2a08f778c25d9ae3fd09777fc23d80700ffa1f83bbcc256fd122728615c12e70b723dcc5bd9bb53ac0a8c311bb3a9d08779947de01ee7596acd0eca67337d3e0de45b8b7bb11ee54f701ccf4f9326682540e9a22882e313f7c447dc81cf42163e1a391042a0e17959b66ee61fc5f1271df25e6a425c563ca992fa32956c47522c6fd52d21cb8212f5c299a1bc6d014c13d45504f316f5ebb14b15240304f13cc9363915a9ffb58f827d6257ed6657ed665e6eba57481dfef12ffe6c43873f8788cdabec89c21af7504fb34a13e75261993a753f0e1f954b4757ac2377b2be1be056b2ab610eebbf05cb536a0cea4c601f1e349481d4d4126e19e711dee9f2ddc2d64f28896fd84bb0fe15eadc1fd5439e19e4fe79e49b827a29b8eaf97e7bdd3eb850ffba93e774cf41fc024037caac70fbfef0ac40752433e918ecb2732a9c3dccea50a70e9583e2e1c2f98d3474af9f8e8c4bc2ec979d7d2c9c2a5f78bf859978fe752394adadffd0b25e71fcfc634bfaf8e4e78294d1fcfc4d4b16b4b273a2ae27bd4ebbfbc9ca50b9f3d22d0d6342b3a928a194a77241dd3473230cdcf9d3e968d29fece495eafc99305983855c85b291fbf3f9e82a13e2f5411ee87f9bf4922582309d52856ace246921033188f5856aa2218c44147c3e17f3c8c700f43f87818c11e4e4510ec1ae0ff27e02e000acf25b8720b5148b8f712ee2d847b2be12e7de4d22cdf4ab7de4ab8771d394eb73e8cc89443d8b07d07566fda8257376fc72b9b5fc74e6b47c46717b022308e7a82bbae4f1cfd08b78795ea7ab9af670835dd03286de94405815fddd58fc2967614b677a1ac6f004574f1c5847d41471732ea1b91dfde894afebd1c9e935ed780dcd676e4b511f6cd6d38dcd482ac4602bda995c7e8d81b5bf89e66a410d61974e3d9cded48ab6d40527915526bea796e2b0e56d522b9a21a896595708b8ec7ab7b4c60badf0bf174e1a9350d7c6f2d12e8e045b22f91004f12c7ae1c3add385dbbec4b2cab466c1121cfd7027681bfb8f970023e3c9fce9e4e5dba3ce4fa868af22a78bd2b09f704c29d8e9d70d7f43f0f7733e6209145b3c0dd9eb9cc1e76944c276bccbfbfabc38570e7f13627b8d55923a2642faa2bcdf12ebfcb749707d0ee49f950fe986e27d8bb656c4e326387f172240f1347f23171b400978f14518c99238c1dee9b148debb570fb4af1fc291e9f5aa69c1ecfa589c9a113be8678ced2ca866e9cb17d24f39ad21934be58d3e319cc3fe9cc6169cc67cb488e2da3494ade3f75943946f2cc5292bfc55c255d803a396f8c3989ce5bc7728626639ac09d3c730813d487e7d309776ff8656d8369d156ac2bdf8697ea76e185caddea5138b36a99a14e83fb75e7fedf06770fc2dd8f70afc5d10f7a09f70ac2bd8070d73f0a4730f435efc37bdd3eb8d0eb8d0b3d1ed0d12dea5af763aa3b10bfeb670df96c11a67f574f3561fafd66aa1dd3bfedc0d43bed987abf77b17ed74d75e9d5c9f774f1fc6ba97bf1ebdf8af83e29dfeba05aa9962bc4ef20e5bb2cafa946ccf077cfbc55b38caaa17b7339555195987db39c2a5b502ed01b06952e59e27c1170369fca5ba002cc8acef19a9e918a0d9394c0fc4c092e9d29c3c5d365f8f074093e385d84f74ea462a0df1b955d6ec81af04622e11ace9abe1a0d3f4ab80fc5239a0e248cffc30042ddff7808e1ce73c643789c522eff7f10ee74997370ef24dcdf20dc8fcec3bd5306c211ee0d7d83e896fd74f1e64e2ef8b7af7f13773df408ccec9db166eb4efcfaae07f0f2c66d4825f41afb08750139e15d4b98d7760fa2b2ad0715adacb8f60ea3b2bd17258deda86229a02f69eb42454f3f0a086491f4d917735f7e135d3aa19c4b708bf209f5a2563a7cee57afa56c68c5e1da666e7720a7ae05d9faedd4f25aa58266ba7fee4f2dab4166352b01546261397ce30fc2c8711f3c23e371b0a41af1bc0e2925554ab1b9c5482aaa50db89056538585a8d94e22ac4d19527f1bdf18478587a0ee2792c8e958050823d84dba250c25d9c7a582edd3aaf6f8894793c27bf8a704fc46682fcb5fd010aec9ba82dfbff67e12e637e8c659ad9567b05770782ddbe51e6857782499b2b76d199efec708519cf75aeb74568a9312aaaacf056bb3ba6babc09755fa02d086809c1547318749df1ac203386ce3139bfc1fcfb5607f00ef3f13b3d73c23b5dc0db57e8ad6e6aa952d4b97cf9661bd5b2bcce375d4384c739c2e36ccdc7eb4cf5bc4e57693a53c9f757f073984724972ca573cc33cb08e74af839d4a96be8582155a08995258ce552d9540e5fd3189dcc20dc3330713a1d1f9dcb403bff1f8199afc3b2603b5e2b65c5bb66b79aa16e73a505ccab34b81f22dc05eca9d7fbdc3f5bb8ab15995a0ec0b5d11f4d6fd7e1c807fd847b25e15ea8d66b2f3f9182ee9128f437bae3fd4e5f4c74535d9e98edf4c16cd3014c7704e24f7d71bc4ec5bc10bc617f4ffd9622dc41b8e31deab7bd739afd2d038c809e7dbf93eaa0e43c83e4dc2bcaf758becb6bf82e2fbabe9c7947d4aa956fb760f6ed06aa9edb0d84711dc5ed3709ec37eb08df5ae8de10d52c5d9eaf848e9014cd2c55f23ae8e894a7a9abcb7c4a9c7f1a954a672d9247424407351d15a52caff104c8a042197438454d8e8a6231311a8fcb74df97c79278de417e3e6bc967f8b74ee760ea540e6fa36c5c3a7d18bf3b918c813e6f9477ef43e6a00f12c642114e9087f373a34793113dc452e03e4eb81f0f85ff09c2fd7830c28f04ffff02eee1845a28e11e46b81710aa3d847bd302b8771c63397a8480ee53cdf29d94b98313fee1dfbe848d3b76a1852e3d83207cfae5b5f8c9af6e857b60380e1386164eeed8bcdb14db4dad6162e7828ce24a6471bfed7e1f3afed7b1eab5edb03fe087c3846e7dcf208a0869cff018acdf698417d76dc24e4b3b44a51d56fb73096439f6ca961d7879d37698bb7a2089dfb9b4b98365314c9d3cf0d286ed78e155becfdc01d16979c82aab436c463ebf87079e7d65239e58b91edbccec1179285b1df30a8fc7baed467038e08fa08443d861e980d5dbf762dd4e133cbb6e33b7f7c03d38127159f94821b03dc362f1cae69d786ad57abcc8effe022b329bf8dbdc6393104cb807d1c50711eec13c37847017a81b14aa87bb757822b610e49b087701bb06f760c23de07f04ee32f39cb1cc90d9ee4878dbc3a699706f1039c0a6491cbd1be1be8f7077831921efc463c1652628abb6c6f98efd98e8f1661ef202e81667da98975afd31d51b8d995384d06feb81dfb560e6b76d340434020bcd01f38e8eb9453463d07b9dd4d5a58ef94bc73ca3a34959b27c8b3947e59aa5a53b5785696aa95277ae92315dca982e595653a78a3179b2685e270a95268e17d079e7d175672947bd9ca6c753afa14398628e981a4da492962c7523c9981e4ec0d46002a6691466a57b705c94821996d327e9fe4f65628a90bf74260bddad7e0849df019bbcd7b1a5f875aca9da8d55e57bb0adc2423fb7bc0ca823b015d8d390721dee9f31dce9c05d9a7cd140077be4033a1dd60a4b4e1511eeb9a8387110dd439118a873c3efdb7d30dde5039dd4983b58636ef484ae3d101f75476086e7e277ac4dbec3dae479d626dfe04579536aa6d49bbc0e4a4d74b38d986540cc12c006e1cd2b25efe5c5959200c6b96a3a595e70116bab4aa7e99245a7e8821900b3fcbe4a270b31233a51a0a43b918fe96379983e9e7bb58ee53200b2b466a6d18398a1e64bdebc52f26696d1b6d3fa51b78b4b198d4b300f8552c1981e0c66100461724014a834d14ff505ccab57e44ff9a972b2c707935d1e98ead434494d5097bb0ee06297172ef5f8ab813438120ff0a6c6a954fec654fe46ea4c1afe7c320143bd027777a40ffaaa0562c4a5878f272286bf217a2811d1231adc038f85d2bd8720f828e13e1ecce3a1aa69fe53c17d88701fba12eefc1b8be09e780db88bd324dcf396867bf3d831b48d5374efcd832368191886958b1bfee92b5fc5da6dafa3b97710a504f06b84f2f77efa4bc2d21711c969b8f38147f0935fde828ddcefea1d8058827aafb5231dfefd7866d53abc4480de7edfc330e1be42c2db272c06f73dfe2c1e7efa45bcf4ea46dc7ce7fd7885004da04376f309c2bd8f3d83479e79098f3df7b26a2590ca43514d13ac5d0ee097773cc0f7adc4332faec12f6ebe1b9b779a223dbf1c9604fb8d37dd85154fbc80a756aec32f6eb9079b76982025bb981514777ce7873fc72bebb7c29310bff7e1a7f01fdff9111e7f61359ee0e77cff865fe399956b10129bccef168dc75e58859fdf72173fe7557ecf67f0b5effd08b7f0375afbf35a170adccb09f772c29d40e735d5c05ea1340ff7246cd9e74ff74eb0eb01bf10eeab0977d32be06e4bb0cfaf0ae7c6729f9acdf2bf0aee6afa6b057771eb0eb0a36bb76f948175cc4f2d6ed8c3bf278037e367c9bcf281e52628adb1c6b94e813b4d06ef7bf4ba43d7bd1f173b0fe0f2400874749278bf8cf0aec4d4bbd59878af9e6ac065bde4f5e47bb53c26aac3f4bbf5987e6729d562f2ad1ae67d7ec6159aa4a6dee2e79f2bc6d45956f69558d967a96339a3b6997b4ee7628a5aaa948afac4894c8acef7381df09cd2e77489f0bb78e4e09c2e10aa1f8d252b5d247c27646cce00f3ef4024b5b0d434d51b7a0d05ab1c74b9d75753df42f9709f37e5830bcc451ff1da5ee2b64ee6053816031c8fc3cc51e9774fa501ca64c9df41b3d1dbea8b30c2dd2e771bb6156fc73ac27d35e1be553fb7bcf4b9a7f03728a82b5d5f38e63384bb94fbe0daec8506deec631ff4a19a702f3e55820281fbf164f430798f36bae10f0c785db71745a8b3c63cdbc67f7667202ef644b2069785d93f10d66f10bc04f2cc1b52a36dc28c343fb154a037809bee7a5649202ffb171c934a81009dce5ae97c35e1ce0ac3595618ce9629cdb2b63b7bba18a0b3c6e94202af80ca27f4f294664ee42acd9ec8c1ccf16ccc1c131da6b294b4fe7151baeadb9e614d7296c1324b972c9a199351e9524b4d803ccbae2956815c248fa268920175e190413c3304f9cc400066fa03a0eb2390fbfc3043e964900f034534cd60d1e485692626e9da98eef6608589c9898972a6d315b34c6233ed2ed075b860aac39de09719ffc281a3fc5e27d228262eb9d60ca6999399f84806d475fba082c9eee0902fa28e8422642c1211fcfe71ac80c40cc413c231047e24828f8421645c9c7d288f872172340291233c7784905ea070427b5e91d754182b7ee1831108e3770c19e2e70f0bd4431024a2a30f91e7dc0977997e569e73d7e09e47d89412ee1588c8ab40787e09215f84820ec2fd3ce13e4eb01f3949b01f5723e0db468fa183dbf53d03a8efea83bdbb17feed9bdfc5faedbbd044d77d901583479f7b1137dc742bf60785212cf120e1fe106ebff741441fca406d7b377cc3a371d33d0fe0ee871f47544a3aa253d270ff234fe2b6bb1f80bb6f10d66c7e1d3ff8d9af606e4f97cfefe3e6e90fc77d9ef00f8fc59304eb8d37dd0e67561c7c422271db7d0f11f42f22f66026366cdb897fffdab709f717b0f1f53deaf53e6f7f1cca29c0ab74f95ffae6f770cf234f60cd96d7f1daebbbe172c0078919d984bb0bfef32784fbba4d08088fc3bd0f3e8e6f7cf7c7b07674875760387e75cbddb8e5cefbb0cf3710465676f8ee8f7f86479e7e0e41d1b130b6b1c5f77e72036eb9ef01d805f17a171413eca5047b294244aa3544fadb05f05a33bdf4b92be7becf4fefde293ddc5f23dc6555b88570b766ac5b77c87aed8e84b923ecdb9ce14023604f376d4b176d2d13d47cdc2435d4525037c8d0e76e429912f2e6adb26cab3c0e473539a991f42604bc913220ac603458c3bf7c2f4a6a2df146d73e4c317620837a7bf641d74bf8747be3625f08a1994ee75e4138d319d3b04cbedb4835534d4a53ef3610e875d0293540f75ea326d926e87504bb26c25f415c54a55705c15e81a937f9f96f9663fa7c31214e3341e9ce32f708d8cfb0d44b772a47af6ceab0d2f449833209703adfe374d0c7168a6e9a509b22d02658499fd35882d69aa77fcc6e8215f269e69f199a8bd9c130cc0c86300785522198d56ba68fb94989f989c642a423d035f931ff78f23a1ea0c9f0549525d1e51e9a8b1e776eefc365e6a44bace45de4ffeaa21810fe8dd9e309ccb787546ba5f69b6890989726cf64a2b7cd9bce7d0bac7336614bc956bc5ab50b2f13ee9b2b2c615ae988d823494822e093f91b0dbabe70cc67d6e7eeac02cdadc5038def5563f443817b35e15eaa877b12fa98b08fb6b812eecebc3908a39efd840e41dfe587a9ae205cec8dc4e4b14c5e9416c2bc1a336fb732085a79f3b753ad74ebe2da05e0bc5094805d9acf756f31a0dea29ba766e8e86708f819c25d2a07b304bb123f6f96709f395741955104fb593af53374e94a84fb6982fd14c1aed7cc49c2fd640e2198ad1e17533a4e201ecb509a11a81f4dc3ec51bae0a332808d2e9d37dd0c6fba1906d1cc783c01af1783483d6e374a90137cf2f8db0c81a62982700f5570d7e9c17e25dc6504ef0cc13e43a8eb945839ea39c06b78402b99a0a6e8dcd5c85f021ded4e409b232b4e4ed0d1b54c760adca30006cf8cea026085859519dd09260e565a3e626d7eacd38f70f740d2b09f5aab3d48c13d0e89838988eb8f21dce99eb92f649c0e7b944e7d9850e7ef08e36f0a15985f436102f06b49c19d25011fc244a3e03e6c803b61afe02e0bc7c4ebe11e84a0a27c84d16586e7562192ae322abf8c252b93ed84fbb977d0ace07e0acda3c7d13272140dfd74ec43d2247f0caddc16b8ffcb7f7c13bfbcf94eacddb2030f3df90c6ebce5566c3733477e6d1d82e31371c7830f13b8cf2121f330ea3b7be0eae3876ffee8a758bd792b8aaaeb905b568935af6dc58f6efc25769858e089e75ec2cf593938101082b2ba265435b5a2aab90da1b189b89b15856f7cfbfb58f1d89378fc99e7f1bd1fdf80dfdc7e173c0956877dfbf1e31b7f8e7ff9ca57f0dd9ffc840e9c6edac909a9b9b9b07074c4777ff4637cf1cb5f268c7f82fb79cc8afb0ee5e4c0ccc101dffec18ff0d2ea75f00c08c7bd0f3d899ffd9a1588fd3ef00d89c2ad773dc0bf710fdcbcfd5869d8852f7dfd5b7861f5ab884b4d858b97277e71cb4db8f5fe7be110144ca01712ec250aeca102764ab58a4893fc95707727dc05ec0be14e17bfd68370f7b78709e16e7f05dc6d08773bc6befd1570b7a4ac9600fa425d09f42b65d9e20273e616d356ad89de84f7be19212f7deed6cdcc4f04bc598b2c4b2dcdf51684fb2ec2dd0c6f75b93276e8da097971ed125b977b0208f7704c1338789f3946baea24c7301fe9de3634a74b775e338f31efbcdd88596ecfbecb1c25fbd47ee621696a97aebdb7f9196f3217a926f62a4d6f544077be9c794e54ca7c54c2fc44a37196b98880573a5340f3c19c44e9988b94988366f4d231176992a67356d8e960679887948e2443c73c34277d1ed22693a1535ef4048fe423c29d3127f38c28c95c2303c1ca6ccc8ae1d0e7242d1789683416e4a21979ca40ae1fddf954972726097bc9ed935279ea72c1b4ca434e9822272eb73157f5b122c10ac82c2b2c9334523afec669565c04ee97cf66a2bbdd1341e91b6191bb1e9bca36e395ea5d7891707fadc20ac695ce7ab813d0c74409149d3c0de475b87f567067cd6c0eee1f5d0df77e057717fc51e0deb79fce93ff7cb921ba09f7ee60c23d8a70273cffc4c039cf4078a79db5db7602be13d36ff162bd25834bf470d7bb76093c1d0349c720d3c02e4e9f7a43dcff62b86b602f671011ee67f57057c1a4c1fd6ab05f01f7e3ac783090948ea513e802f634ba610dee330aee84fa113a7501bb12a13e1ecbc062308d686097674c7504dafcf4b37ab80f10ee06b0f76b605f0877433009e067e8d6b58022dca9696a8a81354de70e0577470577d14c9b1ba614dca3d573ed330ca6e9137406a7e8164ed0291ccb25dc5331dee9afc17d641eee914c04c9847bfc02b8878e4710fae188e1778f927dacb48412f04b41dda02581be500aee3c8f80d7e01e46b8f33b5c13ee05843b1dbbc05d015e06d615cfc1bd698cae9d806f22dc5ba9c6815134f68fa28bfbda87c661e9ec8e7ff8f7afe2b67b57c0dc91c9df9ef0f13880b492529e3b00ef2871e9f7e2f1175f427a51091a7bfb61efe1892f7feb3b7879fd469437b620afa20a2fae59879ffeea26ec30b5a42b7e1e3ffde56fe0e613407834a294802f6b6841504c3cee20dcbff5839fe0e997566187b119769b59c2da791f620fa523292b1b766efb786c257e7de75df88f6f7f0bb7de7d0fbc43431173e8104ced6cf1dc2bafe0b6fbefc757bef10dfceab65be1111808633b3b7cf33f7f80359bb6c127241a77deff187e7dfb7d70f50a54ad05773ef8287e79db5d04b92f36efde8b2f7ffb3b789e708f3da4c1fde737df849befbd07f6fcac50c23d847097d61005764a46cb4710ee6ac4bc0cb0fb4be15e40b8b711eeed7ab87712eee2de05ee6d843befc9ff4ab8cb6a701694192b0e323ade98f7bfac04277097b9e6c5bdcb9aee9684bb6323e15e41b8d799e16dc25d9e7387b47ab182acebf521dc0309f708c286b1ffbe8cc3912e40c29b609f79bb837949c47cf48e8cd3614e62ee01613f6bd82762654013f3107394805dcb454cf822425d13f3904806a5310f19a4f29188d013d321b948271572c943fa5c34c33c6490968b68300c22d035256832180c425dcd50c7b89d97180d71ee7ab02bb833170d4a2ba201eecc47fdf3f9681eec928ba45be30066790d67240709dc590adca7a5d244b8cf10ecca68901313737067dea4c19838c91c74ba10d3a7f5703f47b87710ee19847b1ee15eae877b85c0dd9a7077b90ef7ff537057ae5d03bb8e60d7199cfb79013b6bcacab5b3964cb0cfce81bd183374ed332a88584bbe0aec14036aceb1ebc13e43b08b63870414a1387b843566836be74da323d4450277dd186bc90276e5d8f57027cce6e69417d73e184eb033a0fab51ab2c1b16bc12450172da829cb1306ac19ab6772955bd75cbb4883bb33a1ee40d933a01c596376c16487d702e79ec320e2ef94417e84bcee580ee17ee86f1aeecd23c7504fb8cb28f7766eb70e8e118c4ef8c297be8a75db77a1b16f000d0383fcfd9da8e9e9e1b903084848c04df7de87c708f7ac8a0a54777621283e01b73db802773dfc286252d31196988c5bee7f10773df238bcc3a3f1da6e237cfb27376287a50d324b2b60bbef007610e29ea19178e6d5f5f8decf7f0d4bd7fd8822d0779a5bc1c1c30bc939f9b0a6735fbb6307ec3dbd60edee8edfdc79277e75fbed3cd70dc6f60e58b3fd7558eddb070b575775ece7b710ee212130a673ff1ae12e8ff2f984c7e18efb1ec52f6ebd07aebe21f089886365e0615616ee859b7f102b30cef8fe0d3fc3a3cf3e8fc0e858ecb2b0c4777ef423c2fd3ec23df83adc3f05dc67dfe67105f8169e43e7ae87bb3630975a04f60a4a83fbcc7971ecd4526017e97392807dceb5331729a01b72d131cdb51bc0ae72911eee732643c04e5d09f699217d0ba2a1395e813d58815d69ce6c18f291807dde68482e1283314b90cf7612ee9dccebcc21939d1adca73adda0e3ff7f86f948e52272e23adcafc3fd2f86bbd604a6873bc1ae89c7087669ded7e0ce803acb60526067309dd19ae405ec0be13e0f76a925672fa829ebe1bec0b16b605f00777d53bc01ee0aeca3b19401ee74ec32631461a6b975e9670f5392fead19c27da163bf0aea0b824989309f51dd1af2388fa669d5df2e4df2847bab1d6699cc16c1fde4df30dc15888a91dfd683eeb36f2f827be3c851340d1f4123a1de44c8b70c8dc1dcc51dffef4bffa1fadceb7b0750db3f8096b17154f7f6a2aaa717a174b7b73cf0201e79e145a49596a15c9e4dafaa81b9eb3edcbae2113cf8d4b3b8eff12779ce43b0723f80a2a656841e4cc7c32fafc69d8f3c812757be825fdc7e379edfb019f139057022606f5af1286e7fe831dcf3c4d3f8c5ddf7c1c8de19c98525307676c58d74eab73df4301e79f639fc92ee7dd5d6adf08989c11e0747dcfed8e3b8e311fecd279fc2cf6ebd0d2b376fe167e66237c1ff1f84fbf3eb37c12d240ab7af781237dc762f6c3cfde141e77efbc34fe237f7ae80934f20821392b172e326fcfa8ebbf000fffe9daca07ce55bdfc1ad0fac80635028a15e741dee9f06eef2c40dcf9b5132b422324f5173703f5fb900ec86e6f879d7bed0b1cfcaf81f83e130805d8df7d1dcba067603dca55b3099404f56605792313ffae6f8b9d93ae7c0ae371902f605703738761dddba805df29172ed7339e90a9361803bc1aec15dc6fd08d499db6934a63ae9daf9ff9f6d17b83b10ee8e986ce37181bbb4785e87fb75b87f1cdcc5b98b639f559a07fb8c1eec3304bbe6d8a5966ce86bd70269866097c75e9674ec125052539680bacab16b9a11b84b508dcd37c76b8e5d0f763a76991e729a609f9680a294631fd2c0ae1bd437c92fe3d8a71940a22b1dfb3cdc2588a45f9d6587c05d9ae3edae80bbe7c7c0fd20e1aeef73ff5f09f74a3505adcc5267807be3e80902fe04c17e0c0d04bb4c23abdc7bdfb0027c526e01f6d8d8233036816ebd1fb50343a81b1a41656f1f2a08f7ac9a3a38f8fa635f48284a5adb51ddd387d2d60e82be026e8121ca9defb2b2857b4838322b6a50d6d183acda06f826a6c07c9f07765adb6197bd13025252d5f3ec49c565700d8bc4ebd6f6d8c6f7d9f8062036af10390dcd8863e948f7bcc5c28a0e7e27dfe7c0f71d427a5535e2f20b60e5e58b757b8cb06ed71eecb0b3874f3c93537129bce212d46739f8d37967e462af8b075eb777855f521ac233f260c4d73b6c9de11f7f10de51f178fa9575f8f9ad77e1a997d7e0c9556bf1cd1fde807b9f78066e91b104fb75b87f62b8ab313f3c476931d8a5397e86609f79a392f96801d817b8f639a81ba487fa9ce1506e5dcb436abccf1cd829c941e329caa91bb418ecd2c7aeb51c1ae06e6839d4c02e266369c73ed71caf72d162c73e27e62199be17fc3f1ae03ec97292ae7daac3053afe2f04ec06b84fb5d184f4855c87fb75b8ff35709740e2fb04ece744d2cfce0b7c7601dccf30984e33987833cd81fdb4804e73ebb327c5ad2f76ec865af262c72e0baf48dfd6411558336306b82f80ba1eece2d805ecd2cf2e50d782490ff601013b034b6aca4b3976068f06771915aff5af1ba03ec3843443a0cb0879698e5f0477825d83bb1da6f9bff9bf0ef7fa2171e4836aead87a5904a67b007574ebe2d8655ef97aaa4a167de9e844495717caba7b50cdd7557dfd0af6d57db2904c174ada3b788d7a50ded185f2764da56d9d2822f40b5916f075617b37cb6e1c6e68512a68d3f665d63721b3ae0987097ad99fdfda898cba46a455d7ab7d99dccea86be0798d3854558334562e0e13fca9d57548a9a8c6a1ca1ab53fa9ac02c9e5555a5956c97d754866e522beac1a510565882fa9427c711512a8c4a20ac4e69620b1b0027ef187f0c0332bf19d1b7e8dfb1e7b06b7defb306eb8f94e6c36b546405ad675b8ff97c07d7edc8f0676adaf7d868e5d13f390740dea1dfba2313fe2d6af70ecb3869c6480bbc1b1eb739102bbe4a30570bf12ec86753304ec3374ecb306b7aec02ef948f29036784eb4d0b1abfe759593f4509f03bb36905706d0cdc3dd55c17d5a9ecea1a4497e9aff0b9ddeb54b6be2cc22b8337ff2b74e12763ae6e1eb70bf0ef765e02e7ded0be1ae817d463dfab6c0b54b73bc1eee1ad8656099563b96205a3832de104c86e67871ec0bfbd9b5801209d8f501a5e0be18ec8b9ae315dca509cc00763ddca5499e41a40d5659c2b15f05770deccbc3dd96b2c16c8bc0dd89c1e641b847f0f73121c8e3338b46cb1ffe3fe1dc659ef8c6e171352f7c8d407d6814b574ecf5fd43a81d1c4225615eded78792ee6e559612f0255ddda824e0cb589610fca5047c616b1b4ada08f9ae1e14b5b4a198602f22d47309eba2ee7e1453998dad38dcd486ec960eb5bf987f53f6a513ee32a5ac94e9f5cd48639956db8854ea20217d88a09763328d6c5239815e53cf630dea584a55ad9a5a569b4eb65a4d499b40b827725be68897056022097159e92d9e8a95d9e80877a5fc32c412d60efe6158bfd7022f6fda81559491fd3ef812fae139d2df5e7c1dee9f0aeefa7ef62bc07e6573bc9ad14d817dc1805e3dd8173eb133c3bf6fc84973605f6834541e122d1c4027705f0cf62b9be305ee0af00aecfa7c44b8cbc0b9f991f17ac73e9793ae86bb3ca12360975c34cbbc23709fe5ff729aa097c76f25174dcdc19d66a3cd7e31dc8fc97c1bf998ba0ef7ffbfc39d81d3e6b408ee55847be1896205f7ca13c90aee638d8ef853bb0ba1451875f326e8f12078bc3f31dc754a04bb3cfe769efb0ccdf17313d62c80bbb8767d5fbb823be1a6c0ae6ac8b92a8840f0c9b3dfeaf96f1548f3fdec1adcf5c1a402ea4ab83398e65cfb3cd8e746c7d3b1cf435d801eac973c3f2ab564ed7137431029b8777bcef7b12be9c13e077726274afada27a9297dff16da04eed684bb8d82fb443be13e100ec833eeead958c29d01a593c7508e7f32b8473341440e11baacc4889682ba4102f050566c9615a17e2db80773ff72700fcb21dc732ad5b2af5139c574d0bde83ef336ea87097571ed02763ddcebf42bbcd5ca3aeac3a3847c3faabafb14c0cbfb07513e30883242be82b02fe9e945211d7a694f1fcaa4495ee68c1767ded24e074f774f072f60976d71e132ef7b36619e47979e45b0cb643a855d7dc810074fa08b04e852ca7987087001be9c2bdbe9f52d4ac9957548aaa8a56ab85dab8ec93e99223681104fa9aa57fb13cb05e255882d21bc09f8b0821205f8583af8e8e24ab5ccab2ceb2a6e3e82d745966d9555dee2f3cb11935da2144f6847e79410dee2da3f39dc37ed0be476205e7577537037cef7856d4b00c1bc1f56bc27ad3b1cb8ed005bde8b76ad2e942b6c087981ba0525cfaa2f096dbd2c9963ae298137654af360c43c64449768d2ea004b59feb5c90916946993032b0076b0af37836ff94e14d79ae2ad4ee622c6d2c7c2fd4de9479799e4dab5c7e1de668e5203e734b7be4802f62be1ce3c342b736ba801bd928344cb37c38b6357ad87c70f038bc0ce7c24605f12eedac8f879b813ea73a3e309758314dcc3d533ed9ab4f13ecaa90fcc437dbe05713e27c9c878432e12b0cb789f857097a6799d02bc34c93b13ee4e98e1ff7d867968a6c516ba167b4cb5f0780f2b134752986f0977693dfc0be0fe7cd96e6c28b3845185f6285c329542d3781deeff5d706ff540d36f6b307681497301dcab4ea66080c97ab4c1011fc83f5f0ff7e95e4f82c7eb2f823b185060f02c07f759be471b1d2fcfb45711ea1ad8b5496b4a0103d80dcf8fce05d4bc6b07030a04bb68ceb12f70ed603081c1245a08f759c27d56e06ea8290bdc4735b8cf52cab55fe1d66704ea4a0c2c3ddc0d41a42435647d1fbb260f8a8124c1d4a581fd2ab8773298542dd95a833bddfb3cdcc3f8bb0e2d82bb3c1627dd10178eca80ba6bc13d16514c12e1e304f0ff30dcadd3fc609d148ce0e2c5708f26806499d2e2f63ef4e8e15e4fb8d7497f3b1dbb805dd665d7348c1a82bc8640175571bb7c6008652c654df652c2be94e02f21d445a5ac00945125047a69071d3d012ef3c31712d20af86d5dc8a304d4d9e2d6b99dc3e3b29d49b80be005e4ea354b591c46a02d8e5d6d57372868a7d7b5707fa382bb803eadb6994ebd462dfc22fb452995f5eadc04425ce02ed097d5dfa209f918c25f401f2253f112d2d1047c64413922e9dca30875255e2725551992d60e01b980fd93c3fd35c25d168f59bdcff5ff2cdcb5dc64981953e0ae811d227d1e5a6acccfec99056e5dfad7f5ad885ab72073d1c247700d79e84ab8ab89b3b447de34c5aa3c246087885017195cbbc01dcc479a24172d70eb8be03e9f8f6698ab05ea867c34d782d8e546b8bb10ec2eaad411f20aee74edd30aee7604bb15669bada16b16b83367f11a1be02e8fe5feb5708f23a45304d4348dd7e1feb700f7b708778373d74f0ab118ee0c2671ec7ad7be08ee6a363acdb1cf3ff6c62092a62f43f3d702b0430ff645703f72680eec3227b261263a0dec525bd6a03e4ba9f5924584daec7004e439d239a80fe8ddba01ec125802f7ab06ac68cdf073605750d7c03e4b901b24809f66929ae894be75d692f5ae1dad0c280577075e6377c23df41a70ff38e7febf00ee845434dd699138f7d36fa16ee828a17e14b543043be15e333842a06baa26c8ab0972832a05ee847c1955da47b81bc04ea00bd84bba7a514615d2a9cba23002785914a69cee5c967ccd13a72e0e9eca6a68a65ad47626b7d36aea09fe4eb52a9cf4ad1facaa557ded39fc1c59e94d567d4b25dcd36b9b905e234df28d7c4f231209ee430af8843fcb83e2e2592611f6d2342fabbcc513e849847c4c5119e2a4699e65041dbc2886c7a28a2ad44a6f9185e5dca7579e4cf623d0d61446371f7a1dee9f12ee0275ea0de6262501bb180de62191ccafa15a0f9700bb01eefafef539b02be98d86e42201ba01ee86313f7a41e521427d345693b875a568c29d5ae8d8450bc03e077701ba410bdcba02fb02c73edbbd9f39483fe64789706f27dcdb9c314be9b82d03e9a65493bc06f759c21dcd569869b6c534ff470aeee349847bee75b85f87fb15cdf206b8737b9a4135ad46c86b60c722b08b63676df934836a49b07f42c73e96ac05d428c13e9a40a88b6b27d405ee84d99c04ee0ca685cdf1f38e5d46c8ebfbda09763539cd1cd80d7dec523b1649402d76ec10b83388662490984027e8da15dcdb6d0975069382bb35a65aed3121fd608306b867a9692bd54042d5fc97850bc7fe36e15ea7877bedd0980677aa9aaedd0077194427aa90fe7681bb0c9c5b087702bd942aeee85650574e9d500f4bcbc2764b5bac7b7d3756efd883dd4e6e88ce2b443e011e9a7118e69e3ef04b3e84ac7a429c40577df24dad385cdf840c3a76296504fd41baecf4ea3a6411ec5974f09974ea07e9da53e9ced309fc8374ec32e02e83b04f26ecad7c02b1cbc91d41fcfb41a95978ddce09cfaddf8c1d0eae08ceca21e4e9c4f38a102bb017b817f2b52ce34a19e0ae2de74a50eb25200fb90ef74f0777bd5b576067ee028d869af65aa6bc568fe1ca989f2bc12ee37e18830bc0be70cc8fea1e5cd6b12f6c3d949643bd6b27d8955337e89a8e3d0cb3aaaf9db94872905e4b8d8a9f77ec847ab7be295ec0dea9190d01bb366996005d9ae335b84f73df4c2bf391c05db977699a776665410f77e66119dc7b1deed7e1aec1fd0d5e303ddca795f4705fe4d8a933843b1dbb0677bd6b3fb500eefa5af222b82f74ec2a9808f5a3cb387605f679b84b2d59dcba06761940a7397603dcaf72ec7df313d668705f0875439fd67c0d59c15d1f4cb34c4ab34c9a22798e7421dc756d361adc5b2c55505d057799c3f96f0eee15d7847b0de15e45b0570d0ed3a58b86280dea73eaa37bef25e07b08f7ee7e429deaa473a78ad492ae3da8e81a8067540256bcf80aee7bfa05acd9c6a4b3710bee78ec29bcba730fa20ee7c025341cf7bdf012763a38a9fef9fce656a4555423b3a68e406fa6cb6fc161baf5ac5a429b6097fd99047896387682fd201d78061dfa6102ff205d798aacd35e51834304bd7350388c5c3d1079380f8e8161b8e3896770c7234f628fa31b4258a988ccc9474c4131ddbc4cc75ba4401f257027b40d900fe3b634d9abf9e3e744b0f37dd7e1fe29e0ae77ec0aec73dd830277ba7669395cd8cfaeba05f5837915dc9701fb95637e163a76057691e423bd6b9f03bbde64ccc1fd0ac74e9381fe10ccf613ee2a1709d817f7afcfb51e527370d7e72225e62231190be12eb3d0cd705b46c94fb53b12ee32886e1eeeb812eee2dcd5f4b3d7e1fe7f17ee6fb66186018637a4e98b174cdfec25709f62504dc9f90aecfac561ae04fb2903d80d4d60860174fa8032f46b5de9d805ee0b03699163d73423701f61604910494051da73a484fa1cd843173976b50083ea6727dc7b595bee615019c07e8563378c8ad7e436e7d8e7e12e5077c2e50e475e4b79ae5de06eb908ee97dbddfee6e11e955d4215a1b0b5075da7de44ede01102fe08ddfa18aa8746512960d7ab82aebd42e04e95f7f7a39c6ebd8260afe81d42790f01df2d8fbef52b9576f4d1adcbe36ffd48a2f37d74d57adcf2d093f0894e425e6d0b920bcab059e6955fbd063e7109700a0cc66d8f3f81edd6b6c8ad6b845f7c22d61b9be2a5cddbf0eaee3d70f00f441ae19b5254026b2f1facdebe032f6dd80413e77d083d948954c23d3029151bf69ae2d9759bb06afb2e7e66280e1657a8e7d9b75ad9c1d627004fadd9806ffff417b893158bedb60ed8e3ec0aa7e050c413d21174f13b1c5db07b9f070233b2d5823a1174f1e1546801014ec8ab255ef5924563aec3fd53c0fdfc62c7aec02e23e40976c8203ad572a837180277653034c9a8f8b9476f0d3238767d2e5ad8bfbe281f89240f8d68b3cf191cbb210fcd0da03340dd2042dda05979f4ed8afe758363975c343f2a5e34efd80d705793d4f0ff0a5e6f03dca7584e11f60aee2d32b0f7e3e09e771deed7e17e05dcb97d25dc6709f6d933867ef625e0ae06ac3070e76acaf3609f77ec869af2d57037b8f559b5e29b288e209f87fbdc236f02f6216de62771ed06c7aed33bf639b04b6009dcf523e32590e61dfb3cd40dcdf10bc12eb3d1c9bccd322a751eeed60c280dee3290659209ede3e19ef23709f7da25e05e41d72ea3e2cb09f6b20102dc00f79e21547473bf880ebd8c302f6ba773a7ca08f8b2b65eec0f8bc56d8f3e836d160ea8e2f182ba36aa152904a677742c12f3f2e146c0defbcc73789d700f4c4cc60baf6dc6c32fadc4cb5bb6e1370f3c887b9e7e969f130e27bf00dcf7ecf378fce55578ecf997f0eb7b1e8091830b62b372b17adb4edcf3e8937879d336dcb2e2513cfaf2ab08884f565d00bf79e061ecb275c4cb9bb7e31b3ffc29ee7cf4096cb3b4c13dfc9b9bcccc91585008f78828dcf6e4337866eb7604a46721425c7c6109e14e7853c15420611ec8ef1d781deeffa5703738764dcc4357c05d8d755908f6538679359887542ed2e723913e0f2d84fb62b0eb8d0673d01cd80d8fbc19c0be08ee74eb74ede2d815d8fb82a82be03e07764ae522d1d58e5d24ab4e5e0977b5400c254df2ba563bc2dcea1a7027d0998f25175d87fbff12b88f12ee95847b3ee19e47b85712eeb22a9cc0fd4f57c07db2ed4ab813e48be0aead0a37f346a30676d5ecc50b474d3390a6185853e704ee9a6bd7e0be00ec73cdf19a6b97daa2f6a849b69aaf5947b8a9d595f8b7d5f48e473328992842268860301d9140927e2d03dc25a0121848f1940495805d0ba8b9c7de08ac5971eb0c246d263aadaf5d9e679f62404da9a513c5b14b50896b977ead85b3cf6933cf694bb82e0df7193dd845322a75a25da67624dc5b05ee160c2473cc345962b299706f23dce706d409dc99509685bb2fe14ea82ab8135883f1889b837b24e11eae877b38e14ee81ae0cedfafa480cef3462294c2a51c1680b31cd0144e45f447eac5f3fbf8d9fd3108ebe7670d10f083e184bb005ec4ed39b8c711ee3e847b10e12eabc29511ee9588c829476476f1f2709747e064a21a6a31dc29e96fd7c35d819dae5de02e4e5de0ae44b097f1739dfc4271f7932fc0c6c31fe52ddd286dec4485944d6d28ac6f24e8ebe11e1c82079e7d0e46f68e883c94064bb77df08b8e4156790576dbdae1e60756c0d8d1496dffec8e3bb16ed72e1c088b20d89de11a100cffb844dc4d608be4b59da70fcc5ce8ea930fd1e5efc46d8f3c8efd21e1b0a42bbff9c187d54c78516999787aed3abaf9b50862856217fff6ad8f3d89ddaeee88ca2f24a80b14d8c316c2bdf0bf0eee1bdcfdb1f140005e7677c6aa005b18e57b13eeac84b5bb2f82bb0df3848d80bdd50dd6bc27ad280b563ccd097059975d24a0975c22b2d0cb8ca050e2fb65796973425c5682b36c660541d4c8cf69dc4780bbc198fb8d799e698b0675ab269ecfd298703723dc6deb4de15dfe3a0a6b8df04627638771f671701763a19b83bbac0e2760e77e01bb2c0ea36f8ad7e0ae815d9ae305ecea9976431e5a00776d643ce390d2e97391ca49ead1b74ce6a374b59cf4ac685173bc489e67a754cb612274cc458665a5b525a5a39983988f14dcc3998b08769182bbb875311b549f48e02e60f754bf7f8a466352d44dc952d15dcccfbc3ed3dd6ecc49863c44887712de1dcc3f0aee32ddb5c05dd6b2d0e03ec5d7d384bb36529e6643e91a7037ac0ab700eee657c07dfd15703f741dee9f3ddc659d64b31607b8b4ec47c36fab317ca10fe5a7ab907bb218d967b3517632093d43c1186d74c4ef65d045af3b6f224a02aa833750a7c03d8670670df6cffccd0aee6d84bba815530c2e9956166f54338018386a42085936b19270a7833f57ad66a19b518f9be8fbb7544011eafafe2d29a7f9f92271eff2b72e1dc9e4fb8bf1c17006b70b3171b410ba9305aa9231792c55ad853cc39b625a054e22309aa2fabd2033d28d2410d2114ab30ca469c26b82013445c0e9fa09f65e7f023f9c708fc6441f5d3c8369a29b898340bbd417c68a8d1ff78973f7628291c7dcb47ead25e1ce0a910c9c93409a837aab0c5691dab1a31a112fcdef532db6986110cd3699038d66986db4c054a32d2698f02619c838c10a8b04d171425d46caeb47cb5f3c9e8a630cb8b2f67d881ff424dc831144871ece24913014c77db18814073e168ed07159c73d14d1fc6d02f730825d14c1df2d52ebb38ff0bcd1308450613c579c7808af4d38af43745f3402eafd61976a03df622f24b42620a12b0551ddc9881e4841e4602242784e20cf0dea27d8591108ee8b44704f2c025ae278affac226250881253908a6230d26d4c3724a10994bb8e7c873eef37057cdf20363dc1e67398aeafe11545115fdc328ef1f42599f8c8ea77a28825d89602feda40877e5daa9e2e62e94b674c12d301cf73ef93c2c5d3d51d6d88e5a42bf9c6541553d8a6a1b515cd70837bf40dcfbc45330b177425e650de2e89cdd09692b82f6c99756e1c69b6f8785931b7c2363f0f0732fe2c65beec0c3cf3c8f4d7b4db03f380cd1a999d8626c865fde752f6e5bf1089e79751d4c1d5d1193968535afefc21d84bb4770384c9d5c79fc5118db3b238d903665e5e0093a7c3367773ccef2fe675f84571cafa9cc3c975340680bc04b948215d44b10a4b63f1ddc5f23dc377a07618daf3f9ef374c44b21b6d853e849772e702774e9a22d09762b563e3527be8f22f4f5b2a04ce9de4dda9d61c2dc206bb29bf27cd3767b9874d8c198dadb698f3d1df6d84b9898321ecc5bdd61d6c0ca419d3bd61ddc85ed59d6b0acf682458337cc9a0ec0ac793f4c087c933aba7a02dfacc9057b9b1d087d1b58d4efc5fed24dc8ae791d67ba6c30d9cbb812a3212b9af5f8e112e3e023de6fd3a77281df3542f78e7e06ccb75b34b0d3adeb64054ae623c9498651f106692b4f526ad2ac12403fafc61cdc956337c03d472de53a2923c699b7268e173307e5e3d2583a26c6659df3025c1c4ac3b4988aa3341504fed408f3d128614ea04d322f4d312f4dd1c55f1c4ac0e46832a6683c7404bf8ea6637a807987957a311e53bd043963768a79699ae66292afa799a7a69887a67af6f33c4fcc0c061335feccc561f8b03b14930309b8d015aa5a5b2ff07f30d5c3bcc3eb35db638bc9760b4cb4d910e4f2848e1dc14e90d35cc86b69929f92d9315b6c34d72e60a7d1d03558618a15ade99e005654920156a0a624073137cb5af50be11e40b89b12ee1b09f7976b76e159817bf962b8a712ee29d7e1fed9c3dd7401dc8708f752c23dfb5431b208f762c2bd8b701f6976c2ef044cfa19eaa608b1593ac6e98e60022f165384ceec071df37067304d3298a6d42879e9cfaa20d8591b564b2556f0bc4ae5dea7f54135b7942b030a0c24b04688d332325e73ebd384f6f471d68e1950978e1cc69f86d3f0e76379a84d7142a8dd16b4e706e1d2a94a7c78341b1f30602ef1a6d09d4c65d03060e8e42ff7c5e1f2006bcac302fc24065212a14ee7cec09b1a4bc00712105211603089339799982e135617e4b711561ff6846330df054d09bb7099b5e24b84e94cbf37130bafc31cd89786bb1a19cf04b81cdca7097709a69926baf646c2bd81706fb0c07403e1cee436d923704f636261425170972e0a567e8ee7e2c291541ce1ffa1acc58d4edd0bd12708e26302ec68c4f444218adf3b42b9f430429b701f0e450cdd75d4a0c09cae7b301a9103514a11e2d0a5697d84501f09d13414c2f747207e2816b11dd1704cb6c3bdabefc4fd2fdc8b0d66ebe196b0e3bd113d0000fff4494441541f215571886c3f84d8de3444f52623b42746413ea4378a6205a2271ebe0dd1304bd90fb3786ff8176721a4a888302ad1068c5186f5dcbb4ebf853ac2bd5edc7bff38ea06a41c430d55dd378acade1194f70e13ee4384bb4c5833886282bd98aebd98702f26dc4b08f712825d005fdada8df2d62e04c51fc443cfbd8c1d66b628ab6fa55a5052db8c94c3f9b073f7c481a070b8fa04a826f5dd96b6084b48c1ab5b76e0bec79fc1d3abd6e2ee871e5370377774c3e1924af886c7609799359e5eb91a3fbde9363cbb6603e232b211752843017d2d617ef3bd0fe2c73c66ce0a815400eee267ef6365c1929585db0977235b471ccc29445074229e5db51e8f3ebf0a773df60c56ef304278561ea2f28a086ab94e1abc4308739106756d5b81fd93c29d8e7d9d77005ef43a80273d6cf162b01576e5bac3bec987ee9d0e9d79c186c9de86e016c76ed3ba1f362d07284f1ef7e4f1030ad6a674f4b21ebbb8733302c28cb0306db725dc6d61d445b0773b10eece30e239164d1eb0a9f78279911b6ed97a1f6e5c792b5658afc49a6813ec2d24f46b7d284f9857f2efd7b22250eb02a37a561658f9b569328677d556e437eec4b95e6bc28d71d4e5ca18f42474fc097702ae8f9575c91dbf27d4df6dc034ddfb14e13e45c73ead1ebdad23dca55fbd8ab9a882a5980de61fc941d20c6f98814ef2d0c211f286313f7370d7fa9c2f9d2cc1fb23f9cc3f818872d80acfdd2f512fa222d61eef7511f247d37099b09e18a5e118cd6099888923cc4574ec5347d270f168163e6085e058a50feae3f7e0ed56e621827e9271393d1889299a8f8f3a0331cd189e1e8e20b4c3086cbe66ec5e26e8a769b62e76bae0327ffb9f3ba3f0c140127edf9b84e62447e62a4bfc9e39e9a35e3b7cd866c59c65055d8f39df43e3d065a706cee9e459f6761bba76be16c0b3722670d709dc9be7e13e5d6f89491a3c057735fd6c9e9aa14e6bcd5800f74ec23d9370cf5f8f0d84fbcada5d78a65c83fb1ec23dd6007705f404029e703f761deeff7d703f43b89f5e00f761c2bd6569b8eb14dc590b9d837b0de1de42b85306b8b3862c8e5dc0aee02e8144b8ebf470d7d1b9ebd424115a3081378c01eed2f43575249d3793f471b1a64cc04f1ecfc385f1c378b3230107f63e839bbff315c4799be1a3b38d78772487d0cfc204bffba5e3e974f1e9f89081756948948e8b0369f868e0900acc0ffae271818efed2580a3ee88dc10582ff02a1a4eb0bc5a5ae70eecfc685914c5c1a88c7689127763c73336c5fbd8981c48a44b72774a3ac00b44bb3a0c07dbeaf5dc0ae3334c72f04bb82bb06f679c013ee2d847bb3355dbb01eea60aee3ac27db2c995700f21dcf5d740c19dd747c19dd7618c706ff547759b270e0d0520fa48381d7714011e8794fe24c4f712bcfc4d6102eec13044f68711c21188267423fa6311d11b8b68c2585e47d2f584f7472094092494e74a19c6f363066290d49f80f89658d8845be0fbb77e079ffbe2e7f0af5fff57fc66c5cd7862cb73d8e8be03ce69071052178dd8ae24c4f62521a23b0e615d7188ea3b88a0962458a7f9c22231007ec5d90824dc055002a47082ddb0e4eb42b8d709dca9da3ec29d5a08f75251df30e13ea441dda04e825de0dea1ef739791f2ed3d482fa9c2ca4dafe3f6871ec7fec050e496d720b3a80c3b4dad70c7838fd23dbbc2d93b10f73ff91cf6581346368ef8d55df763f5969db0dbef8da75f5e839fdd7c078ced5cf8fe30ecb6724078522a220f66e0a1e75fc66dfc5c6b772f18d9bbb0f4445c562e8cf99937dc7e3736199961fd6e633580ce2d20042684fdad2b1ec31e5b271ccc2dc6a1dc12acd9b20bff79e36f70d3838fc1649f37c2b3f31146d71ea6c0be18ee4abc6e9f76b4bc72ee9e4158ebe58b551ece58eb6f07f38c03f0a80f8447b3375c1b784d1a9c2996f5fb280f38d77952de70a19cebbce0c07df6f5ac10d4bb71db150e0d4e9403ec1aed09637b9837d8c08a50b76f3f00eb1a37d8957bc0bdc20f76e96ef8d9a33fc7e7befc39fce30fff0ddf7bf067b865edbd78da611576c49ac2f6b0335c4b3de05aeb05fbba7d04bd2d1caa8c1054f63a2a1b8cf02ee1342daeb35de68a10b80710ee21843ba16880fb7b1adc27df6e22dc9bf47097d9e704ec1adcb57c2462fe999b5a5634bfdadba2be763dd8252f4d33d95f3e5d898c10736c7de60e18ad7a047e161b61bee6616c7df41788765c47c0c7e23261787154ba108bf1d1681a7edf1f4df39141a867e1e289629ceb4c82fde6c761fcd28d385a1d803f13d01fd0794f322f5da201b94c237269301e7f66bc7ec0dff7414f343e1a4ac41fe8cca706fc70a9d3832e3d127fee39883f0ea6a3f19033b6acf8257c763e81b3fc9f7cd4e7cc0a80232ed1ad4f7698d2c55bb0b4c725fe7fa4f95dd76e3d07f74929af847be395704fc62c73f3c7c2bd420ff70ac2bd8270af9c877b9a1eee07afc3fd7f19dcdf5d087769fe922679e9c722dc5510c9928904fab92a4c9f25e4cf96515a6d599ae3659e663090a4e94706ac4c8ca7a99b499cfba5f10c6d2d775606de2644ecb73c825f7cfb6b480a71415f433adc2d5e41b8fb5ac47bbf064fd39791e6bb0da79ba3f0fb814cb41df6819fc9ab4876df8c208b57e16bf43cca638c08f10cbcd11c81bc905d487078056f5579e3dda64894c6bb20c47e0b9a926d1068fa3cbefdff3e877b7ff01564baad65edd9071303c1b8d8c6ebd1a5c17da16397a91c65d08a3c3b6a80bb4efab50c50e7351709d8a75a98a80c70a76b5770afa773afb759e0dc17c29dd747004fb85f1a4dc7d1067f1495bb20bcd60d3e2d5e38d0e80bffba2044d48523b43604beb501f06af0a5bce1c7a41c54e38b801a7ff8f21cdf9a20f85707c2bf2680dbfef0a9e379f53e94b79267ad37bce92a022b03115e1e0a63cf3df8da4fbf82cffdd3e7f0f97fa0bef8797ce1abff80affde29bb8e9f15bf1e86b8f6395ed6aec8d3466f079c0bf3e0c519d847b630a6cd20261951c8680d2220410acbe392508cca67bd7c35de696ef3cfda682bb72ec04fa3cdc4751b508ee74ed9472ed7ab01711ec450aec9a732f61654106d495b475a1a8b9030174e30f3ebf12773cfa045df9eb7876f53adc4147be61a731623373e1e217a21e93db4de83ad0d1def5c8937898af5f5cbf19b73cf008fef3973763bbb92d1c5909b8f7a9e7f100f5dc9a8db88de7addeb117ded1f178feb56df8051dfb93af6ec00a42ff41cacedb5f0da8bbfdb1a7e1cc8a85a9eb7edcf1f833d8c38a400a819c945d0813c77df8e12f6fc15ddcef16118b483af6487d5fbb06f0abe12e30ff3470dfbc3f005bf60561bb7b20b6b879709f3d4c239de1964300d3593b17d8c121cf9ab281432eb7731de190e30cc71c1738e5b8aad23ed709f6798e2cedd5394eb93670ccb5e27b2c60976f01ab3c3358e45bc1b6c8114e05aed8977b00eee9fb6113628d1beefa293ecffbe8efe53ea23ef72f9fc3bfffe84bb871c5cf71dfeafbf0f49e27b0c967138c928c6157608503e516bc26bb5059ba17bf6d2080586940bbc4dc9570cf25dc1bf570af672e12f74eb8bf590fdd1b06b813eccc4186f9e2e7e78cd74befd815bcf4709f073bc5bc2493b80c5444e095477e89b58fdf81f25482f95415c61aa2e1f2fad378e886afa128da1c7fa0b9c80e324280f9068cd644e0b77c5d97e1046fe6a0d6fc20785bafc60d5ffb37dcf6fd7f83afe9b338dd1889fc88bdf0b7588d8c036b1161277a09d549d6acd424e0646d3082add7a2287c37de6ef4c4ef5bbc9160bb1e292e5b70a43a8a9584bb71e33f7f012b6ffa018a0257e36c8509a6fabc30db7f0093ed84749b19e1ee8c09ba7a9593da04ee047f1bcd8482bb8d3e1f69ae7d1eeecc578be02ecdf2d7e1fe370df7cb747f57c39d607f8b41a5fab60c70d70791823b817e4ec0aeb97601b6d6b72503e8a496cc0025cce4395219b022af278fb2a63b96ae5cf7d4a9020577a71d4fe2c6ef7c0dd181ae28ca0cc3f7e8046efae1bfc2faf547b0e689db710f417430700f8e36a722c8610b6ef8f2dfe3d93b7f00bb6d2f62dd63b762f5833f4547ce011ca98d84d12b77e2b19f7f13ed07ed71ac3616269b9fc72fbefb354438ae8787f18bf8debf7f0ef7ddf07564796cc59f5a7cf0519b0c62f155fdeef38edd0076cdb56b70d71cbb805d9cbaaed59e6097dab1f46dd912ee124c5698d137c9a3de847037634059ebe11ea49ae59782fb4743a968cdb487b5e5e37878e35d7870fb037860fb437870d34358b16e051e5cfba0da7e60eb837860db037870cb037868d30aaca01edc22e73d8c15aff15ceac1d756e081cd3c6f0bb5959f43dd4fddb7e57e3cc4e38f6f7a0cb73c7113bec06b28c9f8effedfe7f1f7fff8770af0e2e43ff7af14afff3f7cff1ff0ddfbbe87db56dd8147763f8e57f76f8171c23e9825f8c23a3912de0505f022d8fdf3ab092f6a21dca5cf7d409ae335a81ba4e04eb057f40ca39c5a04f74ec29d409f93f4b513eca2b22e81bc7e221b2a20e9205eb7b5c7badd7bf1ea8e5d30773f80b89c4264d734213ced305f7bc1372e058904a599ab07d6bebe079b8c2db0d7c91d5b2cec08e77075ccc12f186b7618e1f90d5bb0d1cc0a8107d391515d0f0f027ea399355edabe0b2f6edd0933bafe38fe3679b67dbb9d130253d2e1139f821d04bb3b219e545886c8f46cf5bcbb8ca65fbbd714a1d979882a2e4378613182720b1044784b5ffb22c74e800bc83f0ddcb7ec27d49d02b1db25043b9cbdf0a2d12e3cb0f169dcf3eafdb86fcd3db877dd5db867dd9d7add8d7bd6721fddb5d29afba87b710fcf13ddab7437df77177527b7efe07ba88d77e28eb5b7e38e57efc0fdebefc723eb1fc18a97797f3d770fbef69dffc03f7dfe73f897cff19e61f9777f4709e445bc9fbef0adbfc7376ffd067efe1461bffd1ebce2f2289c425f4449f62efcaec98df9c79b703fa087bb34cb07e99be5af86fb245dfb14e13e2370a76b97a67883d9580cf6054df1027781fa158e5dc6ba08dca5bf3ddeeb75fceafb5f4184a73d4ef7d7e0f7a7ebf1e66811aad383987bfe13fb8c9ec3d9de83d8f1d26df8de3ffd1d8a93f7e3dd638570377f1e3ff98f7f46829f15f65baec78fbff125dcfa93ef60dfce2771ae2d19bb56df896f7ff1ff61f73337c267cf4a3c75dbd7b0fee95f62b83a1a158976f8cd77be0acb8d0f60bcdc0be345fbf0c44fbf810df7ff0c2d5901305bfd287efccfff8455b7fd0ca5219bf066b52da6e5699f1e2f5c26ac279a2d30d5ee8a890ee672e6a319c27d9a9a927ef856c9477cbd08ee341a7557c09df9f83adcff0fc07da23706536a409d8c963734cb4b1f57a39aa4461b81aa0f24825c248f9ae858739e16d77ea6987017b01be02e7dedda236feab137e5e0b33145b84f5053277271612c13e75b63e0b2eb69fc84ce3dc4d719858763f0d57ffe3c1ebdfb06f4371f4472982dbefbaf5fc0de0d0f62bc3d0fbe0ebb70c337ff05d63b57e3684f09a27c2df0ab6fff231cb73d8c93ada930dff804eefad1b7d194ba0fe38de9d8b565157ef5936f2339c00ab9090770c3f7be88e71940bfef8e876e280697ba8370b9dd0bd39d74ed8b1cbbfe5113825d46a02e72ec0aee1ad87502f666061403698a41a4c1dd84703722dc4d31dd60c56074c2642fe17ef24ab853c7737171381d1d594eb0307e040f32a13efcfac3786cd7537874eb937882bfe7f18d84fe6b4ca85b08f1ad0fe1e1cd0fd15d3facf63db4f93182fe51560a343d24e709ece55c825ff4e096157868ebc3787cb3f659b73d751bfee51bff8ccffd3f266026e3bfff0702fe9f08f77fe4eb7fd6e0fecf3ffe227efad04f70ff8607f0b4f17358e7b10d164907609914089be41878e717c133bb1401f9b5082faa2580e8de738b90d7da8d8e536f28b84b7f7b4defa8067696d59401ee653dd2d74eb04b7fbbb876835b9f03bb06f7a2f61e14c88a6fb2b42bdd7b666d03721a9b51d8d68eecc6261e6b53cbbd66d535239370cf696c53dbf92d9dc8696823ac6596ba366437c80c75ad48af6a409acc0f2f13d450197c4f4ab936b5accc4e174b506bd3cdd621bea85c4d436b2865aad958c2398ee72497d72086308ee26f8ece2d84b1931b6e7ef0113cf0f26a384544c32f230bc1324abea804812caf84bb01e2737057fa6470dfea1444b887e375271fac34decbfffff384f70a05e20737b162f71a01be8160df4088afbf8fba1ff78ad6cdebbeb59aee27f01f20f0955811b87f1db589efd9702fee24f8efe1f1156b1ec243ab78ffad5c816f7cffebf822a1fe6f0277eaefb8fd79b9afc4c9f35efad71ffc0b7e70df0ff1ebe76ec63ddbefc34a97c7e014fe0aca0a4cf1db16719d5e40db01c69d3cfe45b8331e2ff4eae1febb06e8deada7c1a853609f24d8a7deac555d81daa36e84bbe42235418d01ecb2bd00ec02ae856e5d244643af89137970357a9686e28b488f09c26f4ff5e2cda3352c6bd159918a7b6ffc0976acbe1b277ad2b08795ec6f7df10b2838e48b7347ca60b1f319fce0ab5f446290232ab3c3f0eb1bfe132f3e710706caa3f06e5f36b6ae7e08dffcd23f2261ff76fc96efb7ddfd127ef89d7f46acb731f2a26c71cb8fbe8eddeb1ec2384dc95091371efec937b1eec15fa3bb380e099e26b8e9eb5fc6fe6d2fe154a52f2e12c8135d01b8d8e88ecb8dcc351d3415edfb30d1e8a4cc85ae95ce5c019eb988464383bb968f66252735994327706f20dcbbfd14dc65863a057755f9b90ef7bf69b8ab91ec0aee0c9e779a0977e9e332c05d9ac004eac57a494db98c60d7e03ea387bb560b94812b32884e9b7d6e561e773b262b2bc92326f2f85bae9a15e9e27816de6c8f83eb9e67f1a36f7d0351c1fb91931681affdebdf61fdca5bf1d6f16a6427eec7b7ffe5ff61cbaafb70b2bf1a07ecf6e0a7dff90612c3ddf1d6c94ee4a505e0e7dffe3cd63e7423c6ea5360b2fe09dcf9a3efa021cd0b83f599d8b461257efed3efe050982b2ab2a3f1bdaf7d11cfdc7b03fe48b85fea0ae57508c1a56677825d6480ba0676836337807ddeb1eb5d7b336bd3d462b84b93bcf11cdca7ea2daf803b1dc322b8e76082959c13b5c1c8cf714278a91b829b82e05f1f8e80f23044964522aa220a21556108a80946406d1082ab83105e198cd0ca3004564722b02a02c195e108e1eba0ca50045485c09fe7fa4b733de5571108bfd24084954720aa2c1ac64c1c5fffe9d755b3bc4ac25ff81cfef1cb5fc0b77ff60ddcf9d86d7866cb53d8e4b21ef6f136f02bf64744631c623bd210547310968981308f0d839f3cce555003ffdc1a3ad3cabf10ee23aa497e1eee04bb1eee5783bd8f60ef4521e19ed7d2817c59b3bdbd0b39cdadc86da55a64fef876e411f219b2567b7d0b3208f5c304792a819e4668cb77c9ac6f53a0ce24d84559847c6a7513124aaa787e0bd26b9b91504ad0eb178f49e2b9b21d4da0c750f25a168909a773977db2a88cacf49640b8cbca7011fccda159b9d8ebba0fcf6dde8abd1e07e09f7918813979047911c24bca102cee9d5a0eeeda60bb4f06f7cd84fbb6fde1d8e61686f58e1ed8e0ea00932877b8e4fac0a5d8038e45ceb02db483750195ef4839c326cf15b6796eb0cbd5642b658e1bec29c76c1738653b69ca7180036593eb00ab3c47ca05363cc739db136e195eb08ab0c70d77fd4c39f52f8863a73effaf9fc7576ff81a7efdc86f584178102f5aacc4b6e03d303a6403db5257ecaf764158a9154a2b6df066f33e3acd0398a5739f2150743d7eb84cb85fec8d24dc690c16c07dea2d01bbcc86593307776d512a81bb38754a39f605aefdb4cc4247cd815d33187370673e9a60e5da61e763f8c17ffc2352a3fd716ea419ef9ca8c31fce36a0a93001f7dcf8231a8b0730d89c88edafdc8feffcdb17907fc81f67c72b61b6eb45fce0ebff8c787f3b541e8ec02dbffa311e7ff03718ab49c0bb3dd958ffcae3f8ceb7ff1dadd901f85d5f2622fcecf0bdef7d0d665b9e4646b0056ea353dfb9e1099a906474e7f9e0eefffc069ebbfda718ac3e84384f63dcf2f52fc16dcbf3385b13800bdd847b9b3f269a3c996b64d01cf34eab0b2665f43bf38f01ee5332e535c1aee0de64310f774a5747b7dfc0dca5e02ed3cfca68793161d7e1fe7f08eebc30ef10ec7370afd5e0ae1cbb805d028930e76b05f73357c23d4f8d8e97255c41b0cbe41032e2549ef19e399e85c9a399cab94f1ccdc6db1df174ee4fe227dffa3ae242dc509419816f7fe9efb0f1a59b1968c5283ae44de7fef7d8b4f21e9ce8ab868bd956fcfcfb5f43b89f3dce1c6d417176047ef895cf61cd0a3afdb228ec5af500eefae1b7501ee782be9a746c58fb227ef8fd6f2139c4850118851f7dfb5ff1f28a1b71692019175a7c31dde183992e2fcc74886bd7f7b1eb1dbb6a8a5f34806e81639767469784bb29e16ea4c1bdce440f7747c23d90d723550f778a35668808f74ba36938d5148ac6a60064f6842376300611ac7cc8236aa91da938d89682c4ee64c4f52622ae2f01893d0ca8ae0424772523a187c1d27d10493c37515e772521be87e7897a135852dddcee4c44421b83b0f510eca2ecf1cddf7c0b9ffbf7cfe1cb3ffc12817e075edafe3cf6ecdf099ff40388af8b462a3fe7604f12e23ae210d91a87a88e8308a93f04db8341b08c0b856f5e2102722b10985b8dd0bf06ee04fb5f027799c6561eab2be820dce9cc735bdb91db264bba76209750cf6e69e66bbaf16659e1ad1e59847a6663bb5ac9ed6095ace0d6848c86761c22c84507a994ca06a4d7b522a95c9670ad423a612ffb62b91d47802756d0d1f37db184bd2cdb9a48876f905a0486e08d2ba363e7f9725cf64512f4918476447e21c20b0a119493ab1c7b181dbb803da8b008fe79f99f19dc37790462b367043678846095ab3bd6fbb9c1ea7010f63744c0a5d10f76f5fb60db4098374ae901db7a4fd8d579c39e72acf58643ad0fec58da5276357c5ded09a7aa0394079caaf7c3a1663fac6bdc615de701eb7a02bdda8be7f8c3b5321016e92ef8c9c337e273fff6397ce9875fc12f08f47b5f5b4177be16c6f15670ccd90fb7525f38134e36753eb06adc0f9b1a3b7896d0b9d658e20c2bd413b2284aa7c09d22dcd5e3aaf29cfb691a83dfd513ee02f65a0df08be02ef9a8549f93b4817386c173738e5df2d05c73bcd63d6870ec9287641957e98a8c76df885f7fff4bf07736c1b1ae32fcfe541d7e7bbc0279710770c78fbf0357931731d69e82ed3418dffbf72fd0707813ee5530dbf902befbe57f4612e1de53790877ddfc333cfec0af315a118d3f0ee461d5f30fe16b5ffb371a0d4ffc81700ff777c4b7bef37538ee5985545f23fecdafe1b5975760a82e018d19eeb8e37b5fc7aafb7f81c1da2424fb9b6870dffc34ce54fbe0a34e1f4cb6fb63b6cd57e5a2293af1c9461b4c363b6a706f21dc5b65464c1173115dbb8ee788d99815c32170af17b8337775fb12ee8900aff175b8ff2f847bc9e94a1c3e553407f7cea1a0457097e7dc27195cb39dbe7ab8476b709719ea582b9e91012c6f6a7d5cd3f2d80921aec0cec0812cdb2a03e2281dc13e7dba844e7cdeb5ab40d23bf6b939e3594ecb73a24733d473ec978f646292807fb32d068e5b1fc2cfbff955c407d8a03c3d18dffb97cf63fbca5fe1f727ca5195e98bef7ef1efb1edc53b70aaa70c1e165bf053d6964db63e8b81d65c1c8c74c34ffee31fe0b2ed011cab8d81c3b6a771d7f7fe0339fe7bd0531a8b671ebd1b3ff9ee37901c6883aa8c40dc79e357f1cafd3f552353673afc58dbf500ba3c30dba18d8cd7e06ee863374803fb8ca19f5dc0dec480d24bfab6a69ae51952a9299be8e1be97703726dc2d14dc277afc792d0e32c11cd626ca605019e07e713c15c75b0351d7ea8d83ac0444aa096ae2913c928ab4fe5424b20214db4bc0f6c7206a2006b17d314864654c46d1c7f4252246419ce7f4f0b58c9ce7f1a8058aee97f3e211dd118bf88e0438a739e3a1cd2bf0e09a07b0c969130e10e8d17551886b8d67052111f1ddb188e99647f02210c1eb14da1185307e87e0c624d8a7325127842030bf808ebd0c21b955845025350ff7f693e7d5a878d50cdf3dac81bd67045502f66e99ac66483dd32e8fbe15e91f7f5b0aee05847b7e7b37b29bdb28ba75baf4f4864664d3b9e775d0b13736208b70cf94f9e29b5901e07bd2086f516663c7dcf6e1e62e05f764825c802fdb4904795c49b52ad3b92fb6b486e0ae25c81bd4022f521eac6d21c805f402ff5a55461555aa6d392794bf595bbbbd5ccd42174cb04716f33a1415c33b230b41847d6889745df05a7d467097d1f2ebf60761d57e3fac3ce08e35c12e4ccafeb06f0882559307ac5a65163a17988bdaf6315f78c0b2e5807a04cea659930565469953967c8f75a3076c1addf97e77bede07b3d6fd306971c71e6eef69e0be1656089afcb03bcf01771b3f8adb36dc87e71c56e3f5780b5814b8c1a6e2002b0a5eb06545c1aada03667507b0b781ef6d748449ad39dc098a9c06739cec75c325e621f5940ae12ed0b94c877aa1371cd3a7680c7e570bdd3bb27e450df390c0bd4ee522653e64829a05666311dc0d79680eeed25226601789d9d026aa11b8cb00dfee425fac79ec5758f3e86f50931988df9dac405f75186c363d86077ef60da4051be3bdf15cb8ec7e1e3ffcf72f22ced712e31d5958fde46df8d63ffd3d52bccd71a2250b77fef2a778e1e15b305214888f060fe3b5558fe2dffee51f91b26f0bde6e8c81edde57f19d6f7d191921b6a84974c26dfff9753c75cf4fd05ae087824813dcf4adaf60c3e3bf26eca391156182dbbef9651cd8f624ceb29275b1cb13132dde98620569b6cd9e79db0ab374ef3a9915b3c50a322ba6b8f72996537c2db948a75c3bcd861aff6382e95a534c36305f757b63f648029d3b81ae2a3e79d0312f2d84bb7fc60698e4adc3fab2d7f052cd4e3c5dbe0bebca2db0bbc20931b2963b419d4aa85f87fb7f03dccd092157066ee3fb354bc2bd6330907077c6efe94867fb17c37da63318937d027799a1ae05bab315d011ec936f30a0e8dae559766de95606908c82a7a46f7de634e14eb04f9f2e56133e6860d782c9d0ec256017cd10ee93a329fac92172d588f9a91339847b340eec7a1c377de32b38e867829a546ffce89f3f876d4fff04ef0f67a03299eee08b7f873d2fdc8c336d39f0b57c0d3ffed7ff87950ffe08ce462f61e3b3f7e1b5a77e83ae9c7d78a339163941a678f2175fc39e276e82aff17378e037df557d5bd921e6e82d0ec17377ff002b7ef415e439bf820faaed30db4bd7dee238b71ef29533d069f33513ee0ca819baf619c25d964e9c6d92c12ad698a164209dd494a79acca09326f986bd0ca83d0c2823c2dd9c7077580077799c2653251d99ad0f4c38b2e4eb910e5f54b6ef47d2a02fc2c742d4cc70d143f2281c614b90470e44aae7d7c386c210391886987e1e9719e606a295a2faa310a95ecb0c743c6f705e114384b3cc3cd71986f88178f8d7f8c35626b1a1ab4aee48420cdd7978b73cd3ce73e89a82fb43113410aca93f04414cb621dd3108688885f5412f58c70720a4284f39d9b09c0a05a088bc05703f715ef5ad5711e8955d430aec0be15ed62593d52c86bb4c5c6380bb807d21dc735a3a14dcb35b086a4ae09ed3da4228d713d602ec666448933b812e8e3dbdbe8d0ebe851097f5dadb08755983bd5139fa543a7be5de0975e5e8b92f9e608f2faf45021d7d42055d3dddb9b877c3be18425d419c8e5db6e378be1a40985f866871f4fcdde17985043edd7b6121020979ffc3390811a02be7fed9c27d836720567bfa62a5972b5e6205796f3edd798b3f2c5bdd0875079876dac1a45326a5718209216fda46e0b7b9a9e322136eefa58c2813be366b71853925cfbe9b30bfec6d73c1ee0e57ec14f1bd46bc4fcd986b76573a6243c65eec2d72800d416e51e301937a771835f2b364129b064d7b9adcb0830e73578b2d8c191fee95af23a7d118a7fa9c7199809f5179c88370f7c1e52ec2bd278cd0a131f82d5dfadbd50ae8d30aec352a17c923b83259d61cdc252f5dd11c2ff1a549df3da8ba08f56683324c313bcd8af6856379c88b30c5ebcffc0a462bef858fd526ec7af11eacbbef8788b0598b938d91f8f058362a139cf0d46fbe87750fdf8c60fbb578fc966fe27bfff0391cf2d885f7bab3b0f9b97b71df8ddf45e0cec770a622005b5eba075ff9e21760fedccfe1b3e9513c75c70ff0f2d377a1af2818e7eb2361bbfe11dcf1832fc172ed237078ed36dcfaad7fc2fa477f80de0a4f7414bae2f95bbe8e3577fd18457e2fe2cd32134c31574f7578a951f1979bf6e07223f34b1b21de4253d16a816996d3e2e009f7b926f906c2bdce08b3b57b315d6d84893ae6abaee5e13e713e4bc1dd2f7d3d8c73d7625de946bc58bd8370df89b565e684bbe375b8ff6f83fb14e1aea3ab9efd53b31afd3e43c73e79be56cd1b3f7d4ee68d6730896b577067d0487f1601af3b330f779d023b6f16425bb9763dd86566a71969961f3f8429c25d02eae2689a1a58f7c7811454c55a22ccfa3574e678e144632c024d5f466ec056fc79f8208e57132e262b51126682f3cd2908b15883dffcc71761b5f60e78993da71e956b4ab7c3474329f843572cde6c8946b6e70684ef7906294e2f23d26513c21d5ec340ce7e9c6b88c4e16053f8ec7a1eb9764fe3cf9566981df020b81d14d0af9c335ea02e533aca710dec32031d45b7aec19d35664a06ae4c36c948543ddce9da51bffb0ab8fb31a9a430d9642e82bb54823ee24d3fd6e585b24e37c40f7b22e44800fcc782113e1a85c441ba68796e7d2814c1a3c1081e0942e830ddfd208f0f86729be015e8cbf66008cfd326ad091e9679e145a108190d47e84838027b831035128d685606c23a43d5b4b6f174f5c15d61f06725c087e7fb0c075381f019f1a7fce03bccef2290ef8d805f5324ac52e9fae2fd105a94ab26ae8990a96705421f037771f0959401ee25047a916809e7ae9ae45b65205d37f2dbba09f92e7e6e3b0ada3b114348ee7671857d803fe15c8dc34dd2b72eebb57720aba14d0d8693fef68cfa167ddf3ba14eb8cbb694f25afadc13096fd927e7c7cb60b98a5aaa4ef5a34b3fbbf4afcbe87f69be8f2ba94424a12b7df0d132329ebf5b4a392613f70467e6f03ae4f3fc0256780a1041e71e70381741b9f908ca2f84bf949f11dcd5dcf232918d87375e3de08257fcac609aeb01c7661fba736758b6dbc1bcd306661d223b9811f6922fac28eb164d322bdd5ee6056399a14ef209f759b0c26bdeeac8630edcef80bd9d8ed8d3e944b83b60778bcc1dcfcf6e61ce6ae0b9752e30af13a0b312d0ecc4e38e4a464d74ead45e6a17e3660fe3c4a26e2fbccab7a29095df37bb6570972b2bd6326a7e3fe1eeade07e7101dc6708771de12e03e9a6f44df233fa655ce7e1aecdaba1cd88697852470ff653928b1683dd9093545e3a469341f0ff612403ed991e88b05e4753b01201e6afa028d804efb5a6e0e2b14c7c309288df76a4709f29fc8d5f468ac70624b8ad578fe5f665edc74703e9a888b787a7d12b48b27d0167ab7cf1da933fc7f7fff5ef10bceb01c4d06884d96f4039cdcb1b8d51b8d019c39cb40fe136ebe1bdeb69a479ac44b0f95348f55e83f1ba7df82363ffb0efab08d8fd342a039ec5f9c2ed9868f7c0242b56d304f9a5c61dd42ee83a09f7567302de6c1eeebcce8be1be9770dfa3e03e49b8eb04eee3f184bb005d5a3572afc3fd6fdab9f7466970ff6313e15ea6268a983c5f83a9730c2eb5200c03893007ddb98cb234b8771dc13ecdbfa3e3459399e704ecda8015bd6b972022d8a7c7e85a8fa412ee04fc9174d5ef2ed3b04e9fc8c59f075371799c0e7698e79ec957e74c8cc4637a3c994ac507dd71b8349886dfb5d1c5dabc8abbbef16f48f7588bdf0d1ec4effae2f0d170829a7deef2503c2e0d25e2525f2440f73ad91f8df7bb93f1a7fe83b8d015813f7786ab11faefb70661ba6d1f938a03d04975d813ea04f95fe1d835d76e051d83489ac026450aee32906e37e1be0b330caac93a3306a13d267a09f79306b8f33acb35542d1c59f888c131d27d0025ddce881ddd8fa063bef03b12a8e6918f1fa62ba7530f21d403c7031038e64fc8fb239cd00d1b0ee2b6b6c04b30b74308e5e09140be0e44e0a8a600560844817c7f00ef8110c25ee69b8f1c8e44d45024c2fb08f6be2078f3330e8c055101941f0e8cfbb2f485f728013fc4cfe90f876f73042cd33c6095e08be0bf02ee02760dee5a93fc3cdcfb5148c9b3edf38fbf2d867b416b17f209eebca6361eeb8695b73fbe7ac38d78e08517117ef830b21b9a90ddd88cac3a9674ef2219352fa3e3657d7659975d46c4cba8f934825c1b255f83c3752daa4c21e4d3784c46be271457a811f37132708ee71946c4cb087a19311fcfe3d1047e4476813a476de71422323b0fd184bbac251f919347775f8a20ee0b2d284204b76560dd67355a5ee0be85dae4ee85f5fb9db1cec71296d9fbe1d6e80dfb269995ce1656edd6843cd5c6ed567b02dd01b6cd0e3caec9b2c55e41dcbc55b61d60cd7db64df6b069b68715ef7b13deeb462d36306eb7c71e5670f7345a739f0dac79dc9ef9c7bad1096684bc4c31bb9bc777b7da602fcf9773cc1a6d61421935b2d241d8d8d6ec4640e96654d4ecc2fb8c3b79d414edb274a93b6608f7892e7fc23d947067fef82d41ae9c7b15c14ec08b73a7d19891352c94d9d0bb766538f42d8a7360a79673eccc4986d527c5745c626e9a60ce9a38928b8b43e98c4fe69fa332e90c4be6a54902eb22e3e5228dc8e470362e1fc9c2a5d143f8b0ff102647797c2009138349cc5f19f8f300f3db402c26066260f4c2cf70e3bf7f1eddc9e6f8a0c5177fe83b883ff2fd1f7545e372bb0c1c8c66de8ac247bd21fcdc08fcbe2b181f3226dfe1b5f8d3a017de6ff7c345eebbdce9c28a8f2381ed8c8b5574de84f96c2f81de698ae97613be3685ae99dbcde6989247e4988bb4fe7699488b66a36e0f50bb1b3a0577e62c1a89d9f138e6f12c35affe75b8ff8dc21d84fbec15709f3953ba00ee32fb9cc09d81c45ab136318dd488a54f8b6e5dc07e4ae684cfe38da28d4655fd5a73419446b8cb148ea9eab502f7e8414cb3363c7124835097beaf1cee4f571580899104e8f8cfbf4c2739391801dd68022ef5c610d809f8635b34ba335c1069ba12c339f60aea1706a37099817799009c1e8dc185be084cc83cee6a41187f7cd41f833f778460bacb0f53fda1f8337fe71fda7c30dbbd0fba761b5c94c7d6bae8dcdb09f7058e5d73eb5a3fbb02bb72edf38e7db65106cf594227f3c7cbe01635c0451e7d632d99609fad13b8efbe02eef26c69860677190d7c8ad78a49eca3638984bb074a7a9c103b46b81f9f877bdc4814212c53c9eae13e2e70f743d808e1ce7d410277c25b801ec27dc154d028cfd32b603408fef25e71fde3a10818e2eb7e1eebe3b11e3f3a725602087c6fba764f9eebc9ca83405de0eec9d28b7fcb8770f71f8880774b24ccd30fc03291ef2bce431841f59734cb2f82bb34c94b133c65807ba17ee29a2282bd5046c8b7f568706f21dc5b34b81f26bc0f955561a3a925befb9b5b70c7134fc16cdf7e64d7d421bda21a9e51f1d866ed808d46e678ddd21eb6de813cee890d7bccf0cab6dd700e0c4364462e763bb8e1d51d46d8ccf3765a3bc227361971fcdea684e356beff75eaa5d7b6f13c174464e521a9b81c21a959d8ebec8e57b6efc626332bacdd630a23a77df04b3c84a08319fc3b07f83776e2b90d5bb0d7c51d41e95908cdce47545119af513102c5b97f46cfb96f26d8b7b90762ab9b2f36ee73c5062f6b586779c2bdde0f8ecc2976bc776dda6c60a5640b1b82dc960017a83bea2590b6e07e81bc35a12e33d3d9eb65db64070bc2d994155bf3363b9813f0e6acec5a34b1a2d048c0cbec75f57cdd4037cf7305ea7b5aac61dc6c4db05b733f014f9934d0b53798c3a16a17828b37a39ae51fa4efb89d706f9305990c7027d096833b5dfbb43c0227e37ff4f3c66bd35c5f0976698a67c5790eee1ad8173a76b5eaa4827b2a26c753988b987b46998364264d56c227c6a2f83d08e9e143b8d41fc2fc15450013f83dc9b83818cffdb1b8347290394a148b29e6a10bfd71cc43f19822ac3f6af34359e816f81b3d8f7325aef88039e743e69e8b83096a422b5da737a6ba03f151872f7fb397d29f5b0ff06ff9e3771d76f860c08595006f5c68f5c44531121d927f5c3155c7dc24b3d17599e2729b11265a8d0977631e13b89b11ee043c73d1348dc60c73dbac8cff611ed2e02e6683b98b7f0bd7e1fe7f05ee411adce5c6fe43a30677d69227e8da35b8b3a6ac5cbb805da0248123232c05ee050c44ba7679bc4d815dfada097715441240a9d4210697f67a9a70bf3492acdcfba5b1436a9a4601fbc44812e11e8f8bfd04fa780c6647c331331641b71f8799a168e808f2cb32a29f35e60b9d11f8482d76138ca991505c1a08c0e581404c0c85e14f1d4c0ebc39d1cd84d1bd9fb5ea105cec6020b53230fafdf0673a8399d130ccf6b8b2d66b850b2dace5b2563c4b988b5b5fecd835b06b23e319507ac73e4b17228bc288a4e96b8a813441b04f3432d01aa4af5de0be530f7753c2dd6e01dcc5195c0df751e5dc5de8dc3de8dcfde0374eb88f11eec3843b2b3a21c374df74d5e2dc4346fc10a177ee41fcfd4123c1cab587709f38f82081f99c429482c7c2a870f8f13af913ecc18374f27dfe08eca7db1f0e83df50087cf54df2de23fecab1fb885859f0190c6185201a5e2d31304bf7867922df5b5280e0c20a84e456133e156a86ba6bc15dca0aca0077996256a05ed0d987820e425d2f99be56fada0d602f6cee44610bd5dc0e9f98443cb96603d6ecdc8b67d7acc78b1b3621a3a40245f52dd86be384affff067b8f9be87b079af19d612e03fbfeb7efceaae07f0ecab1b60ebe18b5d368eb8fde127f0d88babb1e2c9e7f06b1edb646481e0a4543cbd6623beffab9bf1d0f32bb1e2a9e771f3bd2bb0ddc21609fc4d02f2db1f7d0a0f3efd3c1e7de9157ce7865fe0a1675e846f6c929aa1eed6158fe341bee7f19756e3bea79e8389ab07c20fe723383317c174f421f9457a80ebe16e90805c81fed3c17dab7b30b6b80510eeee84bb1dacb27ce0561fc89ce24e983b11ea84b792039db834c53b13dace04bc939275b323c1ee082b96b64d8e706870842325a55da32c15ebcccf608e613c98f3332c191f56acf85a13fa3604b7751dff66bd03216e47a8dbd0e55bb3322060b786258f9b37d0bd3758e9e1be0781c55b51c9f2f712737ab86311dc59193f99a187bbac3e290b54b1945c74ae425bc342815d73ed8bdcbac800754acb478cb739b3310f7691ee28a13e96485322392a4b9b2e762c12ba63cc8784fe24613cc5caef24e36a8a6e7c6af820011c8e09599c8aefbd44e73d2d06a327001ff5856192ce7b429e49676e9251ff1707e8d2bb02780ef3507700fed4e2a9e6d1d775ecc3648b0b66fa6842baa44bc203975adde9d2dd789e352ef7dbe352bb1b26da3c7051720f818f1677e8ea99d75a6d31dd66820b4d7b70b1d508532dc6cc4f74f084bb72efcc4902f75935dfc6deeb70ffbf0d7782b18737f411baec3fd413ee25ea59f70906d3245dfbf4992be0ce1b41c1fda4807d31dcb5474c3217d48e1934b254224bdd68926a069b184dc1f451fd60969143dc4e67f02460e6086bbd23910c9060c23d84100e858eae55d717020cc610f2f1b8d4c620e90cd1a02f60ef63ad77d01797e92e2f0e06e34f04d7851e0f260bba6d3a95294253d72b53cb3a61aacb0d1ff6f8e023596291209dec60d00c3180182caadf5dc0ae7fe46da163d7c9a32684ba4ef5b16b8e5d819dc94a475d09f719825de0ae63404dd49a10eeb68be1ce205a0477def4a30cb8727ebf8491030839ea8780b120848f46226128063174cd61bc0e4174d6d2d4aefadce9c0c3c5d10fcbf2aca108e5350be3be50115d7808a5f5bb872188959e409e1bc08a8e5f5f208258868f4a3f3e8ff7b332d04757dfcff3a8401e0b20f8fdc5ad53027d3f56b8fcfbe2e0d59c00d3343f982485c2b7a40401853508ccaba303ad22dc05461f07f7416d30dd1cdc09733ddc3511ec0be1dedc8582a64e1434b623b7a611bbe8aa05d4518732b1ddd81c77ad78542dfe525cdb84d78d2df1d35fdf061b374fe45735c0e1802f6ebaf7216ca2cbce282aa72a604b776e6ce78cf88c1cf8d3e9df43603ffcec4bf08988c553abd6e067b7de097b4f5f04c627e3fec79fc1932b57c32b3c1a0ff29c15cfad847f6c220e8446e2ce871f572077f60dc43d3cef8e879e80574834c212d3f8792bf1d00bafc03d221e61047c38c12e0bc7189addaf84bba64f0e77f5289c7b28c11e8cb5ee9e78d5c709a6d90174ed2184f50198119c269d4e30ee74847187334cda5d61d6eac6bcb18fa0775592255c6529578b66673a7782bf81e0a7ec1a5c60c3bc240bce983377eca133df4d19d3f99bd2e55b34dba9a67b6bba76cb2be0ae397701bb1d4c1bedb157dc3b2bc5d63546f029dd8e921a63bccbef2313468110833c8adaed8549c25da6a0d5cdc1bd52cd82292643c15dc60319e07e4aeb269c07fb958e5d1b19bf08ee0bc02edd843ae6a6c9a3499824a0a698a32e8f26e212ef79dd18f30fa13f39188729c6d4c4800fcd018dc7302b02b2000ce348c7d7138c4f9db43276fb62663c82e712ea5dbe3c8f609767d3195b93bd847b7f002e11ea17daf631f730ef76f33733e7a043d6627754cbde4a05678239e7529b31cfa529601e9aa05bbf2ccebd8d706f6425a076bf5ae2559ae62f10e8131d1684bb097314738f38f7268af94839f77a63e6213ddc6b34b84fd75d87fbdf00dc2b08f742c2fdf03cdc19bc0aee8b1e85f3c10ce17e99709f36c09d356279dc6492413549d73e7d86017515dce586c8536097a964a5495ead89ace02e812401a477ed0ca099b16406423c834d1b357f69248537d5615c1e4b25dc5331351a4f572e83fa62e9c203303b2eebb0cb8a49fe00e1343340e8f747b1c6cc5a72973876e9536722e8f560406970ffb0df1f137cdfc4c001260c3aec4e7bd692dd30257d56dc9eec74c6075d07f0e74e79cedf151779ce852e0706266bd074236af09c82fb82a6f8161bcc3051a9a67801bb1aa8a2815d83bb0413c1ce5af2648311a6eb776b70af15b8ef5270bfb800ee3384bb0491c05d9e7917b85fe04d3fceff4325ff1f49c35e083b224deb21881c8946a2ace436104590cb4a6f04f628214e871d35188a082695d0e148423a5c0dae0ba73bd014a6169809e5750b198a20ccc310d04f074fb7113218a1d66b9751f0c154a8a897efed0d47582f814ff711a246cbf37c7e56c040381d7e14027b1308f724c23d10c649114cd0e5f02faa877f5e23e15ef397c39d60bf0aee7390ef55d3d7e61b9ae40d706f68436c561e1e23347f7ddb3dd844577ed7838fe29b3fbc01dbe8bc73caaab0c3dc5ac1da272c0af995757024a41fa03b37b6734261753df265c01c9db46f5834ecf77b61e34e23fce417376105e1ec151281275f7e150fd07507c527212e331b4fbcf8321dfcb330b277c22d0f3c8c57b7ef444a6e0162d2b3f0d42b6be8fe5761af9d237e79fbddf8d94d77e085d51bf1f2ba2df8e56df7e2a6fb1f85ad6fb0eaaf0fcf294470763ea1ad87fb1cd0ffebe0fe9a4718d6ed0fc32b1e3e78d9cf0d7b738361db1c06d3564f1875eec39e6e57ece63dbe9bae702fef31a37677427e3fc1efae24a3e54d580990d1f11602fc2657425ee4c6ed7d302360f6363a6267933d7633d7183187ec25e08da5c9be99606f7482453d2b1584b811e12e4df35a9f3bc1dee4a006d6ede27bf7f09879bd090e54ec40419d29de90d814a8f17bcdf27bceeae1bed8b9d35ce8e1ae00bf00eeb3a7a49b7021dc25372d74ecd2143f3f327e21dc05ec06b8cf103817c6e2707124918e9d26e46814f35130a609ee096972676e991ef1a7e19005a968827a83a0638e9ae80aa429a133efa3ab67054037c0fc2383027bfca0637ebad4ed43d3e483e901c9afbe84bc2773af3c15c0dfdbe5acc6fbc8c22eb3ac24c90253b3cd8e843b7305ddf86407c1dc4503c26b7ba98ea06eb2a10ba773af13b8d3a8345be023e69dc90e19d06b4ae341b80bd80d706f3025dc65ae8d3d7ab8effa58b84f312f5d16b87710ee691adcd70adcab76e099b29d58536a8e5d06b81f9987fbf555e13e53b83bb336ee4ab87beae1de4bb897e1f0e93c649ecd40d18904b4f3061b6190fe9e813c43273bc9daa301ee3ac2fd1213b83c833efb8706057759d275f25cb9d23483c9f01cbb6104aa3c37aa13715b950c261d6bc9daf3a3320a55eb6b17b8cf4a008d2713c8890afa532349b84ca7ae3b2203e792097bd69019245323d23520700f6665201c3374a43304ccec086bcc74959384d0cc78bc5aaf7d8235e549e9571ff223f0097782fd2203e8126fdc4bd2ccc7e099ed7327dc29994e96e0d6b12270b9db9301e7a9026c928ee62381782f5d43bb3877429db5e9b991f10276ba90190940825dc15ddf143f43a88b740ca269827d9a81a45360df41b06b9a26e02f13ee171aed5470cb68f9995332814f06afa5380c19a390850b0c94f14e5f94d3bd240c7921e4880c8693816fd16a2d7779e44d1e830b9626783ddca3f5700f21dc05e0a1dc16a0cba3720aec724c2a04f23ec23d682014c1727c245295fe4c50817415b2725c58bf805d44b0f7f1bc7e790c4e06e051e2e4fb2208f738782be7ee0f533a779f9262f81756eb9dbbcc2d3f0ff7b6e3e7d46435d2c75ed139a8819d65b980bd431b155f6470eb847abe405d24b3d1b575abcfc86be9425e7327f29b3a08f80e380584e2aec79f55cef8e58ddbb172e356fce6ee07f1f88bab91945b881d5676b8ede1c770202c12d995357020dcef7efc29ecb171405e751d92b30b6062eb88a757be8a27e8ba1f7ef645fc98707f8815001fbaf367e8dcef7fe26904c425223a2d138fbdb40af73df18c02f81d8f3c81f5bbf6e2205d784cc661fe4d82ffe9e761e1b65f2dfbfaf3dbefc1932fade1fe57f1ecab9bb0c9c41a9e71298824b44309f7505e17591a57a06d007758aea84c95217902f64f03f710f5acfb2b1e9e58e9e7843db9fe74d4c1306165dfa8dd85802790e9108dd56370daa36fa67490b26da65ebba891f232025e1cba45b30b2c992b44169409ddbcc07d6f8ba3f6281d65cc4ab031816d46b89bf3980ca83322c8f7309e76337ef6b234e17181fbde26a739b89b29b8ef447ebd29ce3306a7ba65222d79d6fd00748c11f59c7b4f38e19e05bc5783e937ab3593719ea5321cfa7c44b8cfa8a776f44fe8a896444a750d1a5a10c5b5331fc9ec9804fbec514a0c0c35339eaaa41b3f485393848ba3cc3b6309341acc45e30433634cc6f0ccf0b5eea8b426fa13f66238988bc4d98f04e1524f00e33a10179843a758f19e26dcd5faecfdac0c30dfcaf6a47435f0775d68f7c025c6b72c4c35d521abe0d15008e4e9c26520ef7403f30c2b4cb3ac84c933ec9374e2d23538cbffcb2c7313b80d5ee3e95a9a10a90cb458e2b2b41836d36010f232784e26ac31807d9aae5dba0565ec0f988b50c37c54b51b53b5cc5f74e64b0da89b6485eaf21b59e869f74440ea7aeccd5b8b57cb366265e50e3c57b213af12ee3b2a09f7f1241c623e17b85f5fcffdbf03ee2dfbe0dae2a5e03e7cb107a50c80c30448e6d934c23d8e700fc658ab3bfed026fd3b5243a67b9719ea58bbd47506e0d2402c268f1f06fec4df2b9341bcc1203a57a2e96c315588a93305983e9d4fd0f366384d981354337283d07deaf4235115d8f57097c12ae2dea5497ef6480a6fa8642571f1bab1248a8123a26bd7319074523316c01340ba6181bb5ee2dc09b31982484748e9f85ba6fb83545397521f03afcf8f6e9c35660692aec79bbfeb0025b5642f0614b7e9d6e579da69799e561ebb11e03349e9da5d2927c25dc02ecdf304bb34d31bc02e13443413ec22ba7699ca51a4c19d0145b0ab1ab28c90a76347ed76a5594ac1bdce181f12ee52f15070e7759b924a902426092a26a00f09f7b12e1f82cf0db1839e0822dcfd09f7305e0b99ad2e927015772e6e3e682c08a14c2c91e2d415f02311c4ca8f34cf870c13ce4b287888c05e4efc1c79ae3d98500fa204f8014c4cfe8301f053e2368f07f6c6c0b73916e6e93e304f0a825f513e020bca119c5f45105552dac23106b8cb236fe2d405ea0aec1d0328d3837d69b813ecedddc86deb426eabcc48a73dde96dbdc814395b5d8686e8b675edb8e98ec42e4d4b5e0706d13f63ab8e18e479fa64b0ec4065373dcfcc863700b0bc7c1d232d87afbe1aea79ec10e6b3b64965721383145c1fbce871e8585ab3bb69b59e15774dd0fd1ad7b4744e3e99757e3419e1f9c7c1091e99978e4c595b8ffe96761e7ed8b079e7d010f13e80174f55e5131b8939588fb9e7c1a0e3efe78e0b99770ef332fe2406402fc13d2b0d7e500763b7bc02b390d21847a482e012f50cfd7001d4e58cb130611d9e588ccae50a502fc27867b00cb206c70f7c7eafdee78d99760cdf526dc03544e302384cd0906e92f97c7dbac9a9d096de69a16171ed3642a8fc35166943c0667de2c625ed1cb8caf4de82aaf9429652692c969e83065b4fcae8570a793376ba4c3e7f13de2ea9bac61516702cff21d2814e7de2debb83307c9ca668c59d574cd4aa75a38461cf87b756a20ddc439017b2d2608f7099a8ea973a5cc4745d09d25cccf08d8f5525d835261a604eec744cc51342d337360d71cbb3c96abe920a6c61328e63fa5688a301f8ba07b8f24e023598629273fc558d224a3db09ef41e6216a4a404e273f4d8331c55c249aecf325dc7d999358d2bd4ff1f74dd1584c332789a608f969b596852b738f005c06f4ca60399a8b76c943cc3f928fc468b052344b49290e5e3d7ecb5c34ad06ce69ad87b36234d442552281bb11e1ae8dfd410d735235f351d52e4cd6ca28fb857097ae0ced397781fb25c2bdbfcd138184fbae82b55855be11ab08f7178a776275b939b657392296704f631e4f23d493afc3fdb386bbab1eee3e1adc2f09dc4b70f84cf61570f720dc6526281fc25d6e3003dcfd71a93f0e130c06fcb1116a06baf3ac1d3380248804ecd3dc3745b04f114a3a561ac4812af1869895c172c71938e2d69534a0e3e8414d043b14d8e9dc45ac21cf12e833a371fa32163306a82bb04710e87aa8ab9260a7839ca19b9ca5ab9c65cd7886896086c134d3c792509f610069f2567d77d2c437cb6052905733d011ee326887b567e9e39b5572a5585356a3e40d70b7858e7097b590750be0ae9ae3d5e32522cdb56b70d73fd76ea8212bb86f25dcb75d0df79329aa523429dd17d20ac21b4d5a3c3ee44d3f07f7a1a5e12ef00e1a5b00775e93ff12b853e2ea8304e05400ef137f025d819d6e45837b08e11e4db8c7c08270b7480a4440511e820bca0824013b21f531702f6bef472935f72c3bb510ee02f6857017b01be49b92866736bf8e3d2e1e28a4a3cf91c7ddaa1be19b70080fbcf00a566ddf8dd57b8df1f3150fc121280419d5b5b0f1f5c71d4f3e83d7e9dcd3cbaa10cacf78ece557d5e22eaf6c799d2efb157cffc65fab25619dfc82f0f49af558f1fc4bf0a5730fa3737f7cd5abb89f50f78c8ec32eba7769157874e56aaca0a3ffea8f7e8a0779ae574c3cb658d8e0c67b5760055dfb136b36e1572b9ec00bdbf7c237358b309647e2a4bf5de02d802e9b83bb803d8a8afc2f80fb66c27d23e1be66ff3eacd2c3ddb625800097be75190067074b42c29af0b521a86d086c2b71e8cc1d662203d4979102f8b544b09bd09defe567efe2df33c05d9ae9cd097753c2dd88dbc684bb15e1ee4db81711ee6f2ab8bb333e199b52092714951396b9e5e928f16e0da6ce4bd72045c04fd0c14f9c2bc394321b0574ef04fa19694514a08b5ba76b57627c09d429698a97713ef360a7d120d067c60ca2d190d6c0715628c6a2292909f4b170023d8270673942a08f10e274ecd2a72e4df0534301843b1d3ae3441cbb805d0c868e50d729a8fb28e97a5969e9f122d00ff0b78a087765acc46818d6b3304c752d6077808eb948933e1fe973913cbfae13a947dd445a3e12b0cb3a163a057581bb4c7bbd18eeb384fb14e13e41b8cbdaf9b3acd0c8989fa5e03e48b807ebe1fe72c546bc42b8bf64807bb523e2aec39d7ff87f11dc2ff7b3d67a3413f8032f868c40952514cf14327864a21a069272ecbc094e492d99c1238faaf0669051f0384e872e22d4b57e76813a812e8b131ca10874c8cd34164fb1c6a8a01e8bd9911840291ab3c391548426427d96d0999526793acb59d68e67e9d405eae80bc42c9380263fcc4a5f36a18e1e4f4d043af8db34edd706aa3080d021237229021d6dce7a3929c948790dee0c28262605f7562da0b451f232904e83bb8e60979ab26a925701a577eed204b604dc2fd51ae183465b5c20dce5119b857097c563a699881639f7bf75b81b9e655770d79ae3f3a439de00f60570cf6e6e570a3b9c071bbf6084a4652bb81fae6d56704f2daf85d5015f587a78c32e38149bed1c10443067d537c12ff9107639bac283704e2dafc6a1924ab80485e16556049e59f71a36ee31c516336b6cb3b48367541c2b0efbb0533dfe9683c8c3b9d8c1ed9d8e2e084dcf427846b67a34ee095600ee25d4bf76c32ff0d8abeb9800331074309d7f671f9e5cbb098fae5a8ff56636700e8f25908b10535a8de09c620464176a8027dcc3086b017cb81ef0ff15cefd7f37dc59d926e420ad6b84e26477002ef78643267ac23b3298ae9cf9a79c40a76357a26b573989ae5dbab6184ff303e7b466f8d9635affba34c3ab7c44a02bd1a98bc900813e2b1a4da21208f818e864843c5dba8e40d711e83abaf569425d3722837aff3ff6de3b2e8a2cddff9fbc3b9bc3fdeebdbfcd7befee6c98b4938339e79c959c1194208a0910104492624024495201250a621630e79cb3a38e93c744e8063ebfcf73aa1b5b6c18c7d99931f41fefd7a9aeaaae0e55e7799fa7ead4a9581283fa7d31aa1f501deb868252afdb4ba1efa1d0a5d73ba9df254fb70b639221e5749672f63018758c43827a7e05d186bad61e29ad895d437b36bb41ee2a16c923a529762577d298b513c9da25d9601c122463d72934b9d751ecf572899072af27bad52ea85eeb43b933f1318c50a7e47ed222f7475beebb17402772ff743d77fa724dee6764284719a8c62077257669291b078560e539996910bb315317a9b30289d4b9132107918c86a4a49e402873c12075c581f9648eea38877dc26c320be0775650ec2275304b07a50ee964a7a4ce6c58893d8c50e6ac44b7852e414306aa91deb8325006652e18a52e3d5437f913ed5abb696512b91b2b93c85d2a946a29abcaa4c95d5d6b5715ca9395485ac922776722a7e4ed5899eca15be3845b66e5ce4ad528f75cca3d8d728f780ce4ae895d90fbd9f3842672cf35c9da8d72cf29df0c19cc2687197b56d97a2c5d53ae049f234f755b25a3cfad47daea7558bcb10259147b5249195229f4acb51b90c9654985a5c85cb9563dab3d95924f63269f2c03d3f0fba6ad28c322325f3acb51b0e9656b905848b1e62c67598279b9f918c7cc5e9ed13ec0ce115d4758e3cdeebd603b6e02e6b0d111bfbc1073b3f3d928c863a3a0401bd8467ac7e7e4239ac448873aced37ac7f3ffa2a495a80d821744e68fb7dc05d65f397dbd7d266a77ce66d6cdd8727925e3d00ac620b9c62e9297e75814b194fe3f8c45aa53aac89d49c6090de3d9432dc930241a47e4cc21a1d071983149a0d445ec0d4c34ea0fcd274c2a0ece31c0e442fafb1c98857a66eb22f50682bd4c2ca4b3af8289c51e2102f5bbc309b3e15d2273365208768430b60a72662288c8403d22756d886be925dfa04ec76b59bb5c1ad46f99043de5ae672cd23336e945ec8251ee4aec9adce57637ed9637c624c6214113fb18d43226d5ae7357c9451de55ecf98a4c9dd0dd5eb4ce5be0c7a8abde12463bb45ee8fb0dc772d40ed5183dc4f71879f2b32c8bd10f53248cd6939006ecbbd412a94cada599144ecc74dc4ae327611bb26f7068a5d21d97aa3dc4dc4be7f1ea1dc95d4096583bd06b91bc52e4f55db45b9378add90b1f3fbab6c5d6e2f91402162df4ea14bb66eccd895d8254ba7d055b63ed120f60968909ef1c64a44b496f26db94b65d26df469ac4c22783de5ae3aad28c17b42bfce8315c98d95c885382ab1d735cadd1dd736f819e49e46a9e750eeb92cf99f9eca574fc7bb7e2cfd9196bb5c6f5fb179378a49e3087444e42e625fb6f976d66e94bb51ecd914fbd20d956ac4b9a514ba887db9dc1ab761b3127de6ca75ea31ae99947ae6c64aa4add98094556b9152b61669147ffaea0d447b56bb8c30975ab21a1965eb902eaf45f04446a24ba2f08505147a7cc10a2452f8f27a3605ee1e128edeb68eccf8add175a40d5c024310c36c3e81eb8ac8e5cc823cd77d3e451e2783d7e417631eb711bb8c193b97cf6e1cbc46feaf520d83e4e554bd0c6663913b1be53bc399dd4640bf7396cabc71591e56554c0949a2514299af2045e4b6dca5cf8ff4f56938c14c5dde23670fd519444936c851b91cc80c5d382c483c4a641c32c024a3817548a40ed615a14160bd68905b7295d435b18352c71e41ce1ab23e2b6628a937ec92c609a56e4c320c34301635304b07a5de888a478c4526d9ba4ee03c05ff43a3dc758c45eaa1548241eec658a49058c4ff54d009947bf57a0fd450eebab5aed0af91786494bb6b13b9e742c696b79c967f84e5aea7dc6f51ee3547595128f7064a473dd2f5b4885d1b81eef62d6fd2692507f22098db952a9dc8bdec8b082b13e5dec0ccbd813b510ea27a8a5d23419d0213c137c8a97881726fa0dc1b28aa867dac607b055632113ca502b9c62ea7e20d726fa0dc1b28762390c717aa6beb9adc1b2877ad4289d835b96b2d644deeda40355ab6dec0ca535fa965ec9adc45ea7e94ba606c298bd88d2d6591bab1c38a41ecac483a66ee3aca5d6e7dab97cab49a72274aee6b44eee31a3bd489dc6b2877bdc89dffad3c19efdae324774afdb6dc2563bf2d77257613b98bd815f238d7b5ccd699a98bd845ea725a5e04bf94f345e28b28f5d4b51b15196c0ca4ad2b473205aea0e813297519435e4896c7bb96304367162fe3c62797aec50279842b453f97124ea4d4656cf9d8ec3c55ce2f28e5f2957cef6a442f5946d9162281ef53c3ef4aa64e892fa0c0e753e4d159d988a6f8e5def6390522eb2243e66ebc0d4efe3353641eb9ef5be11e91d3f2db448c143b33771de5ae65ee46b933d1382d6297a74f3273576713b54b8475ccdc655028ad13afc4a20c433c4a473deb5503e55e4f193542b9d753ee0ae9ef43b9d74b0c325e126cecef23970305b91ca85d126c90cc9d72bf7d5950fafc3073dfc9f843a94bc62ea7e165f02c05e36b3d63919c826f908c9dc869782d1e4907ba2672675cd2312ee98c59bb889df148a4ae611a8b34b137957b2d917e3e22f75a66ee77cadd85cbbcb56bee2277c6228bdc1f03b9dfdc9580eaa33994fb4695a937f0fd75ac54828c1daf5782cf87fe24254f21c9a312d5a34b59a9ea8e676af787aa0a95465251779422a3e06528d9ba2349a863a5521d572879ad677c02ea28f7fa0364ff7c320ff5fb28f9bdac600aca9eb269a058ea77c72a1a76c7a09e92afdfc94aa5a0e065f0881dd2892e84c8b5ad10c3b52dadf35c3d85a95dd792d35f64b3c04ac5ca24b7bdd5551a9ed16ee844a7a4ce56b251ec7a638f54c3e9f8c66cdd98b18bd895dc47ab416b34b9dba181e8563b50ee6e94bbafbae71527f9bf9c59aae4ae6b947b1ebe3c96f9d8c95d06aa592e34917b8e88bd89dc73657a7d2516afd9a84ec58bd817afdaa04ecd1be59eca658bf83a99cb52e461315c2f898d80044a7c7ee14ac453c6f2ac7679a29b3cbf5d9eee962863cb737d999647b9ca93dfe652e4f359cea178a397ca203425ccc22956fe3e79c46b6c8edcb72e03d3303397e9ec7c95adcf21f114793c253e27371fb14b97214646a79353f48264e6860c3ed608b71d4b996bc3d23eae7267862ba7e4e5de6bd667ddf62893d3f24de55ed22877bd8c8c799ab1484e2d9fd09ed7a050b148d0c6cf9011e86ec722933b74e4b6b74302e391c4200a5e217188d4b16ed5c9dd39fb66a14e75e665fc215a475eb23b0a754c34ea89749aab63f65eb72b0c7a0abe6e8701432caadb164402d4b5763d63917aac34639186f13abbd691ce7806512519c678d4188b44ec8c414d938c3be4ee6190bb2be5ee44b98bd8ed0d72970ebe7c1f1b520d470d0f8eb1c8fde190fbd48a70ca7d35f6dfda81e2b345587a261b8bcf66a0e04442a3dc3f25f2c83f53b9ebb646e1fa8e05d09d588e868fe43e77917a3177bc54a415ac40c5d05144ba53860cfee4725628a954d26a9607c064115626ca5dcfca24e858a1746c35eb7820e8589974ac4c0ab69675ac50ba8309d01d90e11ce3a1a3dc650847a16eef3ce805190d6a0f2bd8ee38e877cb2875acf0bb58d176c5b202459328e87790ed91fc1d6ca0b0f52c154b6e37d1f1b7e965a01a85f44a954ac540c24aa557b7be4d819e8257d7b736b162b1a5ac7aa452ea75ac44727dddd861452a925c5f5750e875ccd4ebe47a1685ae57d9ba1bc52ea7c06ecb1dab6d29771be829f86a56a8ebac5037b730889d645039bb94ffa39c9697e05470cf728fdd1fa7c6879711ea64a8d9b90c3a723f7b0c338d688a5d969b13b710c3755b225ae4bd5bee679761666330736f1422f6462262df4c9694bcdc1eb7733e6694c7c32b53869f8d426401e52562a2d8e3289e39cb8a482196556ec7a6e3e7d430b372eb9b5c6b57d7dbcdca5da4bee30ea91b337761e9c64d58c22c3c5fd661f69e59b64e895da42e3de6e514bdcc93a7bd25cb29fa0d5b90bc6a23e479eb696b28fab20d6a5aca5479121c4b793efbbc8295eaf9edc6e7b3cbb4f1b9edc6e5227561566e915a474a41c46e9c27d3b3730bd569fcd99479dcd25c95bdcfe2b4b0409ef34e71c750f6daa9791967be80ff1be751ee0a397d2f62ff0fc87d8841ee6ecbc294dcbd2a64f439ff7b90bb19619b20f7aab7c88649daed6ee593e0cccf9347bbba55c890b3133076833fcb8970e7b43c3cc667ad07c24a1c51b0d61317b7b33e4a8ff12d6c98f3f86fd815839a1d321436057b325b5d733795bb3c5edaacdcb9ae0c0ca5a7dcf56c14e828f75a8abd96997bed517950950c779d8a5ac6a25a432caa65e62ea878a4e2d0fcc638a46392a1db3707b54c30746cf8eaf63006b1e12be36be89960083a26197a52b72beaf6ad6eea76b730038c430ac659365eb43814cce920c621b2458b457a11bc923b130ca2ce1eaa448352af643c5289869664687d7eb458a48dad21f18825638f2031a8967149a859e7ccd732d606138d35d20748e4ee84aa355cb68549cfd10466ee4bf9bfc9781bcb5a94fbc0958ee85be8844125632d727f90e49e75261df994fb5606f14395c1f88418e5ae571d3e78606e89c497dbe25981f2812b6b98b59750f492a5cbb5ad224dec14914e3277b6f2a4b527b7aae84fca7d9252a964d4b5cc46c1eb28f75acabd962de5da23c96aec663d4bfd51b69499c5cb18f27a66f03248848219bc9e92d7cb18f282489e154c0d18c12c5e6f907c1de5aea7dc7594bb8e62d7ed8844edb69944e4aedd72d258b1b653f48a1035584fed96403215b59b03c814d46e9a8c1a8abd96814dc74024ad6391ba76ab9b3628441d2b903cc2b54ef53c15dc51bf4ebbb65e27c339ae91d285ad6357e898a1ebd738ab53f20dabacd150360a7565d6a859e5801bac5037364f054e2c44fd5936865891a40f83c85dfed36b0c468f96dccfaa91e844e6c59b76dd16bc74a6a3d8b527bedd96bb316bcf960c9d2ca1d445eed26b3e6dd53a44a52f510f6e19e13616d663fde0191486b94b96abec7df1ea0d58c22c5d9ecb9eb96e135229f0e4d275ea79ed33d2b3e111168dc08454a4707e929c7e9747b8326397e7b54ba61e4f4927afd49ed92ecf6717e298a1cfcb2fc1cccc1c384f09814f442c6651e4320a9fc85cb2f838fede98a594b6bc66d63e36341c7e1151ea0971d2d16e9e9c96976bee9c96816c66715a1e2233bb80d93f451f4d9147319b8f16f973be12fc3790bb0c6623721f1c39f10eb98f7d08e4aedb12caba2b83beccc2cd6d31a8dec50c5aee73ffa08431a9100d12874e191e5025a81824c83563113beb14e3908e71a8963148a4ae1e04c3185423429738446a542c4a220b2976038724c960ec31c62063b2c1ec5dc7f8a3a7e435b933fe48c9ba20e87651f28a28d4ca99d01d8ca926e81a99cef8a3c5209dc87dabfcde20c2382430c9a8e37f26636a3410edd65bd3db6f4d6212a52eb7decab0b272874e3d63920c2f6b8c453a96b54c30e45abb885dfafdd4afb1611c1aa5ce24eae54ce22a57c6bda994fb02369ca4b77cce7dc93d8bff6d1685bee84432b1c8fdfb93fb712d733f58314d93bb3ae84251c74cb7415a9d5b237063fb5c6de8c6cba568b8c0d6b1ba3d42435a7775926d4a2f6f83d0eb4e64a2fe44ba8134b288a4a2fe3839a69d8ed71f91c7b60a0b51772401758717a86bee6ab09a43725f3be52d505075fbb58ad4085bccda8035d25a9653f331446b29cbd3def494a12059bb6ebb085db2760d69b8a8417a54850a422da55943b9d6b0222928f59aca89a826b515fed0958f638b5806a8194b44ecac3c827a7cab3ce5cd4dbbd54de102d52b9e2217ea899ed9b96e95e0c88a6443b18f44c3cae1a85b3912357c5db58699bd74f23bc1dfcf835b779cff9fbaf3403ad42dc73566198fbadc4d3377917bde264a5da0dc8dbde59796333b5f578e8cb51b55d62ea7e4831624a1ed901178ad5377741e381c6dfa0cc22b1dba6198bb17666564abcc5d65f1cce6b3989da750dae9147906c53f362c0aaf76ed0dbb8981ea1a7b42d14a75ed5caea3cbb5f8a492d598cfdfb040aea9735e029167b5cbef58505002ff59f3f1af561dd0c7d6593db73d2ea740ad3f97bf551e0a1347b1cb7454fa62b4e93f08dd46586156e6122450ec0b8874b29307c8cc5aba1cd18b7329e722c451eed1cb0b28774dec917985947ce1e32b77d653798ebb8ef5bb6a670cae6d9e899b3b2852392d7f9e52975bb54e481f1fb997dd703f3b652e8366d59d94873065b04c57e88fcbd32653a067fcd131915030f648fcd11fd5e290fe089309753fbb114de47507e4543c6350631c9253f28c3f441b63433b2d6fbcfe6e3c352fe8244192a4c2905ce81532608dc07844a14b0c92044327498621c1905854bb69a2ba23470d94a5644e91978fd55032f75434c8781a0a433c328949758c417532021dd1715a90d3f175147bc31a2be84b86a29e3149cf5854bd9a0989f4433a4eb933d19033af0d2abe5be4fe90ca7d0136f3a03c501e6456ee755bc351cd16b3ba6de4422e5b74727b89dcc7ce1d7f5a763e2b9abadd8dcbb9f3c00a846389240190d33bd20a3c124fe603ac2c38340f0d82ea853a17f50759590eb2d57b809545318b1549ee1da5ac65dce67d325ca38c38c792e858717432e29c61d43919e5a97ed70c120eb97fb45ebe3bb372ed9a965c6698468288760fa9f134bcbab6a51e4e61b8be65bcb625154a755a91ce74321a9d0f503e06d8e849a4028d569548c30d303c9f1deb9d35d639026b899c82571d5658a928765d195bca655694fb0860e53025783d5feb98ed37ec0ae27f389fff251b410c5c6af85ed57721f79e7acb3fcc7217b16b723774a66b94bb64ecdb9153793b6bcf91d3f32c45eed253bda7ad235e6ad7093ee1514865d63d6f691e06b97852a64311342701c91473e8fc24b84e980aabd13e18e5e98ba994724ae14a8c99168e573bf580dd842948c85f8188d42cb84c0d467f0757384d0c4078723a662eca82fbd410f847cec242394dce06c3e8c0504c98198b09d171f8d7fbedd1cfd609b329e7a9710b60e33d017d6d1c31d4c5436d7f666a26d70fc19ffffd3afefaef37e1e63f0571194b31397a36ecbcfc30d4d11d43478fc59439f19434337866f1d1b9f9fcef28f4428abe808d83fcc759eed328f730d45292b7764452ee11ccdc29d3538c371f2ca780188b1aefc831de9523f1279924a141b15043c5a278343016d53316d53316c99325eb0fcd613c32dce276d0708b9b229630eea8fbd799914b0c5244116d601a1958473acdc92d6f8adde17722f7b54b3cda61b89fbd11f95d32ac2e4bd66b11aa76addd78bddd78ad7d023376c69f0a6fc6202fc20483b1a8a19c4237c6a38d8c471bcdc42319386b9d24198ec40172cb5b1de39250afc6dab0629c1a89fa9522774936ac50cb44a461db14fe77f380d3d24f2a933189b1c822f74743ee7514ba5ca3aedf2503bfcc40c3561ea05c8e6394f419569c5349ac44e4a4dc2e914a38efc442ce63e5394e89cb81712c8e1569b6c69159947a2ca5ce6d080785688d0351c0fe484eb33c30f336fb2348b8c63e13f686017b047eb7dd211abb820db7b90510b99d8407a762b2a261db24fe0619a3792220e3306f9131995969368f0736fb019b84711a529114ac4c155a655252674b58551ab684d530b2c25a1994461099cbe034f6c48e42b755d7d5b1ca46d1b0ca8e19bb3de13c66eb281d4686705a6b314babba9edf51fd67a7d9383a95850639357f5cfa2ce4e0faf1473b73bf43ee14bb3c14268f18e59e5db1b551ee727a5e4ed3cbb5f6c914e2eb5d7b6280a31b3257ad57d9b95c738f4d5f0abf19312a738fa2b07b8d72c03b1dbba35bbfa17885327ea3630f4c9a390b7ed323f116337779cefb7c66d0c3ddc7e2e5361df01a1b0b7f7fa715fa71bbbe6191f877eb8ee837d24e3dd77d52e46cbcfc5e3bf4196e83293173f02a33f7de9c0e5b908cbecce05f6bd7191d7af6c7cbefb4c60b6fbe0f67361c9cc64fc2ef5ff807feef5f2fc3d9673c8267cd43f7a156f8e75badd0ba734fbcc46df4640321283e09b32493a7e4a396e52ba9c750f03114fce32c7719125aae57d730e9a8de16ae048b934c1ece51e6a7187b8e1b1209894fc7187f8e32fe1c9da3d52715878c483c622c92787484f148382cb188b1e7a0c420893d1277661808438342e2105fef33b057e210e38f8a41a126b1c7107fa4dcc1d248e36d6ec6b874677c52e3c2731f808984a252e290e06b903a138b7291b851e482c423634cd2247e3b2619e2d11ac62341c5206bd5cfa7be1139153f9c716a28979332c6a2d2e15a02c263a14162f4c914d43369b3c8fd1190bb9c96970e7546b9abcc9dade6fa4dda38c7fa9d41ac64c1ac6001b8b5599e9a16885bcc8cabb85e355ba3d53cc8ab7970576f9f821acaaa66abbf097c4db136c203ba8607740d0f2479d291d6fbd357c3a49388ce48858fa2b6dc1bb586db3d6a378c51e8e4d494e13ab8b466e539c5729aca889c3eaf13e4dab8ba3eee4e5c35e4faf85a6da426c9b01b564b6f76b67257f3205f6d877a8a595166c24a568e95d6ac0c560658511423384d4a86a37e85300cf5c56c11af1881da15ccd057b0955ccc8a543c90f403560ce0ba43a1e3b66af97bb09fc1451a49a759a1b86f64784cb9e3e0262bd8578d50f7b0cb5dca226294bb3c18269748d66e14ba9c9657306bcf5a570edfc858bcd9bb3f5c9949cbad704bd755a8ebec19a56b5529b7c4cd4cca80d3b84908a294971496c1d5db1fff7ab315dc386f527834deefd6070ebe13101c178fb73a7445e70143303d3e91c2f78703a53f3e3c920267764eb927e7e423287a0e5ea7ec7b0fb3c26436205e79af2dfa7359e482148c721b0b77ffa958c02cde8bd9fe9f5f7a1d03ac1d312b251d6dbaf544df6123119b944ac14fc01bedba60a48b279765c066ec78bcd4b6331c270668d7e029f75843e62e828f5c9eff18cb5dc657273b43145ac733c2c443cfacb8765b30630de30ea9615caaa6346bb64e4635e34d35e34ef5d6096422e74f4215e7ddc65f51bd85f1870dfc4636f9121f0d36f0855a0ad6187f748c3f422d638d167bb4bb63a4ef8dbadead9078c49234903ac624c1780afd3686f8241d6d49c31ab2da853016491c5aa551b78a193763922a57314950d8aa64412ef335c6231593461960ac292186385427302ee94a8641c7e442c7e4a2ae6420d7e9cfb8d59fb1a83fea8a07314e8d826e9d17133bb9d79d0da6d3596c4031c9b0c8fde1bee62e1deae456b8fa5df27015ed7452c3b6501e98fea85de98ada52075417dbe35a8135bec8b3c6e742811dbee0bceb2b1c08cb625bdc28b6c68da251b859381cb7142370abd806378d14d9a04a614dac505568851abea7a6789446d148d4f03d357c6f75c13054170e4315e7df2a1e895b5ca63182db1fc66d6bd41653a04467404fa91ad1115956c35251348cdb1e4a861818ccf586425fc4039ed31a8350573010fa8201d0735a5fcc0aa1e0f68ab82edfa7e77a3a963a59d780be50de331075f903487fe8f306a0367f107fa3fc16be8ff31bf2fb00f93d81c25ea82f1ca0be5355990b74d24396f294fe08d2535586cb94075cdc3a9e86238f85dc776a9de91ae52ebde46f9f9237ca5db2f6c5eb2be0173d1baff7ecab4ea567ada6cca5f31c3377c138804da67492cb5a8660cadd3f603a7a0f1c81175f7f176ede13e017108a37db7682c39871981032036f77ec8651ee6390965f8cb4c2122453b253a3663153a7c047d9219dbf411a09aff2756f66de0111b1784da6078f40d29265ea19f0be0121184349f7a5fcffe74f7fc3303b17cc976bee947bcf41c3303735034398a5ffed9537d0a9f7400cb3774597be43f0dbbfbe8811ee5e5890bf0232c04d0c3377b9f6ae32778afe9bf6967f68e52ee3514836bc8bec9c0ab91dac9af2b9b9ca03374add706d8533ae1531f614d933e630f6145a332e8cc275c68f1b8c1dd785c2915c6e856b8c33b719a990f56eb2ac624c116e3136483ca992b8c2fa7a5360ac318d3b2a9ea9e5da3a12a36a8a1863884e9018c1582131434fb9aad8c4f70a3ac6309d940ac62952c7cface3fbeaa5645caa2b601c12f21997f2195fb8ac46e217d795cf91b8a8c52d2d86e959ea8bb8ae2126e90b188754ec1a081de38d8e314cc7e95ac6a61aa148e8cfb8d59beb4b0cea890696fac2fe9ccfdfc4585fc3fdaa973e04c753d525588bdc1f16b9dfa4dccf50eea745ee69c83fb1005bf6c5409e0af7b9dc7622f765324397c70faa07a8acf361c669c3038f076d010f565253308207356145aaa1c87594af4e5a7deae0e5414d518a1435e95196ea20be4d4323da415daf0e68ae27508675f914649e01992e9683fc36b5dca620629583572f225532ed771b354f96dd892e8f07b6a21fe9aba8e33644c6f59c6e64791fd42defcdefd057551e4de4ccb4e5735981a4c2e8f85da502a96dcb360cdfa58edb16f4cbfba376f90054e7b3224a65e5bc86bcde401ee55ed093bfbb1f7f070348b11d6eac1a83eb1ba6a266cf6cb69633c952e0f862dc3a9aa2e45ec27d91b8773a661da63c0fcdc26cca3d7e5f3ce618e41e73309650eefb35b9cbe35a45ecd107b8cc8cd48d9813ba29227725764a7ce69e6825f6197b676206e53e43446f56eeb99452316297dd2df74aca5d3db39d52976c5d75a433c9dad5297913b92f91d1e78874a093720933f46c96d3e293f05ab7de18eae1ad7ac5cbad6f396b2bb1909fe53b3d1281b3e33173e1220cb675419b4e3dd18d327d8d59fb9ffffa2f78fa32739f46a1336376f51e8fc9a11178bd4d07d88c1e8b4c8a3dabb814e9947c60642c5e7db735060cb746ca92e5982a9df0de6a85be43462248e4fe6e1b0c18618d5909a918e1e8867798fdbfdfb907a5df06bffacdef31988d8205194bd1a9673ff41e341c8959b94af87ff8bf7fe29db65dd0b9f72074e8de0f5dfb0e8677e074cce67219d52e56aebdcb35f8c215985570fb3e776d0c7a83e0297519877eb641eeb3bf42ee8329f7414aeed329f748ca5d9ef83601de9bc753eee329777f25f77194bb8fc89dfc27e42ef2567227cefc0c178a5de43e9a42f7a4dcdd89db063fcadd07be6b4663061385a2351eb8248f3add1aa09db6de365e51573e16b798647c913f0ad7f298401430396092505b6cc5b8a0c51ea9a7b58c0b22330d79cd0480f14b2b85a10a3da745a80d6cb03730c6d4b39ed7f3bd0da45e1ae94a8a8329c541b7e1bcdbb0f1ce5852cb3a2f31a531e6143006483c60e35dcf18a65f4ee14ac958a64aa263c35fcff7d4b3ace77b14f29a3143b18c3184e8191b6bf9bb8cdfbd860d8a5ac6c95a8a5f12071da7b5786480db33c638f96e3af96ef23df95db4ff434ace2b647c2be8cddfd9030d528af4d920b9c646d2e7a51eb8591e001debb61af0e764166a4fa653ee59d84d4744650e8733e5de9f72ef4fb9f7a6dc07948c81fdea89ea91af19947ba645eedfa5dcc3b0f1a3d538786307569c29440ee5917526157927e762d3819938b8650a3ed93619f57b0351bf6712eab678a36e833bea5899ea96b345994be992fae5ac0479ac140aca39df08254d89d5f3a06be041d7906780077603df6f0a843c6108196c288dc86bb25c18c469c20ad640a4112007bb50c783dcd818002b0d78102b2850f00007650a7e1ff0fb80eb8107fe9df03d3ce81b61e56adc868106052b9d7c1e838442a65503e436f5dc9ed0c0ef71bba26ae8f9fd75fcad7afe2679ad7d3f66efa4411a01dc5e0db3891b05f6f8b26834aab8af65142cd5298859fbada34938b67d26566d9e86b41dc198bf7f266229f7e8837331fbc03c4adcf0cc760a3e8e329eb32f1673f6cea2b829e483e400d7352375234ae06ca537472499b9271611ccda23f64653e89108a7d8c3f93dc2f7f1f5eed998b9231ee1e50bee907bacc888f2999ba7f5328fcbcd57d2de78ec34f2366d47c1969d28dcb24b9572af7afe262d63bf2d76edde7611798edcbbbeae12d9abcbb174d506e4addf8cc4dc22f41861877729c780e87958bc622d92728a987dfbe0b576dd603776029cbc27e29577db63889523260684a177ff11f8fb8b6f60ac5f002687ccc4fb1d7bc0d56b0242a2e6e0dfefb7472f66e40bd297aa4c7ecca440f88744e0ad561dd08df28d4b4a87fbb849f8d30b2fa3ff506b04c869793616068eb085d7a420fcf38df7d1b65b5f388df5c3c0510ef8d3df5ec210960b3272d0b1d74074ed3f0cb18919fc4efe7893dfcfd5770ab3fa5c8c0fa16803c331236111e2b2962321af04090532f0cf0a35104e0c1b4572162486f363f85f0ab102852ec4f03f8e5d5ec679abe0139704ebc008d850f0d60a0a7e9a3cd33d1a8382033130ca1faecb42e157394349db73d338786d1e07efca71f0a5707d296b9f72c61a95d50750fec264f5f8d6e690e7b6b7841aa086821f4de4d1aeae02e7bb944f50a277281f07a7726f7852dc13ca5c10956785b212577cccd8552f0f7252d7a2bdd050eea17a7e57af90ec9c9976819ce193e442cef2313b6606ad635d32caae56c44ca4ded531aed4b10e6ae56dea4903e34c03d7b9335eb13e2fa3dc899ef5bb86db136a05bed6d0b62fa57cdeed8cd95052a4759c966d491cabe7b6255169a0d805490ea411d0b08cb146e293c4064a1d5c86659ce6fc7a2606f56c7c9826467a365254b66e689808eab58a872c55c67f1b49ae54562f09d71df03b154942d24f89bda198894bf170feb756f8b2d01ed7573216ad1f8f7a795ec7d1f9a83b9d809b1f2461f38e00842c1d0c3bfe9ebe2b47a0779903ba163ba2cf4a0f58af198fb8634948a5a83329f20cc6b045729ffb718bdcffe37257cf7237c83da0623aca29f743947be9e902e49e5a82c56752b0fc641cca99111ed8321e5729f4863de3d0b04b4634628b9807803a20e5805fc60a2015c12c52498cc8ebdb95441ddccb2858b31825de1c523178b0cb414f614ae5d3b122d652da3a56663dcb3ace53154349b32fd765a9de378c8ce0bce17c2f5fdf27226c11b8566909a79b93fb5dc8322575367ad4ef91df229558bea37c57c2ca5c2fa7f696b3622db7c2ad6257d43200cab8d4d239a8ead8029cd81185b595c158b22908c97b2230e7f02ccc3c381b11147ccca105147b3ce6ee6526bf672ee6ef8953728f3e40191f8ae17a3194bbc8feebcb5d46a49bb9378642271479f8be2884ed8fc4743606a753ee61328f728fd81e8fb0f2047853eedec9d1882a58c64c52eef72ec1bce5252a1b95ebc9f25cf6f2136794b4653a6fcb0e8a5cbb675d3ded8dc8325396976f41feba4d58b6aa1c79ab2b14f96b2a51b87e0b0222e7e09dcebdf176fb1eb072f2c4602b67bcf25e07f41fe588d94959f0991a86b729d21e94fa505b3766d41df0e7bfff1bb66c00f84c09c5bb9d7a51d85329f41cf59e57de69871e0346e0b5561dd1a5ff704c0c8d42ef21d678e5ed36e83dd80a6dd890f8d56fff827ec36c98d5c731ab6f8f0123ed31717a14deedd21badbbf6c5403624dee9d413bffec35fd177b81de6a465a30bdffbc25b6de13e290453a3e7a34d9fa178bd536f0ce0777abb731fbcdf6b10bc29f9b98bf39190cbff6c690191dbe598a5f33f8ca6c4a3f2569a259ac416ac567853ee568133601d44b11b11b98752ee210118103d01aecb43e0b7399c718159f5661fcadd1b5e953e14bc1f7c2a26c29b72f7aa08a4b803e159294c256c0834c36811780bb86f9ca09d765f4fc9af9f0877e2b271221c2b26c076931f465578c16ed358c6280f4c5e698fd9d9c3b0bec0195f544c61d61e44b1fb011b5c515f66a3ce0caacb6f2b585272556cb8cbe9696366ab9d593381b293baa71209150f0cd38df35a4612913ae36734ddb6815a36286ec3d86482342c1a96318e30ce499c12e91b1bfdd5146b7531a77319db244ee6f6e3e7312ee43246308992522533fc7c89737a264fb731ce332e6f199da01a3ea648234843c95fcd93ff7138aad95892b3b25585d6a85fed09ec9e069c88a2dc67d3159310c0468f0d6372ffd211e8b1ca1e1d4a1cd0b3cc1da3d68d43d4c9854864a62e72cf3a9c82f4a3cce0396d91fbb720f73194bb27e53ea5723a3618e4bef25401a5be04d9a75250786c0e2a7785e0e8267f7c56e9cdd6b2dccfeda45a7772e0492bb38e2d4c9d5ca731436da19c5a6e19b99ed32c6c39364f5f56aede146377b66e7b317b97f7184f8951f472fa8cdfa1a190993097cba96e14f4269ca7043b8c2d5f3638f8bee6a8e7f76b893a22df435fd83c75fc0ecd5228ad63f90f5991f35981f32974fe26e4f3fb920666f0325f4eeb57b382dd906b812b1d5153e183fabd21b849411fd91e81351521c8a6e053768bdc994953f0e187e722ea703ce59e80f97b1760c16e0a7ef75cca5d4ec98bdca329f768ca3dd6acd885af94bb64e78a2866eb06b953ecd345f45c1ebe2b8e725f80b08d09f0c988802fe51e6322f7b994fbec65f99895b31cf9db77a1f2f439e46da3d849cea6ad5852c1cc9c65f6a62d1a955bb0b4727323cb29f83cb9577de57a2c67062fa25f5cb206cbe4e96f65eb11c0ac7b909d0bba0d1a812e038663a4bb376626a46209d759b0643946fb0750d4c3d079e008587bfac2c6731c7ca685236c6e221cbc276062780c328b56217c7eb2da4efbde03d18399f9e48859485e5684c0d879e86b658fb63dfb6188d3680cb277c198a9c1989994062b0f6f8ce5f4ec8ca5709f3c0d9d060c45bbbe8330c4c553f5e2b7f5f54794dc4e17341ded8658c1c66f3222d3b3319edfb90bb3fa56fd86a08f9d2bdc02c3109e9c897866e80bc83c7eee7c327759b13a051f93bfb259a2259b2f2853f8cc49a4d067c046981661383d1f63c8dc83287766cd22f74d2672dfe2c538e18d46b953aa723d7e4c4510e3c63797bbdbc6f10a7783dc3dd64f82eb86c970e067d96c1e8f91fc6c5bcaddb362b492fb9cdc51585fec8e4ff8d9f58c5d0d6b47abceaa528f74aa9eb0ce16537c26af55df1833a853e3a4f16c5a73c83acdd0c07823996db348fd6e8606793fb72fe88b192b57f0bb1631a6901ba56425a7f95beab2baa22eb7077f27b3f925dd1913b8fe72c685156c10c8b6b89d6f82b9ffe69e60e6dfb0cc0a58ed0579e056ede918ecd8330561b943e09a3d10238bad2878c9dc1dd0a7d41d566b35b92f3c29724fb5c8fd5b97fbe60078b0053c99157afdc79adccb4e1521ff4436724fa661c591786cdf1981d3acc45f6ef043fd3a2fd4953851eccc7a970ee7013a1cb525fd71b3acaf596eacecf39554adecdb2cb74afb344f496fd4ace8c90ad18d15ba07bf17655a2a9dd006e016a55b45a9eb8a7bb3e2f46045e33a455d555957d48bf465e3632097f32055eb9847c775bf92e2e6a9957205b7d30cb5c57d50c3ef5253d4870d1de9b8d293159fdfb79095b890dfb9a03b2b127fe30aae533208d78a07e35366225fb2455cbdd9179fed09c6de6d6128dd1482c59b8391c8cc7df66166d24aee731079783e661d5880797be3b160cf3c66ee9adc6328f799ff09b9ab53f1519adc0d997b98cada398fcb95dcb725206c43227cd229f7a4188a66b9765d38574e2f97624e7e11659f879c2d5bb1e6e831646fa6c4b76c41eed66d6a7a492585ada8c4e28a4a64555420ab5c63f186722c5eb7014bd76d44cec60ae46ca840fa4a198c668d9ab778ed0664afa7e8393fad7415e7af56f3647a516919a7d7b35c85e4e212a4cae35e4b56aaf94945f2d4b7622c585e80c4c2622e2f558f734dc82bc4bc5c79925b1e12f2993d73f91c799daf95f3f2f2115f206722e4fa783e5f17344ecb3a314bb25519cff7c62d5b8eb92ce7c9b573b9c56d69ae1a892e9e9f2563cb47652f53f3a2d9f09175e6f33bcde5779acbe9796a9a997bfe0a66e525a4d42c51cb8b11c9868094de7109b06643c126280cb66cc0d88744c2366416e51e43b94fc380288a75d974ca3dc2705ade97993b05cff22eb92bb17f33b9bb13d7f2f1c44f65ef1e4af093e046b93bf2b36c374d80f596714aeeee1b3de05fe6ccdf648f95655e38cb63fd7af9645497dab37eb0deb381afcf63bd91c63beb120a7bb3e1df9372167a99a58ee858e76a59875b42624873a84e674c1c9a859f2fdfc31cc6653a72b3b827ae3196dd2aea892af2692959d993c2e76fcbe98a9a3cc6827583519dd385b18eb135afbb5a4f5fd49b71a24ff3f0ff6809f9bfeaf95fb584d9ed0af983d09035020dcbdda15fed8f5a36eef76d0d4074e6508c593410f66c880d2f7240df7c070c6683cc7ef538c49ea0dc4fa468723f42b953da16b97f9b72df44b95752ee1fada1dc772ab9e79dc845f6c94c141f5988ad3b991d9607e172991fae958cc5f52217dc5c668fda6c3bd4e6d9a0aa9819e58a8166b9be6240cb50ae37d93a6d1e59de0ccc7c6f891859c9aa28c0aa823ea82e1ec4ef3314d7f3f9d9cbfbe166bec8938d005684daa21e2c7ba09a95bf9a597975e1603600a4234c7fd2cf2cd50c1ccd51253033af61abbbba19aad80a6f899b6c79df60eb5fb8c9efa17e032b5cad041e56fa5a5223aff95fd694f277ad1846b90fc7272bacf1e91a379c6386b5756b280ab74c47fab6e958b077266295dc67238c729f79781e6229f7b9fbe2114fb9cfa3dce344ee147ae4c118c537bbe62e9de8b41ef233f609c6ce7422fdd998b16b2e22b72dc48c0d49f04d9f09dfc459cc28f329f795989dbb8a197b8912d99cc242e46edb8ed522774a7e09a59ebb7d07b229f8259b3663b1114a3e4b60462fa46f2c4726252fef91e945ebd62383af85d4b5eb90584671af5ea3a653d6ac45fa868dc8e07a499c97b86a351694942289a5ac3387528e5f41a9f33d325f304ecb32e37241a66751e4b3f85be6f2b5fca6889c1ccce6ef882b2a62c69c871812575c4cb12e57a8f92c672c5d8af0254bd4b205fc6cb9577d46ce3255ca2d6e33d9709849f14771fb3194ffaca262cea7a0f95ae6cbed6f31fc7c5926c3cfc650f8cda286a8d518372f81420fa7d8a753f22194bc4cc7c29a821f141c42b94fa6dcc3e1571945b953da9bfcd43577af4de328f56f47ee725ddd99db96ec7df406b9feaec9ddb97c22ec2a29f8cd13605be90d970d1e18b7ca0d112b5c91bbc617bb18b34ead1b8f4f4aec5867e4ae1336e4591ff572368cb141ce8aa9d7acc3cd21670dab8a5907579092e6b955ca38630e263535acc3ba26db3545be434bd4909b8c619f97f6a5ccfbb2f12ef4c347ccda3f2aeb87ebcbd80028198a6bf9bd7193997b154b1de3e69794ee178c6bd57caf9cc5946be3e6d0e773790be88426dfa929e67e9720a7ef6b731d702b6f0ce3911f3ede118ead9501884c1f01afd42170cab68655be13062f73c288420f38aff4c3ece30b9144b96759e4feedcbdd78cd5d7acb975f5d8b43d77762e5a91558766219b24e2dc172ee84f57be7607b65280eaef2c7a995be38c796f307a56370b5c8031f17bae2d3623b62737f14515285565f81ac630e2e2b1a894f4b86e172c1405cca1f828fb9cd4f4a1cf151913db1e16b2b1e78c3f1312bc8c7255c4e3ee2fa1fad18456c09d7a7283f5921ebddcdc7c5a39ae523235caf799a5f7e955c29b6c6657e6741a6af168fe43629efa2a1fc6d4358f23b17921523f051a935ae94dae18312079ce76f3c59e282ddebc661edd6108a310c29ac5cf39831474bd67e740ec28eccc58c43f2e4b70588a3dce7ed9d87b92277b90dce287766f0df44ee519478a4dcf226b7bfb161a121b2a7f4f750ee3b29f7ad94fb7aca3d2d0ae312e3d47ddab397adc2ec9c352ccb284866a2cc98176fde8682bd0790ca4c7b0133ecc435ebb070f55a4a782d1636b20609ccca13b85c985bba1271649e4892129c49c9ce59b99294617649899a3f9b729e4129c616af50eb46518c91cc9ee5b520cb6751d0327f26052aeb4653a611cbf31096938bc8820284e72ec3f4ec1cb55ca665fe8c659c47a14fcfcd45e0e2c508a6b4653a687116a651de4260561642b2b311caf5a62d598c30be6726b717c4f5a79150ae1f90b91801594b1042c14fe7670731bb0f5ab294cb96a979a1829acec5b4a539fc9c1c6ddddce50863761fc6ecbe25a62fe6e79331b3e6c03e94193bb10e0a2192c5c7c03a78360651f803a2a652ee11947b0c6302c5cdccd96bf37878558ea7d42750ee939ac85d2ee94db943e64d31277523a672779153f372ed5dddfa36893267f64ec13bb0f16a5bee0be70d63e1b5c613412b4763e1da71282e9f820dabbc70b0d81ee70a87e262c1607cc0c6fa07ac2b82bcbec0ccf20396975887ccf10139573c18678515e639a3960d310f939a8be403261397585fcd61fc3ee6b8442e9273e404e3d2d1d22138c5f79c2e1a86c3a5c37064e5309cc9ee8fcf573be12c63dbb1dcfeb8b09cbf2b6f10d71b8413450371819f7f99efb9d20c970d9fd31cf23de43b3457aaf5b81d735c2c1a85b305ce385ae0896df91ed8ba710af2d6fa2328d30a63b2ace0946b0feb3c170ccd75a2e43de056ea8739c71622f9b8c89d1c49b6c8fddb92bbdccee2cd0aea5d1184a08de1a8fc701d8e5cdb8dd253a5587a320fa967739071260345471762ed9e186cda3a1ddbb70662c78e40ecde1e887dccfaf7711b07d8c23e50e9df0c139ae5a094acdcfbcbfdb07fa31f0e90bb4a2e3b583e1e07c8dda51ff6568ec3ce2d635159e18ecde563b19301692783ca36068a9dcc34f66e9dc4868917b66ef2c096cda3353679b285e94d7c15db5a606b850fe1bacdb0a5c20b9bbe82cd5ccf1c9b4825b7bfb1c25751cee90afe864de59ed852ceefb9d11d5b36b861f37a576cdae08eca8d1e6ab9acb7aedc07651b7d51c4df98b72d14993b6660e1ae08c4ed8f42e4e15825f7e947e620fcd05cca5daebbcfc75cca7dcedeb9ea36b898fdb31075807226df48ee7ba2491489a4e46752f246b9c728b947ec9c87a8ad8988589f8271693194fb5cd5537ef6328a3d671de6e4adc3ac82959896be049393d2149e3173e01211c372ae9a163ca28dc4617494305be1469ca266c12596f3e2e6c1256636a767c36166341ca3b88db9f170e53287c81855ca7a4ed1b3d4b463542cec22a260cf75ed67b28c8856ebc97bed6644f27514ac28429996f976118679d399f1ce98a9b66fcb79d6e133e1c4cf75e476adc222308acb1da2b96d6e6724a7adc223b84e046cf919b67cbfbcc72e929fc1d7d66133b9ed58b8cd9aaba66d6744f1fbcd56a5f5f4087e56046cc222d56b3b7e3fc1369cdb20769c67cf650ed323e1d80c4e615170089d09e7f0688c983c8d04317b8f805df00cd806f3f3a6cda2dce750eee1947b20e51e49b9cfc2d88a6994f3442600143ceba97785bf89dce5363911bb64ed931b456e0e73523722727766fd77a2dc9d599f5d378adcb5def36e14bcf3c6c95c3619f614bf138f75cff5de98b06a0c66acf6a1e02720a5d413192becb0a4640496969292e158b262181653b65906e4753697996389c0f7c8fb9a43dedf1c8b49d68aa1c824f2599986cf342d33d980c820e6ca2c0a727101d72918861436e893998464148ce0eb919c1e8914929b3b02b91983b0acc00a69b94390b39cbf73d930a4f17dc9146f1a1b3419021b31e648cf1b88b496c81f8854b2a8995296cbb4b9328d0d8e8ce5fc5ecbed3167a91566af7045e80a77b82d1905fb657618b1cc01230a5c308899fb2883dce71d4b40caf1642c265947932c72ff36e5eec356b8efc620046f08c7e6cbeb7054e47eba0c59a70bb0e0422e598c8c53c96aa4ba95c7e6a0f4580c8a4e449318941c8b25b3297f72248ecc3153ce46c12161d65d6521cb42797d5088bd8f3216b987a37810cc40da9130641d8ec69203b3b068fb4c24564c47face282ca3e4b20ece44fae1302c3a1a4a42b0e808971d9e818c4391c86c64a6d93243de7b2082ccb8ab4c639976700616b504d74b3d106e96142e4b220b0fcc34300389fb9981ef0f45eafe60a4ee9b86457b8390ba3710292479ef3424ee09c6c2bda148200bf785731e3f63e70ca4ec9c89f9cc9e6719e5ceff7efa61cafde01c441f92ebeef331671fe5be6f0ee54e691be5ce0cfe9bc83d9a728fde4db9efa6dcf7687297816ca417fd4c91fb8ef9947b9292bb2fe5ee4bb9cbad5b9adcd72336771d8233f2603f3d16bdc6f8a387c7787471f54147a7b1e8e63e4e4d77751b87aeaebe9c262e3ee86c4227375fb4751e8bb6ae5ee8ec310e6d9cc7f0f518b471f2446b270fb5ac8dd3187474f7253e68efe68df65c5768e7eaad96b7e6ba6d5db4753a8dd668e7c2f98e9e5c87ebb9c8b6fdd472d9966ca39307d7e1b2567cef7b8ea3d1cedd1b5dbcfcf1aec368bc6bef8e4e63c6a303d769ebc6cfe2f6dac8f61463b8be07de97efe6caefc6ef2a9fd39e9fd141b63b7a1c3abaf9a01dbf979a279fcfe9dbaff9fd592a9cbdd091dbecc275baf0b539ba719b5df99e9efcfef2ba9ff744ad435d101b1c8133c96c5899957b30e53c9972f76f46ee72dafe3f24f7ca267257bde6b5ecddb97c321cd85077925ef594fcd8d55e9850e6859055be082af1c4f855ae18bbc10963ca9de0b9d191ef75c0e8f5f6aaf4d8408ca539b86cec1a7b78adb683f72a7b72773976a52db1315b8e29b381fb2a1b38af691ea7d5d6cde2c2f78f5e610b0fe2bcd20e4e65fc4e2b1c30a6d8112ea58e702d718253f2601ea32fc0357d38c614f23b15d8631c97bb1659c36e0525ca0680031b210e6ce0982bed8a8791a1664b5b96b66ca0d8b07162d34c69c5464873d8b0f1e09237149e6c8cd8cbed6f05a3605d6c8f01f9361854ea8c5efcae0356b8a11fb3f761051e70a5dce71e5bc0cc3d89997b32322d72fff6e5ee47b98752ee5b2fafa7dcf7a28472cf385d84791f2cc79c0f9622f14c2ab2ce2422f74c02b2cfce47dab979483d3f1f19e71290792e1919276507a423f3448699328d3b4c768eec38f3a506779e997291f4a654a4982de540493c99808527162299f312f724236ee31c4c5c3c190b772422fd4806928f2421812dc6f813f3c93cc41f8fe7eb053c509290c465894712c942b3e542960987139a658191230b0cd30b10cf325e95e4d002cc3f144fe6df55cee3b23964d6a1858825b3e5b6b58394f0c179984729cf3b1887790766373297b28da39825f38edb3f0773b9de820371ccd8a39040b9ced91fad3aca451e9e8588c371aa43dd0c6e278aebc5c8bdeefbb4ac7d96489b728f5659fbedce7422f2a688c0a3f6c4344bf4ee68c452ee31fcfc28ca5dcbde6fcb7da6c87d5b12666c4881d7a228f824b2b1210f59c92d436cf63a84a6af80ebcc04f4f70b467b27cad789127619870e523a8f437b478ade8562e5b4d0c1d957d1de507674a544497bbe4778df8e72e7763aba4fe07cbecf6dbc4296b5711431721b9cdfc6d18b4193efe7b2762ce53dedf939ad1dbc14daf6287a6e4796b5b2670382a5acab6dcb0bef735e07373f74701f8fd6cede1435252ecbb97d79fd3eb7d3cac95b2d6fcff5deb31f83762c3b7b4e62c340d663a385d39de4fbc977e3f6dbca67b3ecc2cfedc4e51df91d3a4ac9ed76e0efef24bf8974e27790ffa9a3b33484bc9b47b6eb30169db85e076ebb3bbfcba0f1c11836290c23a7ca7dee73601d22720fa3dc03e0921b01dff218ca721a053c116328f5b1c48bd3de14ad57f9148c259ecca83d28760fb997bd6262b39893ba9166337743af79b9f6eec2ecdd9199bc533965cff5ddd68e83273377df553e14ac179cd77ac3b6c2073615e360cdd26aa3e00dab721fbef655af476df422de5ab9c11b23378c259c5e3f16366bbd60bf46464ff32263e0b06a2cec578d215a695726789a2d6d567962e49a3118bace93982f87ac153ccc96c3f8de512b3d61bd720c86f1f386aef2864d8937ec8b7d31aa741cac4ab89f67f4c58f5ffb097acfa28c0bc7c22ecf134e2bbc307c85070696ba63f02a0f0c5e339a982f07ae12dc88fb5de580d56e18c0e9fe6c20f5e774ffd577977d570acec4e5aeb29f8c3e576c85012badd1b368387a945aa1271b45ddd848e9b9d60d5dd838e9553a9a9277c19022ed9a7b1c93c4c413943ae59ecef82b71de22f76f51eee328f710ca7d0b33f723d7f66045a3dcf331f7831c249fcb40e6e9142c399da8249f7c8142bc9082a4f369483d9b85b413d9dc313924f7ae328d65da3121db6cb98865aa62a9d932e5e852034bcc9442264967e69e85ccfd4bb168731622736230c87b18b2b72f43ee810264ece77a073329eb4584dffbf022a41ee281742003e9fb339821a73353fefaa490e47d3cd084fd6948dab74891b837f59e5848e2c9dcbd8b481ae6b19cbf87f3f6a420818d94843d8994361b118a0526d36c709005c21e365628d9b9146adcfe18c4c875f44394fba1383217330fce4524c51ecd8c3d56a10d352ba3d249c66e9ab59b0add8839a1df01e51e43b9abec7d4f94e1fabb69e63e17513b98b9572c82575a24bc12f999726d3c670542520be0119d8cde5ed3d0c56332a53901ed9cfc286e1136e5ecc25270f56f1ebee71bc1cf92cf6b0959a739ccad7f17fc1c73183fbf933383780b74e67fd01c1db9bcbd933486d81869a6ecc075a411a46003a68bbb3ffafa4cc3b02991b009990bab90d918382d1883a2a7c229270c5eeb23e0591e44014fa4c4273423774a9d99b939a19b624eea464cafb99b93bbbbc87dc32438091b053606b8dc75fd788c5ee707f7b57cef5a7f38ae9d48d808583ba9c5d281eb39ac994499fbabd1d2ec57fb33839e08d75513e1563609ae65dcf6ca89705939819933bf5b69cba523d7b32b9b00ab55e361bdca7c6955361ea3cafccc96d6c46e85c075b9bd51a5fc1d456cc4144c817d51001c0b03d12378287efacf9f6140b41d9cf3f8dd964d60c9f716fb6178c9380c2bf5253ecd9643577863081b03439a2907177b6150f1580ce2f4a015779703b96c60f118b365ff15a3d19382efbada0e5dd6d8a1f31a7b745ae3489cd169b50b3ab3d1d07325d731c8dd71951f624f30093a95849493943413b3d4e394fb098bdcbf15b9cb6853deacc8411bc3b0e90ae57edd705afe5411165cc847c2794afa741672b803f2b82396494788d3fcc34f6722fd949cb25f8a7491fb09ae6786b4e394780b2c52126f9edb1237c762eeec0c2c3c98c20c7d31b20f2ec3a28a0c384f75c5bf3bbd86dc2dcb9177a01819fbd858389845b1a731134f6d947b06e59cae44cd46ca7d904292f72f6a24691fb74d12f7a6dc130bc902328f8217e62b5228fc64ce4f2294fb1eca7c8f88dd2077f55a93fc02325f3ac9ed9da5c43e9bd978ec8159ccd4e310a9a0580f307367961f4d6214b7c791370afe1bc95d4ecb53ea8251eea6d7dcc376c820360988da9a0edfac688c4d8ac5cca27c0467e6c0357c2efafb0651ec9398d93243a678da303b6dcbccb43d33d77692555348cd42b9b517c1b121d0e93ee928efff0accbdcf486303a419da8b7c5ba0031b339d9c7c09b3f266cacefc4f3a73dda665279692cdcbd984762d94c6b31572a640ce56c86bf9cf7b8f0bc290c933302c680606060760702c45981d82316ba753ee8118c31821f7bb6b729fc43831e53f2e77b915ceb9fcb6dcb54e755c6ee858e7cad2595072d704ef489cb88eb30c784361bbaee67aab277f252eab284ee25cc6ed19a1d81be7735ae63951f24e2bef0d0783e0eda5244d4bbbd2f1b025e64a7b2929681b66e823578e27dc5ea3dca76a729f765bee4ef9fc6ecbc7c3319febafd0c43ea2c407a35630d36f869145de18d102c30bbd30ac250ac66268330c2e1c8dbe2b5c989d33535fe9801e147d8f3267742f7321ae7ceda6ee6fef9def4cb98f86c3aa71883eb500f34f2761e1e96495c1a79c4845aa45eeff79b96bbde5e5ba5920a6ca087557d7e2f0f55d283db5124b4f1622e56c1e52cf6423f758168a0fa763d5c1349491a22319c8a74cf38fe420f76836b28e6722f38479328e67344b3a59743cbd45528f51a4cd90c21d9f748c823c9aa835408ee7626ed95cbcd3ef6dfce9e53f21736306b2f7e422ed40269298b5c7b3a5187f9c59efb1441e248958748807caa124241e4a44e2e1fb23e110b7471690f883098af9077800df23f30ec4630ecbdbc86b23f3319759f75c3905cfac7bee3e99becd1cce97d3f3b329e65994fa2c256e22e3c51f98dbf860983b9071e645e42652ff667237128d48ca5db27675dffb5eb9156e16c276ce46b88c5057b110de4b66624c4a1402b3d3e1193787629f44f98c411b371fb476f5462b176f55b671a394465344728ddbb0ac39da12397ddee13e69efecf395987b9f91f62e5cc7f5fee9c0ed7774f6d64eaf9b293b49bf020545dfa4ec68f8ec76825ca737435b29a5af81f423e0741bf98f5dbc389feff7f4439ff15331786a1006854ec2d039945b6e30c6ac0ba5dca752ee93be55b90b6e14ba485d90e9dbc8328a5b24aea0d8040adeb11191fb78b8aff6c3e87bc09d7211dcca7c152ec4698d2f33fa710afbb5beccea7d61b7c60776abbf1a7be250e60d47e2b4d23c8ea55ecd624faccb3c31b26c0c86aca130577bc396b27764566e53320176c513d13574007ef2e24fd12f7614ec0bf9fd0abc60c3cc7968990706ae1e8de1a51eb05ee1099b66b0a654ad5a6064a17b8b8c28706b01570ca7b887e73bb111e0842185ce1854e4820145ae1850eca61848fae739b111e1ce46932fa228f7796792907026190b4f5ae4feadca7dcce629f0d81c80c995a1d8f0b136b67ce9a912e49ccc47da9965ccd09722ff6826ca0ea463fdbe34acdb9781950733b1e2e052928bfcc3d95842d166caa84366c83891d22272ed258d680f11b81bedd48d795248e28944cc3f45c99e4e41d6c925085c1a885ffceb17f8ef7ffc0f42324391b92b0bc96c98cce767cc3eb510b34fcfc79c93f3b1e0c47c360c1660e1d178cc3f3a1ff38f7d7de691b9c7e6618e81b8a37315b38f50b8f7c02c127b98322631472857be8e3922d3060ef3f5219687b8ec10c52be561964664de41cea3cc45e8b3d43575b9d54d2b654cf958ca5f841ec5e51ab315e63ad17d13b9ab27c251f0227619cc464386a68d43f8ae78046d9803cfc5a1708c0f82535c18fa4d6466ea3e9ad9ba3b5abb7ba0f5684fb4f1a0e83d6fd3dac353cd57a539b8acadbb27e575ffb475f3f84accbdef0ef83d9aa32d7f9bb9f98dc872413ec70cedb9ac3d3fa339da721bea7f6b8656a3effc6fe5752b6e53ca36fc0fbb7a7ba3f7785ff409642616e70bd7bc20786fa4dc2b18172a26401e1ef3adc99d029707c40892b12ba99753f48241f0ae9c6fc4c52079b9062fb7c939723da775fcce6bbde0760fb852a082cbea310ac7356360b77e0cac378c85f5c6b1b0da3046316abde7bdb1ce13b6ab3d287a0f8ade3c76ab46378b3519b1c61583d7b9a2df06ca70fd688c2a1bcbccde8ba50fac4b5947c27be3c7affc04bde38652e2fc7e2b28dc95aee8bfd6197dd631235ee58251a5aeb06a86912b9c5b64d80a8ab90586163b36cbb04247582d7782ed3267d82c73e1b40b46c8ad6f94fe90c2db0c5cee889105ee7059e98bd8934c6a1a33f7148bdcbf13b96f0ac5fa4fca70f0e676949e2ea6dc9753ee39cc889750ee22f434acdd9f8635fb33b0e2d062141eca41d1a165587e44e4ce1d7132d92c9927929a2583a453ce2d91c64cbb391691448a7dee9944441f9a87e42369f098eb81277ef5047efcbb1f63e0b84158bc3f078947d231870d85983309883e3b0fb3ceccc5bc9373b1f038257f9c623e4e219eb83f661fa7a449ec098af838454ca28f519ef7cad159883a4a891ea5245946f2f56de230f3e86c03b34cca588d235cff30652d63c853e42274b9d56d2e91328ecc62c62f59ba083d920d81482577ed54bd9ca6377ddcebfdca3d720fbf0b4bc9d61bc797576843d086ed9e8369957170cd9c8abed35dd1d5df096ddc6d294e07964e14b5335a8f71411b2f57b41eeb82569ece78dfc349c3d309adc6389b87ebc97bdbb0bc5f5af333be1aed73cc22dbe0776f8e567c7fcb38f0771029ef83f73c1c8953b3bc33da01ef12594ffe4b0dfebfa415bf7f5baed3d1d3119dc7dba36f941b5cf226c3b7328419bb7496f38367a51fe53e8152ffcf5f73f7a0bc3dd70b5c77bd267891bab33c34c62079b9ffdd75c378b8add770e57ace5c4f4ecd3b7299e30666c794b3d33de048910b0e94b26047ac3730732e1f8391156330a2dc53317ca3c73d3162830705cf0c782d454dcc95566bdc318a982b47aca5fcd639a1ff4627f42a77459f8d6e18be5a3ad88dc5c855deb05ae9830e337ae2c7fffe097ace1d8291a5ccb44b294f0abdf77a07f4dce880016b29da559434e79963c84a66d42d208f641dd012a50e6a0859730c2e7680559ea319b9f3730b6f337839d7cb77875ba9afea5027197b2a13bf54c343632c1deabe55b94fa5dc43b0fee39594fb36949e29c29253cb90722e0729671723fb783a0a8ea6a198f22c3c9a8eec135914773633f3652487a24e47165b61f28cdea6652677a006456fa6cc6029997b1ab37073e522968b8e09897795a9c792d5684709a717516c3c68b62561a0f7003cf18327f0d44f9ec22b9d5ec1d2ed39483bb0180bf8fd45f0b34f2560de09aecbac7dd1e104a41c5e80054798894bf67e1fcc3b3a0f730dcc3942a9923866dcf7461ce2988dc7310317669359ccd4b56c9ef23d3c978d1673301b3720628f3a20bde1e761b661901a19856efe9e392cf919cc9c45dca6728f14b9ab53f4df5cee5ac63e0b115c573d3c864257629787c71c8844f09e484cdb118de0ad71705b3a153d421dd0659203baf9bba2f7c4b1e83e6134ba4d1a8dee533c145d278f46e7896ee8cce55d58769de4ce795fc5e8fba60bb7ffd5b8354b6781dfa145a6b404df3fd5b579a6b44ca749aee8c8efd02c135dd18174e47a9df85afb3efc8f4917feefdd26b8a3d70437f40a70c6a0d9a3e19a3f11be1541182363cb6ff263e6feedcb7dcc3aaebbeeb6dc9d242357d7e2c753ee7e94bb1fdcd7fb613491523ad489e09d44eeebc7119f7bc2619db7c29e59bc11bb755eb06103c176bd37acd7739aafadd631935fcb4c9eb454aa69e9f1be96193531578e5a233dea99e59b2d4763d81aca8f19f880f56e18c4868275291b1f2bbcd4e979fb157ee816da1b3f79e9a7e8376b28ec8a3c615be446c1bb62c01a47f459ef8881ab29d0556e14bcbb590633cb6f89012b5dd0bf254a9dd1af19069638636821b3fb02966470217f479133fa171b58c1634a586e4fb9bb6174890f63663ce336933bca3a5346a8933b9f2c72ff76e4ae9ec94ca654066303e5be9f722f395388c5a7739178211b89e7b390713a9db24f43f6c93464f14f4d3e9f8905179622fefc32249ecd459ac85e093ee3ae32930d038db4bbca0c96e92cd38ea5a91dbc88d34dcb54ee5c0db6f49a942914b6e24806320e2ec1ecc2d9f8c7fb7fc3134f51ee4f3f813ffcedf7989f3d0f39bb96217dff62241d4ec7421e50c98793917e30194bf627236b3f5b91071622f9e0fd917830a1918507d8682009fbe3ef91f94860b6bd9048b980c4ef63a381f3e773f9bcfd0998cb46cb9c26c83ce3fcd9fbe229f6f98a3883dce5e96ff114bb3c012e6eaf26ee6f43ee9ad8e551af267267e67e5bee3311b29782df158d69db6661425904dc9604c223733ac66444625c561cc6a447c1233d029e591118433c32c2e19e16a6f0cc9ca1e649690e0fe29e190eb7cc30854cbbcbfb336660b4019956f34cd6bb4d385c33c20c4c378b4b7a289cd342eec0252db411a745a170e43c2722a5399c32b85eb3c8f2690a472153c3c1803de7d96704c1c1487a101c8da4719d5421180e29212d100c7b05bf4f2abfefa2e9fcde2485bf213114ee89fc4dc953e1bc7812c696c9a05653295f3fca7b1c63c3f846b97b7d4b721f4bb97b12f70d136fcb5d7ad013978de3e0b6611ca53e8e72d77023227c6766f4ceaac7fcbde1b4c64fe1b89a0d02034ec485f35c56737b9c765ec579ab7cd5f5e1afc291d8aef281f5ea16900cbc19ac57b171b0ca83308b5fa59d92772af6817b01bf47a13fdcd9d0ea1fd81f3f7be167181239126e793e70ce1f03fb62edd4fca055ccfccb466368992786958d31cb90528f66194c06958e66763e1a039b290794b8a33f31570afd56b8a04f890b7a97ca6d6f4ee8b1f236bd483fceeb9f67875105aef028f16622158f8ca349c83e928aa58798dc59e4feedc85d1ba14e6e870b44404528d67eba12bbabb7a2f86c019632335f747689bad52dfd34e549c167f00f4d3b938124ca7de1b9c55878361b2967a4b7bc51e2779719c7f83e0565dea44c67a9c44e3461df5d4aa7b994a382c8bc497984eb1d4ac7a2bde9c8de9d8380f953f1835f3d8b279f7c023f78e629fceafffd0a63a778226f5b1eb2f76623ebf062aecff71da2dc596652ece944249d6490f5bd94490699abf2c06d6ecbdd144a9c0236cf7c0a7d1e1228e5057b2977122f8f6615c173f93c2263c2dfc1dedbcc21f2bcf6d8fdda6979b9e61ea732f638c55c8a7dd63e83dc95e067b19c85484e47727eb48232977bde65509b7d943989dc4b711b3148dc1c4aec729d9da57aecab9c962761fb28f77d8627c3ede76b8a3f64670ca66f9f8db06df330735b22223627237a5b1a22b7a462c6e624ccdc9a489210b1251133b62c54c8eb99dbb479e6907542b7c663dad6f998b6653e42372f40684502c2cb933043a848c68c4d4908a9e03ae57311b2793e8236cfc5d48ad998c6e990ad0b316d13976d9a8f606e2768f33c4ce1b240ae336deb3c046de1ba9be230b592f336cd51ef0dace4b20a2e2b9f87c08d7cbd710e02cbe31a09e2f2c08a384cd9300b5336cec2e4f25998b4311693584ea98cc3840dd124065337cfc144ce1bbf3e12fe64d2c668ce8bc3a44a3682383dbe2296709a9fad4abef693f5ca6311b06936bf27b7b93e0a13d74593d866f15f6b24c680cc9fa5b196df6d558c62c2aa08f8ac0e86cf8620ca7b3246336356a7e42b35b98fa5a8c79653fe5c2688dc0573d236453dd2b519460bebe581317c4ddc54e64e110baa07bd089cf225ae06a91b716506efd228f7092d605c47e46e8022bf0d452a625f2570ba8c7237652545de0c8d726f41f0e6a47e1b66ffea3ef7d1185946c973da61c558b8147ac3b1c80fee79133078ea00fcfcaf94fb4c6b38e5fbc1b6d00bd62b3c30aad40dc357ba6118df3b94ef1bba728c5986947ab6c8c0128abc0506aca0c49ba11fe9b3c2153d99c1f76426df43c9ddd18083ea45dfa7c4017d0bec30bcd005ae94fbfc63098cf9295822723f9c6a91fbb72977b9cf7dc2c6690c486158f97919b6d56e41d1b93c2c3bb104d927166331b3f2cc9399c83895817492a64a0aff24e77379a62c6786dd1c6ae73483ec48d9698b54366e9e141e0829479b8107481ae59eb93b13a9eb1761b0db20754afec9a79fc43394fb73cf3f8736dd5b61d9a65ce4eecd614b310b29ccd6930f25aa816d1632334ea4ac130edf2b095870485880f8830664ba05e61fa4a40fcc6f96b9fbe7a95eefb7915ef0b789db37a7596693c61ef282dcc34e618bd08d3466e522778a5c88a46c0595990b227691be889da87bd4ef114deed2914e43e41e2e9dea98b12bd1efa1e085dd9c2fec9227c5cd22f25099d908df293dea639b65fa8e18846e8f364bc8f62804ee8cc0a49d6198bc3d1c415ba3104a394652d63329df191be3d87088c3b4ca9914623882774562e296604cda3a1d013b6662ea368dc95bc231757b049981095b423065573809c3a41da18a89db42e1bf390493364fc714ae3ba57206651c46e94750fa02df5f194a9107ab3260731802b68663d226be7733dfbb25147e9b82b9cd9918cf69efca20f8ef08871f3f6bfce66998b8691ac66d643de4678ce7fade95942c3fcb676b1833e75096e118cfefebb53108bee57cefe6604ce6ba93b9cd0915411857c1f757049bc5b77c5a8bf86c0854786f08e0f6a762ec469137255ea10d5ea3213de665de9d7c53b90bda7574edbabac2287723ccd05d04917953247b5f4721af93d23c4e6b29e816901eef2d614709b784f52aca56586d1e1178f38c51421f45410f63e63e9c19fca85277d830a3b62af1821333f82153fbe1e7fff7330c88b28675f1040c2df5a6b43d54e63e6aa50b8653f24395e03dcc3284d9774b0c2c716b9101947773f4237d98b9f75ee1ccd2197d158e06ec39cf9ecb5816cbf57917d8f137c59d4c42d209c67fc6ee254725c19333b416b97f6b729fb83198729f81d22fcab0454fb99f5f8e3cca7df971b9de2ed7d7b328770add80bc16e9cbb2a5c733916546ea464c65de943be47edc3c4aeecd41c18bdc97ec5d8cf815f3f1ffbdf43fdaf5f6e79fc2134f3fa1f8e33f7f8f05f9f390bd2b0b697b28f6fd0bf9be44cca758171c64b67d241109320add3d601c8dce9cc49be32be57e601ee20e52d6cd30fb405c8bc8687346817f15664fbb7f53b91ba4de1ce1147b4b84ed8e6c91e9146228056e8ee09d3310b8673a26ed9e8649dba761dab608ccd83a0bb1cce2a3cae7208c596d787914a66f8944e88e0804ed984e310620647f24827645606265080228f4806d6c1c8830b706236017c5bf9b52df4e896e0bc0e49dd3e0bf3590d9f354ca7d1aa66c0a61661fc6cc7f068237cf64198e695bf81e916d792033ea200452e0d37652f85b43317507b7cdcff5a99c8af1dbf819bb2975965e9ba7b29c86a96c4404eca0d4cb591fd74d644380c2e6fb7d2a295f6e732cc5ed2b0d824d94f866b2290063282d3f8a75f2b620360802e0bb692ad7358f0feb794b7899c8fa7ef030237453cc09dd1491794b28b1b78033b3f89690def42d61bf86926e015b0aba25ac5733fb6e0125f09630ca7db55c7f776306ef06ab324a7ee55866efbe4aeebf10b947db6264893f0695f962d02a4f25772bca7d44a92b25ee8ea1eaf4fcdd0ce1b2961858e2da220328efe69053f2729fbb64effd8cd7d98b1d35287511bcc8bdb792bb1b6c577a61f6a964249e62fc3fb2887267a2480758e46e91fbdd28b9b3f5b72b1dfe09feaa97fc13cf3f81a77ef4b426f7679ec0cf7fff538c1c3f0ce9db52b0f8701a520e2521f918e57e701e12297911ac39919bc322f7bbf9bee51eb48719f41e0a97929cce4c3e78c34c78a6fa62f0b4e118123c1c83828662f0f461e8377d20ecd29c318d1973d036be6feb4c046f61a6cf6c3f5cce026c894040e57404cb32ca7e2ac51ac88c7d5265002651dad398b187ed884260793882cb23e09de70fdb64178c2b9a08d7ec31b0cd70c6c47581dca66c274cd5a94915ccf699c9fb930992816f0c64061f8289db99896f6543839f338e59b364fbc16c2c4c2d0f45e0a619f0299b82c1f36d6097391a53d88098b8291c1e65fedc86343ec259caf320fc9979fb53f6532c726f01734237c52277f35237624eea462c72b7c8bd59fe13725f747811e236c6a19d7d3b3cf1734dee4f3c479e7d024ffef8493cf5eb27f07f1dff8c79eb67f3604943e22166ebc728e9a30b907a7a913af56d4ee4e6b0c8fd6ebe4fb98750ee53b70763e2364a9599f8f46dd198bc22186d5d3ae297fffe155eeaff0ade1cfc16de1cf616fe3dec358c88b5c2cc9db108dd1489e00a7e7ee56c846d8cc6f40d1108af88e4eb484488f02b672084920ddfc6efc0464068253f6be30c4c2f9f89e9ebd9805815814efe3df02f9b7fc33ddd0b1da674c3dfec5f8473a627a6ae9d8e69157ccf9618d6a9084cdac0ccbd9cdf73732426cb297c7ec7a01db1984469fbf37326ae9f8ef02db108e3f799ba8a0d8a35d2b9cf0b2f0cfc173a8feb8680b56108e2e786f07bf96f0882cffa2998b495993fe5ee4579fa6d312f7523e6846e8a45eee6a56ea4a9cc9b624ee8a69815ba2916b95be46e91bb1928f7d4c3a9885c1389b68e6df06eef77f17a87d7f09bbffc3ffce8d7cfe3edee6fe1f5aeafa1b5ed7b88db1083a403142e33f685c71330efc85c249d4ec6fc23f166456e0e8bdcefe6fb967be07639f51d82d0dd3311be351a616ba3d0634c1fbcd6ef0d04e40663d6c639882c8fc5f4751198418107af0b87e7e271b08a7164666f05c7396e9856148ad8f23844ae8fc6e8544ff40f1e8861e1c3e194e0826965a1085f47b9ae0c8357c6380c9b3e0a36110e78cfb12d5e6683616cea7874f3ef851746bc882131d6181e6d07eb3867f82c9f82d0f25908e167bb2df143df1923d02b6830fa458d8273b61fa6b251316543247c0b026115eb88be5306c276b623a6e605635ce644bcd8fb15741fd313a12b67c029d11d8e296e18573209e3d74dc5c4cdd3e05d3199f29e8c715b99c59b91ba11734237c52277f35237622a72739813ba2966856e8a45ee16b95be46e06c9dc8f72bd7dc9882c8940f28644cc5e168b4ec33ae28f2ffd010b0be331a790c22a0ee73a8988975bce8ecea7d41762f6c1d9987b781e128e9b17b9392c72bf9bef57ee726a3e1cd37686a96beae19bf999eb62d0dbbb1fde18f82642f367606e453c22392f6a237f67c56c8ccf9d8c56633ae08f9dff8617bbbf82d787be8da1d34660465104027202d1caad35fed2fd2f78a9ef4b7871f08b18143c082185d3313edd1f6fdbbf87bf76fb3bde1af20efebf777e8f977abe02fff400f4993c107feef357b4f7ea8af7eddbe21f7d5e46afa9831050140e9bb96e78cdb5355e1df9365e19f03afeabc36ff1ba475b4c2a9981e91be23024cc062ff77d0d7febfc02feb7db5f313c7014fc9226e0e51eafa0a75b4f78cef3c03b0eefa0fb949e08581d8ca04d61ccde2763021b34be5ba7624cc544f89891ba11734237c52277f35237d254e64d31277453cc0add148bdc2d72b7c8dd0c22771908e1d022246e4bc0e25d9958b82a01bd5d7ae12f6fff05b95b9660e98e2ce41dcb46da21ca9db25c708c99fbe9056ab099d97c6d91fbc32b774165ef5b431050ceec7d2333ecb20874f5ec813fb6fa13fafb0cc4c8002b8c0c1e05cf856311521a86a12123f1f290376033c315a14ba33160dc500afe4d78cff7c1d04943f1f7deff8063b41342f242d17b426fbc69f326c62c188b3ebefdf1cf9e2f62ec6c6fcccc8946fbe11df17acf373161e164f4f6eb8fdfb6ff03864d1d89e90591e8377e20deb27a0f6312c6c13ad289f21f8449d9c1082e8ec4bb4e6df1c2a097e0bad007de1993f1eae0b7d0ceae1326a44ec120df2118caefe33173345eeaf412dee9f716de1df626ba7874c6c4a593105816ccdfc9864665103ccb27c16b0bebfd96008bdc5bc09cd04db1c8ddbcd48d9893ba118bdc1f02b9fb6f98c6a0118e92cf5762b36e330acf2d53625f768cf23ea63d0026fd6426d20cc86b79588c2c5b722ce33b977b3277b0919423dcd93218c28145c83db414f357cd4577c76ef8f31b7fc6d26d8bb1fc6036d2f7272361ef5ccc3f1487b947e330ffc43ccc3b41e91e8d47fc31f3223762147a73521779b78439a19bf26dcbdd2874539acafd7ea46ec454eef72bef96b843e43b66dc0de53e6d7b18a66f8d40ecf639085f1d85ce2e5df1cb7ffc0a2ff77c056ff67f0b6f0e790b0398494fc90b44b7d13df187b7ff8401dec3601fe0862e763df0effeafc326d8163d9c7ae04f5cd6c7a30f6c026dd1d5b51bfed5ef450c6066de6a446bb41bd91ed1cb6331a7701e067b0dc5bb835a6162fc64f4f1ee8777addec7d4b440c4ae9803aff9f2bcf7f6708870c19c55f198b624145ef1e36033dd112ff478092f0f7a03e329f3d1f3bcf1cab0b7d07fe250c496f0f82c5b80b8c23998123f11af767819fff5f75fe08feffc96df6514a256452254aebf5784c377c354ca7d32bcb606c06bb35697cd895bf0ae9cdc22e684dd1c63ca27de851a1fde8cd48db8c9d0b12d60bcfdad39919b13b629e684dd1c8e6b7deec29cd04d692af3a69815f6d76054a907469652ce32a2dc6a5725ed512b297919a9aed0a751eefda36c3062c5040c5ce98381651e185eea022b32bcc405434addcc8a5b18cc652d614ee8a69893ba917b967b913d0615b9c2a6742ce59ea4e49e7e7811161f49b7c8fd7196bb29e6e49e2c723f9c8cb483a9c8dc9781f875f3d0cb8d99fb1b7f41f6eec5c8dcc3f7ee5f88c4c314f9d13998779c823f3e1773e5e12f472967334237e5ab3275734237c59cd04df93ee46e8ac8dd9cb4ef1573723727f1e630277453ccc93d787bf86d768453eed311b265062236c5207c4d147a78f6c6eb03de44505e086236cc426c05ff87cad9082d0b4767f72ef8e5bf7e8d57bbbf8eb7fbbc87d7babf8176d6ede1397b0cba3977c77fbff2df78ade76b78bdf7eb78a32f97d9b7835da43d5a8f6a8376a3da232a2f06738ae763e4441b74b0ee8cc90953d0df8b721ffe0e26254dc29c923918bf603cdfd71e762176181f3f01bdf87ddad8b5c5db43dec66f5efa8d3ae53e217122dc633df0cad0373034c80a9145fc9ec57198b3621ea6264ec1ab9d5ec12b1d5fe4f77c195d9df839d99311bc7abacadcfdca0329db2918cbccfdfb90bba78c2c67e0db90bb398937873989378751e80e94b611734237a5a9cc9b624ed85f87af23f7e1c5e331a0d4fba194fbc0221758978cb943ee59872df7b95be46ea039b9a750ee32f25cc6fe0ccc5b3f0f3d46f7c05fdefc3396ecc942fade54241f4c40c261cafcd81c8a9d723fc62c49c686a7bce39bc8bc2916b9b7cc8320f7e01d6108de1c8ee9959198b1211abd7dfaaa5ef24145c198b99ef33646206a730c669447a2c7e4def8e7e057e19d3c09d125f3e1bb90928df344585e38fa8f1f805787fd1b6312c7226c4538fcd2fd303a7eb4ba16df7d6c0fbc32e8358c4f9e88184ab8977b3fbc37a415fc1326a29f775ffcb3e73fe03ad305d18551b00bb6456bebd670897446479b0ef853eb3f61a0ff408c9e351a6fb2d1f1e6c037e19f348119be175e1ef02a7afaf643787134dce23ce046e1fb32cb7fa5cb2b18e8d19faf5df1c6c8d731347c380256856012ebea2419fc665bb07ab8cbd8ca49aa2e9b13bb604ee8a69893787358e47e37e684fd75b0c8dd22778bdc8959b91b042fbde6330e50ee1b28770fcafdad3f63f15e7edfbd5c5fe47e641ee619e43e5fc99d72be87016c2c726f99ef53eed348e0d65045d8ce48446c8f45e8fa0874f3ed81d746bc81c9455331a392dba80cc38c6d1188dc1903eb4407fccbe135bce9d00a7d7d07e1f551efe01dd7d6f0cbf287d33c17fc6dd8dff1f7e1ff44bf29fdf1baed1b78ddf90df864513a09ee78c5f675bcefd4067dc70fc4dfbafd13aff67f1dde0bc7a1f7843ef84d9bff4607b70eb00db5c13bc3de4537cf6e08581a803e5e7df06aef57d1cfb72f7a7877c75f3afd05af0e7c15be49be08cd9b8eae1eddf1e6b077d0d3bb0f1b1d2fa1ad674738cd76c58b3d5f42b7d1dde1bf7432deb07f07ef8f6903affcf118bf4eee719f02ffedc1f0da34091e94a339a91b31277453cc49bc392c72bf1b73c2fe3a58e46e91bb45eea4b9cc5d1e04d398b91be5fef69f91b58fdf779fa9dce574bc96b5c71f916c3e9924dd2574532c726f99ef5deedba663f29660046d0d43e8964804ad0fc3d09891e811d41b93ca0210caf9c1db423165530082b68520b03214d6494e78dde91dbc38e0158af35dd8c53b23a23c4a65f6d60becf092d3ab7865d4bff19e676b38a6bb20ac62a6ba85ce668123de727a17af30937ecba5157a070c8077c67858cfb643dfe07ee843deb4790b3dfc7a61428e3fc25685c323750cdabb77c0bf06bcc846c4bbe8e0d709dd27f780478a27a673b9f7523f74f4ee825707bf8e36633a40ee9bf7c999880ede5d3182017ddaba08f48f1d8e6e117de159e487499b28f5f513315e6e8113b9aff7332b7523e6846e8a3989378745ee77634ed85f078bdc2d72b7c89d342777c9da171de2679991fb2213b9ab8c9dc44bd67e38110bd920483894a28d1b6f46ec8245ee2df37dcb3d740fc5bb270253b74e47e8766e739b0c421381e08a3084ede0b29da108d81984c93ba7120a7ee7744cdb3a03811bc211b47606c237c5206c4b941ab4266c7b146438597f66c7d3b6c958f5d3d5e874419bf89e4de198b29e8d03361ea6574453f61198be91efdbc8cf62dd0967c322703d3f8beb84737bd3cac3306de3744c97816bd685a886461097076f0c53af03b9deb40dd311c87526ade567f0fb866c8ec0c435d3e04fa66c0cc7c475a1985c110ebf7541f05a3d05e33606aa53f2fe9b03e14731fbb10efbb2f4917acc69739813ba29e624de1c16b9df8d39617f1d2c72b7c8dd2277d2a2dc0f1ae42ed7dc3d7ade96fb7ea3dce59abb46fc9105147a221229f78516b99b95f6bdf27dcb3d682725b82d583d102698320f60661eba6d2666ec8ec6d42d4198b47d2a7cb78cc7845d1331ed680826ee0ac0b8f2c908dc32033376cec6b42d33391d86296ab85979a0cc746e4bc66c6763603bdfbf3508133707c1bf2210133606a887c2846e8ba4886752f8116c2844608a3402f87e19af7e0ab731a152dec3ef54394d3de0451a1e53b684aa52326f9917c8efeecf86c3f88d5330a93210be6b2762dcfa29f0af0cc67832756724fcb786638c3cd885ef99b47306eb6a20c6326b97ef348e929d4039fb6fe1728bdcef098bdcefc69cd04d3127752316b97f07729f40b9cbb3d905b3126f0e06056fcadd6f6310a6307328fca214e5ba4d587e3e17d92728760a5c1edb9a7632837f6806520c2ce26bf598579271221d6927b8739a4176dc228ad91c22ec6492743c054927be9a44ae97783c190b8f09495ac99d9d7484db39c4ef7920037395dc7be0cf6ffd1999947b0ae5bef050823a153ff7f87ccc21738fca08754914772a9151eaf85ae699612e1b02730ec7374bdca1f92d32fbe0bc169975702e620fc5354bcc410aba05a2e531ae2d10b93fb64522f6c5205c3d87fdfe0893e7b71b08dd1ba90861367daf04ef66e6db02d376cd6844442e04ee60f64b02883c78c57f1733dc3de108d91f83a9322e3c252aeb4ddec18c7d5f20c6edf6c7d81d3ef0de331e3e94fc7866f25364f09b5d51cc8243e1bf8dd9f0f6608cdb32153e5b266302978fdbc146c176ca76cf34f86e63c96d05ee65165dc9c601ebdbd4ad61984cfcb68660cc26b92d6d2a26ec0981f7b600f86ca770c9d8cd93e1593991db09c4c4bdd3e1c5d73e5bf97ebe96fbc3bd37331be7fbfcf9da97db50c2dd1200f78d93e0c9ec7c3471ab9c0a97f249f0d81c80b19b02d433d0bd2bd810d83409e3b86d1f11af7c3eebf358d2b41ccb6d8e118937531a1fdd7a2f7850ec8212ba01374124de0cf258d69650cf64a7d805278a5d70a4b4ef158775bef78c3dc52edc216f62d302e69ef466ca480afa9b3042ee711709afa26c8d72a7ec475284f694fba0807eea91affda2ac29773fcadd4bc97d18c53e920ca5dc95a8651b6618c4652d314004de02fd29efe610b9cb53e144ee7d2976117c3f8a5d10b11b9f0a6794bb157fd32cca7d21e5be88315bee75bf43ee9c36cadd34014ca7dce509a18b28f744c6fb94c745ee7e94fb78061b4f068a31864aada42dad795336c980166c04707a6c052b369175bd24886c988cd1eb2623e23885756611b3b0d908db1583e93ba3980dc913b42211604220096266318d04ed9c49229a25708791197795012ca7b29cf2b560d066d633793b83eb36bedeaa8ddb3d6df32c8496c722b030149d5d3ae177fffe1da2d7c6206c63947a24e7e4ada198b83d04e3773088ef64b95daed53263db329dc135548df8658ef1f21e06fee690277cb5c4b8add3be8220f86ea50ce41a6a33a58f6467325889995264a031d56c29039d68705f9b29c7ca71a3e031711fa527c5e2a160f03794a3058a6774e53d9694d5e80acac24ce9ced2dd50ba09e5133454b63701ae95e3e158e107fb8dcce44426948dcc77aba03c2ac7c16683071c368d8133e56ebb650c6c2a9911553283db308e819e82a05c1c4428e51445b92f6cd68f85d3266e8bd9becd462fd855f8c07a3ddfb76e0cdc36fb1b9e33ceac93df5dde6bcfd736e594c6667e07be6f14d7b5e3e73a6ce6fb39dfae82d37c6dc5f78f5acb6515148dbce6e7c83cbb0ddeb097e955a3d5e73b6d9e8051ebbc307c2db342fe26bbcd133172bd0f86afe177e177b4dbe08351655c773d5fafe136396dcdf56d88b9d25ab6439a2badd6f2b3ef9151f27964e4ea26c8bc6618be9a59e63d32ccc050fe17f74c1933de7b648881c1cc8c4d194806355796328325cd95fd29d8fba51fe95dea889ea50ee8bed29ea52306153a6358be2b86e47b60d4b2b1e819d0073ffdfb4fd1336a2406e68d45dfc2d194aa1b05ea80be45b6e853e4401c89d37dd18bef6d899e850e2dd2a340703494060aedd0dd40b7025b74cfe7f7cc73c0b04237841c88c5dc13894864b2964a514b469e4e32544991cbc3c08e9063c498189e5ca412c0140a3d81495dd269be2653974f7af4e53eae9c99005bf6630cad7b6f66173ec49759b96f05a54e7c0df3bc98097852ec1ec493727767801f56c68328df091d178f42c7ac51e8966d8b9eb9f6e8ceb2cb622b74596a6396ae8dd3d6df0f4bf8d98b79f064b0b5b87834faa6b2253bcf01ef59bf8b5ffdf3d7b099eb886129cee893ce036e310fb425d6e8983b0aadf246a0ddb2e1e8be74387a2c198e2ed923d129e7fba563ce88fb2b734790c7b3ecc0b2c332968df0b55a26a571de70320ced49bbe544bd160ceb37625cff5eb9fdbe76a4fd1dcbbe39edb86d53da1b3ecbc27f1ee3febb9ff29bd076f908bc5730146f170ec55b85c3189746a1fb621bf44bb7439f0c27962e6837a5177efcd24fd161e66074c9b04737c6bb6e39b668973d1cadb287a21d8ff5f6b9563cdeadbf173ae658330e69a5bc6e47da2e1bd5487bc6db8e3956e8bc64147a325e3b947a21707724e24e2ea4e0939991272ba1679074113a5924a7de29f3d493a9483e99c22c7d11164a79360df1279290c80454989237f1f196fb3883e0bdca99a9c933a36539b3c531ccea24cbb15aeb83ee6c6d75586e83b639dc21a4639eada2fd32ee28be96f241440ea476b9fcaeb92ee8b26c343aa4b3a5196f8737eddec52f5ffe35862738a13f2b48972c4774c8b66785b0c67bcbadf05ad170bcc54ad52167283ab1828808da2918482da5a5fc5ae5bdac63292de5dd656b0afeddfca17893b1e8ad82e17c6d851e99b6e8bf88d9789a33fa2da2dc83fae0c7affc0ced660ea2dcedd035c31a9d9984b5ca1e863685566c2058b1a1603e3e7e1798cabdbdc463ce6bb35ca32d694f3ae5daa0f3d251e89c311c7d165bc3b1d41b417b6622fe4c329228f84506a1a71c49441aa59e793a1de9ccd2938e324b67869f728a3217b99f49c37cca7d21c5bef02ce59eff88cb5daeb9fb6d0c54621f43718fa5d41be56e4065ec1b27632cf1de1c08efedc118cd8c5dae19f563c6de6ec948b461f66a14b9885e68c716e1032d77d266990dde5fe68836796e787f8903baa6d8e3df6eefe1176ffd1706a7baa2f762377458eaccdfc175d8107837cf8672b76285d22a59c76c220d1a8595a5b4945fb3bc97752ca5a5bcbb6ccf5204ff3e33f8f729e9f6d936e8936ecfb8e5887e692e1890ea86f681943b3377917bf7258ee8b594d93bb3e0d639c3d1a1c40eedf2240ef2bd4d62e3774293ccbda9dc85f6f44847d299cbbb2c1e89ce8b86a14fa6159c57f922786fa4cac4173133972c7de16166f3147cfaa93425f8644ea750f6725a3ed9705a7ec1710aff7192fb840d812a633715bb29324f4ec77b6d9a8a31ccda45ecb6ebc76140a18b6a51b55d3ce20e898bd4853b76e403881c48ad28f7b773edd0aa90725fe68c4ee90e78c9fd5dfcfccd5fa35f8a337a2e76a7dc5dd12ec79999ba035a2d67665f688b77f279d0f180eb9c6dc5f976dc9e050b162c7c777460dcea90c3448a996d07261e5d97d861d022270c4f76c1208a7d50aa3bda0750eefffa29da86f7470fcabd6fae137a306eb5ce1ecacc9db17b399394ef49ee4d4fcb9bcabdb581f64ca6645e47d29db1b7db122b4df08b6d605bec89e97b63107f9a02bf90a94ed3c71f8a4712a59e715caec16ba7ead34f50fe92dd53fac66bee92bd3ffa72cff2863fe52e026f2a764dea84e2f7a2d4c76e0d84dba6c9b05eeb8bfe45aee8ca03ab3dc5de913ba569b66e9ac537dda90f0a72d0b45e668bf7f31cd06e853b45ef88f6a936f887f39bf8f96bbfc6a014370cc8f6e201359ab8b172b8f240746696efc4f73aa0e7127bf4229d5861da2fb760c18285ef8e8e8c3b5db31dd17da923ba2d7542ef2c670ca7d4ad93466358aa0786a67aa2ebb4fef8c94b3f439bb0beea947c4f3600ba6733ee2d1dc26466d8832ff7023bb4ce95330dccda29f71e79f66cc458a14bc608f4c81c05a795be08da138905e7d3907a5113bc64f08b8e2421eb582ab28e12e9492fd7e44fa6219172976bf092bd3fd272bf48b9fb53ee13d7071a3acfdd3e0d6f14bb64f4ea94bd887df31458aff745bf221774e101d281597b0766ae9df3ecd4357673727f90d1aeb9b3f1b1dc1e9df35dd06ea92dba245be165e7b7f0cbd7fe0b2392dd312c630cfaa4b9a1ef22570c487546ef346774cd72529df006a53ab001e080dee98ee8c1d73d32d82ab69496f26b95f7b28ea5b49477973d331dd18bb147e8c9d77d173963c44257582f70c3d044770c491e8d4e53fbe027affc141d2307a24bba15ba658c420fc6eef6b92398a448a7bc0743eec25d72cfe33ccabdd5b251783f9bdf9592efbcdc165d2979f14fe7c523d1338b197ca93702f64561fef94548b99081e4e3c94815b953e88b8fa462c9d145c83c92824cca5daec3279fd27acb3f16729fbc2e107ee5c6ce73b7e56e14bbc7d600b852ec361bfc30a0c40d5d2844b9ce2e72efc43fdb989d373d15ffc09f9e371c5cddb2edd033c7115d32add137d91a6f3abf8b9ffef3e7e814d807ada6f440c7f0c1e8143608dd4207b21c88363307a2dd8c01e81eda1f3d43faa3dbf4fee862c182050bdf219dc3faa3fd8cfe683db33fde8b1c80361103d175fa20f408198c8e6143d061c660fcd3e10d3cf7c20fd1396688d6533e73247ae7d850924cc044eeea6e8a072c7327c6ccfd7de9359f4fdfe4db72be15dac81d3e5c2e92578d82258cdf4b6c6125bde8f74523fe6c2ae59d8a94a3c98d725f4ab96751ee59947b32e59e6a94fba3dc5bde28f7294de46eccda45ec9e64f4b640d852ecfd4bdcd12dcf9ed9fa28b4cba6dc296ec9d8cd9d8a37cde29beed407061e4c72cdbcd7521bf4c9b6470fb602fb268dc2dbeeefe217afff127f1afe027ed9f70ff859df3fe297bdff80dff4fc037ecdf227fd39afdfeff19b5ebfc3ffd7e377f89f9ebfc37f73da82050b16be2bfe8bfcacdfeff0fc80dfe1d941bfc70f07fe01bfe82331ea8ff871bf3fe247037e8f1f75fd357efcd62fd036aa3fba2eb641b7ac51e8c9ac576e056d953b8cc21cf140c95de69b66efef640f47db025b742c766463c406ad2877e5142e93f777a68fda2e1e856e4b6de1b0663c42f7c762fec94424317b4f57824f5582cf38cc4cde20f76419d0ec640aa63e2e729751b37ccba7c25b6e7b3364ed9e5b287666ed8e9513318862979da04ec52fbb9da93fd099f957c183a3137f4fd7ac11e8be9892cfb547ef4536e81ad20bafbbbf8d175c5ec30b1e6fe36fee6fe15f2e6fe155a7b7f022cbff1dfd16feeafe265e727e03af3abe81579cde50d3162c58b0f05df12fe737f137b737f117c6a33f78be853f7bbc857fb86ab14ae6fdc9f30dfcc5e125fcdbf77db49add0f9d175b53ecb6e82e675d29f7f6f9721b1c13b5ef49ee127f3b18c46e4eeea6d7dee514bd715ae6cb6d72421b794fae0d3a2ee56f5b6a078795be08de1385f9c713d5e9f9f413a9483b9284940309eab47cb274a893514a8f272120ef111ec4c654eebe1b26c39b7851ee4aec9ba6aace734e15133164a5277ae639a023b35c63e739e34e10eed8610f13f25bb247a1e3e2e168b77898bae5a26fbe2b8667b96060a21dfaa6386040a63b0664b861e822375825bb6344aa1bfa656a0c5be4cad7ae1892e68a41e9162c58b0f0dd3138cd0d83c8c07437f4678c1ac072448a1b46a5b8729e2bfa67328e25d860d0426bf4cab441178abddb522b25f74e947b87bcef3f3153d9bb0153b9b73348fc0ec11b30ced7b0a5e4edd09e72ef20971c96d8c169e53884ee8ec6c233da29fa241966fce002755b9c64ed6967d291727a1126e78e7ff4e53e795d007c4ce52ea7e22b27c37ec3788c583516dd97d9a293dcf245e41abbf1547cd31df5f0c1df443ae7dbe2bddce1787dd970b4e16feb99ed80ee59f66ce93aa073b60b3a2d960e744ee8b7c809bdd29dd06189130f264774cb14d8e859e2c8d70e6a9ea5b4945fafbc97752ca5a5bcbbecc4b8d39d31a867064b22e5c054470c4e75e0b43d63981d462c650292e5ac46ae6b4fa9775e3c023d968e4217897d4aeedf731c9704cbc01d723741aec1df297413f2ecd096c8ad80ed97f037a58d509dec9c57f921785f0ce69d4e46e2d9454860a69e703411f18713907e3643097e52b6dfa32ff7896ba7c267e31435ccac8c153f8659bb8c7b3dacd403bd96535e722a5ec8a10845ee723d5dae7b706774a20cefda610f0d726033732fb4c1dbcb87e195fc6178bb80bf6999dcde668f7672cb5b812bda2f7746975c67f45aea8c6ed9ce689def8456058ee8b88c158c7458ce0a9767c182050bdf1d1d1977bae650ecd98692f45bec880159326d8fae8c617d17dba26f3a3363198b247b049315ed9a7b67c6f276b9a31ee8244dc99d8e51185f9b20d26f47b1b761f2d99e74c97360126a830ee914fc523bd8947861dac15998733e55dd2a97703a05b30ecc55a3da49a7baa939ccdc6b1e71b9fb53ee72ad5d3ad289d85d374ec488b2b114bbbd3a283af1cf95d3269d96d928d42914399d9d638d6ef9f68d2dae870e39b07980b7670bf6fd829178738515de29964b0eb66cbcd8a255be0325ee84f729fb76d9766a1cfaf6d9b6782bcf066fb011f01eb7d186ff413b22d78e2c58b060e13b43dd8ecc3846a1b5660c6e4bba4aeff1c5dab0dfad99b8c869f8de9cd79931ab63810d854f98e14ac2d6563a467fcf723795f51dcbc429a431a3378348bf2363b4c4e0d672c99872efc2a4ab03ff8ff659a318afad61b3661ca61c8cc1ac0ba948bc9485b863092a8b97d3f3813913f0d9a32ef709eb98b1574cc118e2b6c11fd6655ee857c06c95074fbbace1e822d9bafc91c454ee72aa5eee39543ba0e9ce7918e081dd516ead58a23dc8e1bd22913c5bb4fc6d6d978cc27b3c68dee3ef6d9d6b878e72bd6a317f3bff93b7f3adf0462197e78d64ab5186a11dc9ca26c8d90d4b6929bf4e792feb584a4b7977d99ed9775bc6b056cb98943041917824cb3a668fc4fbcb47e2dd7ceda1523de43df9143ee39648bd7316d7a1f43b32ae9b8d8bdf212275d539ce30ade6d327d2783176b46b8ef6a43385de96652bfe2e917cfb3c26a4147efb5c2668fc8d9d165bc16a8d2f26ed8fc21c0a3efe8cf62019917bc052bf8750ee4aeca48a72bfd544eefc22d74de43e81721f4fb9cb235cdd98b1db52ec03f29cd8e2a3c8e5cf634b4f06ee17990b9de5f487e11abc74b0533de845ee0f23ac1c9d5811ba660c636b7638da2d975b2cacd03dc7063d731dd039df51b506a525d875890d7a654acb78941acbf9ddfce168bd7c380f4a53469829ef95e6de6f291fceb2292dadd7dc324b69295b2a4752ec9438a5fe56c148bc5d309cc906e358ee70ca7eb87add2e7b183a2d1da68d414fda2f1da99eb026a7af3bca756a7371f13b44842ea7d71be5ce7946b1abfbd85b40095e3c2543f1ca2d718cdbada4c1238d967c7bfe0fb668bb7824bae5da6354a91702f64723ee642252ce6520e5642aa652ee0ff869798a5ba83141895d10b1b3bc75110d9ca7af3e0f9dfe1ce57e169fe32ce57e0413327dd583635ccb27c2668d0f0616baa207777c271e0032588ddcd72e126f6fb8ee2ef3245b17e9abdef30277c843090f8e2ea4177faf8cb7dc491e2fc8068c8c5f2ca7b73ab06c272ddd1c5b745f4ab9cb7da2ccdcdbab0120d84a66c56a842de5bbb16a02b77917329fffad5adf523e9c25313d16a4b392619fab4e9b5caf631ed7257286a83d1b87ed79fca892ef15befa332ce5a359de2be6df2f09491b1e4bf2b8d756ccd4b547fb8e446b99c7d772cb9b243032ba5b5bae2b71bb0b25d891314f629bf4a3321b1bbf032429344d0c8daf9b8a5d1e1a63c474bed08ef2eebadc1edd0a9dd191926fc3dfa42e9332019531f7bbd0551db346a2e7125b38ad198fa9bb66aa91ec12ce2dc284dc71f8e441ed5057a704af65ebda6978a2a46e0abf3869d05fc1cdeba7a0afbf84eb751770039728f7e3f0cff2874f6508acd68f43bf426d58d9ce44b27395b5ab3f512b3bcbc8464d4ad3e50f6329bfa30b0f7491bc71be1cfca6afe577caff727b3d92cbacbf25e4ac807abf297666308cb4a4d6b7940f5dc97ddd59e0ebdb98ee735997c71025df91ebb5cf19c12044f2e452d070ce93db92eef1b32ce5a357aafd6f0ab36a852c33a1d9f7b3e47225461e63c6f5658031f59aeb6852e4b128ebb27c1862b7a963beaa9486829c5dd6fe8bdbdb91e5dd98bd77cc1c8e5e8cb57dc8b0a2d1083e1e87e80b49f02af0c3d50759ee754aeefca066e4de2059bbc8bde123dcba7906b7f89e2f6acea0bae12aae549dc2840c7f38964d40dfd2d10c40f62a43970e1a9de4d4bb5c6be69fa49e3cc43fca5236579a832dc73b90273899902dd81b96ddebe758ca07b1d482890136023b6533a010d9b7c63ad43a6b38decf1a8a4e79ac5bcce8db89e0f39979a86ba8f7fe5996f2512b65ff130afd0e28656db9917bdddee355b6632903d9b4a5d48dcf0a91ccbd3de7cb35f9ae798ee8a0ce42dbab7e06d2d1ceb6d21fde87a2e056ec87cbbae374e9032cf77a7ed0edebec772272afbf7e160d751f42cf1f515b770937f4e751d5f021ce7c7e007ea9e33032d703dde5b6ae250c4a8b99a12eb543f75c47b67ae4160b7b74a5842cdc0f0e26f0bf348b2c33f75e0b0f0bdd4c91e76593ae82bc661d92bad579a99ca1b141af4267745b6eafa6bb173832e8d8713de1ce6d5a785ce0be6723d03c9663a325ba908ef4537b494a0d7430d0913297db99bb2e774227d6bdeecb9dd5ad81ad5399c5737ad4fa09b05fe685cbccdc1f5cb973ba8e1fd49ce095dc6f699decea6b385d7705d5fa8b94fb655cb9760c59e54998b93e12411bc211b83e4c115c1e81d0ca488454cce4b485fb27ca40a4e175d3d2c2a340a819420c485d0aa9e4bc4d9108db128dd02d9198563103811bc31054198ee0ca08b58eb9ed5a781c9881601e0fcd6239365a641a1d358df5cb48b00171572809d9380341eba663c6a668ccdc1c8be0b5f4dbba30cce4ebd96ba3f0592d85fca0ca5dcf69bdee0366e52d08beee2a057f1eb537cea04e7f0935fc5235f57c4fc3557c7ceb38aed59fc417f5270c9ce4eb538a2f396da125e43f3a4dce90b30664da882c13643d23c6f735dd9685870f6d9f5ebf8b938d7cd970129fd51fc797757c5d779ad3ac630da7f039977da23fc2f244936d5a787c308d0b5f0773db7afc106fdd203705d62fe196812a526d98bea93b861afd29baef2c6a5907abf42714d5ba93caa10d4c7acdcbfbabf82ee4aea7a84d047fe7f5f78b5cff0af4d7cfa24e6e87a3d0ebea2ea1ba86efd55f463d65df50235f8ed49e2567346a083f0bd5a7b469b58ea5bcb3e4ff25549f273c4014d2b991af15e76eafa368fafea634f73996f2c12c65df93aa26541b9713dd59d473fdfa5bacf8b74ea9e91a9635374ea09eeb3534bb6d4bf9e8973c56ee8b7bddfe63504a5d539e6a5256b1ac92f52436b39edd60ddbb7e82755096cb3222f15962f7832c771de52e88e0e5147d63f6ae044fb9dfe2fa37cea91ef3f582ee126af9a3aaf843ebaaf9036ff2cb09559cbec583e7267f38ff0c6d3e4b99277f8aa56c52ca7f27f07fbe0b1e3037297a050f2059f7aef737a5b9cfb1940f6669d8ff37b88f6f701fab6341e072a9435ca79ef5a75ed69579d7a58e5dc0d9a39b70f66039ebe765553f5bfe0c4bf9e89672acc871638c13a670998a19e6b8d7ed3f066563639aa512fe9d653d25de507b4ed5c3da2f8fa04149fdac2a1be8be0695843de072af95ccdd2877f96053c11b255f7b0975b7f83ed240c1cb7a52d6f347d6b315231d0bea6bb86d8abf9e19493d7fb89a2ff3d4b4a5bcb394ff4bb84cd868ba8bcb6c3cb1e1257d1ef85fd7a9f7717df53f6ba5ccabe3b66ad898faf8f25ee878b01a6f6fbcf7ef6129bf9f92fbb05a903a2418fab5342e3f0f1d838a9e8148cff97a6964f398282948c58ae5c9dccf1fb1a17dd5b07ed36d5bca47a6649c963a5dc758aa6280c46d265255d74ee1daa7c750cb44a08e0d3d63dc9098a167bcd6e20a8f2b754c198f2de12b3eef312ab5dbc0296829f9bf362df56c00882f65fc17fd2d8a58aeaff3751dff7ff1dcfd9f9217f81dbe936bee22f6a6726f2a78e33c03b29e9cc6afd55f448dfe02b1945faffcc0c06503579a7019553c78aedd388baa6aaecf03ab8a07446d1dd7e5be12aa39ef93cf8e60c7ce1558b33e0bd77880e8ea2eb1c17689cbb8aefaacaffa1e96f2fb29b57da8d35d3620fb4d8678e6b2badbe8ea2fe3168f835bac8337aa3ec0b4303f0487f9e346cd5554ebaf1ab6f7559f65291fd65257cf18cb3a5d557b16d512afeb2fe12633c74b57f6a2a42c1d67cfef55c746adfe432ebfc29821cb2fb2fe334e3021d3628cb114eeed731ff552c752c99ae256d9f7d72e0d2e54a2be1fbe65b91b7bcb9ba2e42ec8176f49ee445a8492f55bb85f2e934b0664da002b666ded15e8480d03faa79f1d57d3376fb1d232cb938a5cc5e96b5f9c46517112bc7d46e2d4d9ada8e68157c78641155b95d218a8affb90db33f7b9161e08b89f65bf6ac83405cffd56cb7aa921b2670380fbb1aefe139c39bf0f764e23e0e86c8d33670ff258e0fee57bcc6edbc223819e8d7969b04bdd5675bafe2aea1a3e642c3887f1131c919818890f3e38cce3808d3d69f055337bd77f8c1b37ce330e701b124b1a63cbdddb7f5c9184565d823683cc6fc4e0445324a9551dd00ddc2dee7be1db963b3fc02874b35fd4f0639b4589ffb285fb863b55fd876c09aa525e1319d79f34dcba04fdcd4ba893207e431a531f4377434eb77d8c6b574f62454e12fa757b170ea37a01751f739ff03d55b2be5c36f990d396fdf340a39edf70c580bc967d2fc702b303d5b9f222f73fb3771906baf6136cdb58829e1ddb709f77c1ae8a75dcbfdce7557cafb96d5b7834603d16ea790c34485f1c1d5fd773bf53e6f1d1d3d0f6cd17913a37129f9c3f82baaa4f51f305ebff4daea3fb84ef6729c7871c676a7b120f4c917863f2598f238c994d6968421d1b480a369004bd01a3e0ef70e63df31dc8bdb9d68bfa02e6e69bc203a4817f508388c8c2d78402965b0dabb80fe4fa8d20d3d2bf412dd3d6ab63d0d75dfb8015f72356d24fb8de67b8f6e119acc84d43a7775fc53ffff45b642547aaeb6ef23ed528d07fc4f7492597ed193fcfc283c46db15f250cc24de4ae8e07d641fdad8bdcffe7505ff521962e9a8f7ffde50f78f58517909396cafdcbe381c1dbdcf62d3c02181ae92272152b6ef0b8e0f1608cb9a7f66f46ebd75fc64b7ffebd26f88bc779ac48a3fe13260394cf4d59cff4f8907823488cb933ce3c6ea8fa271825df04f51f1b11c19b4ade809cb97e20e52ea80e05a62d3953719bfb42a6cb89340cb48e1b16be3e97b80f645f48273853a4c387747cd13270d561a6e62a6aae5f61f9296e5ebb82c2dc74bcf9f20bf8e90f9f40c7d66fe0e2d91da8ba76067ad91f6cd9d7e9aef07d0c042ccd7fb685ef1b9515544bd6cdc0cd0c4b0b220cb635dc6faa7e9e439d9ea59ec701e7dff8f21c4203fdb8cf9fc5cf7ffc3c820326e2fae752ff2cfbf851453ac7d553220d7a1e1fb55a67b93b60837fd4905ef8d90f9ec50b6ce427cf8fc447974f405ffb29bef8e4948a1db78f0f8937b23d41e20e51f15b3addddfdd98f3a52ffb406b6194ce56fda0090f7dc81c18bf7c577217739756b84074ca3e4cd7d21996f82b45aeaa517bd85fb809553779e015c064830c01d5da73bcb65725685591bf7450d5bd7f5759fa2b6fa137cfce129ac28588c76addec40f9f7e0a3f7bfe59588fec8a1bd74eabebeb3a360a6ae48e066e5f4feae534d21d9f69e141a28181176cb835d430788bd8b9cf45ec0d3a66ea445773560dfb8cfa8f70e2d8568c1a3e004f3ff1049e79ea09d8db8ec2d953fbb91dcb3e7e54d1555f3434d8796ce8998113753bb2a01af01f62deac70fce9b7ff8367785cfcfdff7e87f8b8709c3db99bf1828d7c66fc75d2835e1d238c370a260b7480d6df8ad36a9ef9cf7f9491faa63df9d40cea0c9a863abb21675004d510d2d01ae20f7ae6fe75e4de042d1859b83f2eaa20dea0e30ed673c70adcd10d3aedde4a59475aed75fa8f5073e3322e9cda87acd47978fda51794d87ff9e31fe2f7bff925a6078d41958c1ec8002015b55aa6abb98ff95a5fa59ddab5f080a25aff1f12913c2bb81c13aa5eca71c1cc5db277ceabd75f45deb264bcf2e25ff1ec934fe059cabdf57b6f63f5ca655a16626edb161e7a8cb7afa9facc52dd82ac974c5ecbe66b6e5ec18ecd6bf0da8bffc47394fb0f786cfce9b7bf42c0440f1cd95f819aebb20d360aee3846e48c9e0175bcddf9998f13ca7346e719bd27c236c2758c673b54b265e88867e481bde67e97dc9bfe48b35fe84e4cff280b5f17432017992ba91bc4cecc5d3b2dcb03883bbdeae607387d6a2f664c9f8cbffdef1f0c99dbd3aa7c95c17ec3ea1cd5c2afb9290ff891563adf47a91b0383f9cfb6f040a08289089e955b4db33eaa7a698041bcaef64336de2e212cc41f3f7bfe19cafd49b5efffe7bf7e8d39d1d3517b433b56e414ab510252d659f6fdc30f65aec4c2fa2cdc599fd998d7c9d9bcd36ce8bda51a7c3f7cf64955fef4f9a7e1e66c859d5bd7e0d697724c5ce5fa94bcbc47c62511b1ab5bc11e6fc12b8fa97a67983660ba8e7666c32077c128774e3fb0729753bf72dda5f1c79962f6cb58f856e0810266680add79a08efb477751dd1275ed8b53d8b66d25bc7d5cf1a31f3f83279f7a12cf3cf30c9efbe18ff1c493cfe0fd77dfc487970e29b18322a897a0ce20000605796df6f32c3c383058df46eaa2c85de66bd457cbe9d74f71ead81ed88e18821f3cf5147906cf3cf1147ef8f4b318ed648d0ba777aa416ea481577beb1cf43c06743c066aaba49e9b7c9685470a11754dcd87d0e93fc7b0e1bdf1fc8f9ec50f7ff8349e7de6093cf7f453789a59fc9081bdb1b238079f7fc258cf86809c09acb979063a1910472f670765c0161e7b66b66f41c354f4e630f79e7be35b96bbf49637ffc116be1354503794143af43c60eaa49528c3fb9ec581fdebd0af6f7b3cc1d6f853acb4cffee0693cf7831f28b13ff7fc4fd1bb577766757c1f33f686fa0f35b9138bdc1f124ca5de2877e3317159ddfe587bf32a96672fc2bffff937fc90727feec9a7297766f04f3c8d775efb175614a4a0fac659ca9c81bae1232574e96b21afe5614f663fd7c2438f26f72bf8e2fa4584864dc46f7fff5f6cfc3f81279e60e6fe93e7f12c05ff931f3d87b75e7f51f5d3b97553c4cef820035cdd3a81aaeb47182b981458e4fe3d6191fba34d6370370c792872d74beff8f3b879fd34f6ec2e439fde6df03fbffd357ef03c2b2e5be32a7b7ff619fcd7fffb0d828226a25eff3183fa559697b5d377227711bb45ee0f3e66e52ea5ccbfc4c6da655cfbe40ca64df6c62f9e676626d7db85279ec473ccde7ff59367111ae089cf3f3aa432773935afbb29775c7ca00d592bc26ffa99161e0944eebada0ff1e967a791b9381e7f7de14f2a3e3cfbcc5314fb13ead2cd7ffdf217e8d8f66d2cce88c7679f9e56775d4847ba86860ba8a93a6191fbf78a45ee8f3052a9e4ff3f8f067918818c752c154f2fbd58cfb3f29d431503f5f9f3bb3135c003bffbdd2ff1142bed33cf3e8d9ffefca7f8ddef7f8bb973a3b8ee877c1f2b2d03b9fed6394dee92c953eedf6cec630bdf3ac6b3364de56e10bc7496dbb1a5047dbbb7d73a4c31337b4e30485ee60de9d711fb7695aac65dcdcd73ea128d76cd9d02903338e63ed7c2438f9c12be76ed346a6aafe0f0d1cdf8f76b2f29b9ffeca73fc00f28f8e77ff00c46bbd8e1e8c1eda8adfe98c90263caadb3a895a70bea798c481f1fc6198bdcbf2f2c727f8431c85d27723fcd2ced8c42f5a097ebeecce2b5e7e75fc2d6ad2568dde64dfcf6f7ff8dbffded2ff8c94f7f84bffeed7f919f97017db56478dab576d353f252f965bef9cfb6f040a0e46e8ab1c1a7514b51af2a4983cd88bee8d0fa5db47defdff8d3effe1ffef8dbdfa0d53bafa3ddfb6fc3c1aa1fd6ad4c57a7e11b64985aee7b99d6b1a167d9ff8f2eaa7ed75d4555f5455cba7c106fbff31a7ef4fcb3f83d8f8d7fbcf067fce54fbf4151e16275fbac5cbaaba9be8cfafa2b8cfd4c24eacf32713802bd3ce5cc22f7ef098bdc1f61ee947b5df549223b5b937b433db3710afea38f0e62417c18fef9cf3f232a3a10f90519183eb21f7af7e986a387b7f1fd5734a11ba5ce5275f6a02854e7babb3ed7c2038312fa65ad72df2177d96f3c2e788c54331bafbec579f59fe0d8e14db01ade174e76c371fac46ee86b3e44f50d2e9753f186fd7eebcb93ead648c9e42d1dea1e5d645fcb50a8d2f8afabff082347f447ef9ead111b1380e5b9c978e7ad57e0643f14e7cf1d808ec7d817f27c0add451e1bc71857787cd4593ad47dbf58e4fe0823954a02b8543266ee35a714da0026e7a1e7323df7cf179f1f435ede42848579e3b3cf4fa19a01fdf8899d58b7ae009f7c740272bfabf11abbf1d619c9d844ee96d3f20f382dcafd1c33abd3a8b9798ac19975b6ee0ace9ede0e47fb2170b01d82332777f2f8f850759e53819e88d0a5b7bcea4cc7cc5d27cff536fd3c0b8f0caa01cffd5d2dfbbaf60a2a362ec3f1a39b54867eebfa45c4444e466a52249383a3b871fd8cbafba64e7f1137be3ccce3e60c8f91138c13966beedf1f16b93fc2887c45ee725ffb1995bdab9262d7559fc1ad1b2759494fe13a33317962d875350add47d0ebe5c94f9739ef2a2ba976efaa719bc66c5d90caafb2f9c6cfb3f0c0d12877a3e0ef94bb34fceaa50f068f89daaab36a98e1c888f1089de685736728f7ea4b84efa1f8e5f637e97321fb5c4ec98be441f19bfd5c0b8f04ea1e75eefbea5b723dfdbc1aa5b241f721a72f40cf634a57f501aaae9f4555d5054aff1caa6f9c60cc9761aa994830a1b064eedf2716b93fc268729731c4ebf5727df40c337706f4facbac9c67f0f195fdd8b3a3046b572f56c3cbca53886a5961e514ed4d56583d33f69b6c912b895b783811b9cb98d58219b9d7d79c65438ffb5e44afbf44c19f430d252ec740b53c64c8d2787bacd106a1118c03d1c8a5193993a32172dfbfab0c6bcad2f1d1d57d8c1f675157c78600e5ae936442dda56391fbf78345ee8f30522199a5b3c2d5de94db52e4342ca5ad93d36757b07b6719ba74780d3dbabe8d8be777b3625ec2679f1c6570bfc0802f9ded3e04eaaf9ad9ae858706a9d4eae13146b9cb7c09b686cc5d2ed1c8c363385dc7869f9c9ebfce06dd7569dca9870219df63e1f1c42077360a8dc3a56a82d7a8678c7071e887bffdefcf515a9a862f3f3fa6e24d43c345dcbc795cc51b8bdcbf2f2c727f849153e86771f3cba3a8bdc5fd522763c19fe3eb53f8e4ea61cc08f1c15f7eff6bcc8af4e7f28bea147ccdcdf36ab01ae9455d759d07061b01e6b76de1a1e01e32f7ba9a33dccfacb36cf47df6d1619414a7a0a428059f7d7c9ccbe57d4db669e1f141f6bd390ccb254e6cdf9c8f77de7c118307b6c7e183eb50272362d65f815eff018f1f2de3bf639b16be232c727fa4512d6e06edfabacb4aec0d72eabdfa1236aec9c17b6ffe1556c33ae3f3abd2c26645bdc1fdc683408d6fcc2c4ec687d6a996b7f96d5b780850c15804dd9cdc256317c14bf67e09674f6e8597e7488c761d8693c7b703fa8fb46d98dbb685471fd9f74d9f0962821a8e98c7cdb42077fcedff7e86850b42f0f9672729f82baa0f8f4e2eed98dbae85ef008bdc1f69a457bbea0845a9dffc42ab74278f54c27e545fbcfee2df5056908edaeb97507d9d99fb2d4a9d997bd5b5930cea721bcc0554cbb4e5b4dac38b0ac246b1cbb451ee1a0df2e4299d9cd1e1fe67a3efecc91db0b71902eb91032977d673dd55ed7de6b66de1d146f63b8f89c6333f8d67806e23f1a486c7ce69360abb757903addffb17b654162ac14bc7dc062eb7c8fdfbc222f7471a191eb4eabadc93fca13af55e5b7305e56b96a163eb57e0efed88aa2fb8ce2d56c2bacf19e43f66a6cf83402fd7d3a467f429be9f0786651f3ebc7c85dcd54873ccbc50ffb1bacffdcca9ddb0b31a02079b613873623797cba3624db667e1f1c128f72a1e3f469ac8bdfabaf4d3b8aceeb2898ef4c7ab2ffd0d59e97371f1c27e54737d79908c45eedf1716b93f0248c03620c1db04a95852f1e479ddbaaa4b14f827f8f0c261e46727e3d881addc4f94fa2d2eafba0afd0d113db339b997f9d65966edc7803ad9be651f3eb4dc2577e332ed78514f78abbec87a7a85c7c9c7387562176c460ea2e087e2e4b1dd6cdc199f036f7c9f85c7867b90bbc495aa1be750c3c4e193ab47b03c2701a78eefa0d83fc42d8927555a273c6d9bda317737c6e516feb358e4fe60630cc8a6a8f9ac148df03f965b4e1acbdba8d3f237b93f98b157dfb8884faf1c656b5b06a2f98459fa27a8bb79050d143b6a89fe233448a0bf25d76365bfc90025c669c3e75a78b850c78c31181b04af02aaec53b9ce7e91723f8f9b5f9c40f5cdf3387b7a279cec86c2ce7a104e53f4d059aeb93fb6c87e57d7da45f0444a750cdda6f6e639c67866e76c18de64167fed9393d0f398397766376e5c3bc7e34b1bd5b08ec798d6eb5e90e98b8c4de7d46b753cde11cf0c9f6da4e9f7b2708f58e4fe60a30e706370360468355f2a01ff5b25714ab891b3772095a7bef643d4dcb880bddb56624ed4549c39ba1535d7255bfb9032376c53219fc9edaa7d668ae1bb5878f8907dda78add4741f4ba3edacbaeca2af91e76f9f41cdcdd3b87c7117c2a77b61ea64579c392d1dea3e34bcc7c263898a3f2634592e831ae965701b3602f472dffbad0ba86223312e26001b562f66a3f138c57f1937be3c869aaa33d0579f517767d4e92eb261708aef930ebb5a22a2c533a3dce5589563f6eecfb470af58e4fe60a30ef4a60296792dc9fd4c23722b5cd5b5b3b874713f02fdddf1f20b7fc68abc2456b2cba8fa82fb4a5ae6777ca645ee8f1472cc347b9fbb3cba950157cfec4b9e37a0bf805a1e435f7e7e045f7c7694d372a705df676ebb162c1890db65e596b76b9f1c818eaf2f9ed9860eadde40b78eaf63f7f642754cc910c7d73e3f0c79629c1c67da90c73ce6d4d941895b4de52e98c43b0bf78145ee0f36ea203704e63be61be56ea4a9e435e456b86b94f8d2b459f8e7fffe0a1e4e0371fdd393aa138c0c23592fa7da4cb76b91fba3458b723f87eaebc7709df5b6f6162b3e055fc500f039c55e25e3c673dd3a39cecc6dd7820503d269573278b9e75d6e8b93510de7c64ec45ffff82b84077b32b1d841e95f803c81f2e6b5e3ea2e1c1925f3e6b5137caf3c354ee2971153b91b30f39916ee058bdc1f6cd4016e0ccaa6f39bca5d300ade585e809e15eed0ee351835b83bde7bfd451cd8b90a35d7cfe393cb87d4a035b537b89ee9762d727fb4f80ab9aba189eb584f2976195ffe0603ee86754bb1717d8ef6942f066eb3dbb56081a80ebb8c45555fca6db6975175ed346aab2fe0d6b553183aa03dfef9b75f61cdaa347cf6c9215cfff238aaae733d1e7b32729d0c7623d7e1558c698c6116b9ffe7b0c8fdd1405504a3f08de507b8fec931a4c4cfc0efffdfcf1034d105750cf275baaba827b537ce433df1ed8e6d59e4fe4821c78588bd51eec6fdabc9bde68674a43ba1062c6aa8bf8253272a6167d30f76d6fd71f2c4564067b9e66ea179246397d3f22273b9a55277eb3cbe54a7e72f6155492a5efec79fe1e93e14e7cf6e6323f243859e529751326f91ba2a1e8ba6c7978a634d30f93c0b5f078bdc1f6c94a89ba0e6df891af7594eb537e1e2e91df0721b0a9b615df0d1070770f3f3d3b8fe9954c40fa113b9cb4ebfe33365fb46a91b315d6ee1a1421d1f2276f37297ba2a6381cb35d03a36084f1eab80bd6d3fd85af5558ff7b4c8dd424b48dc913b72247b57a5cc9347438bc839cfcf6714dab4fa2b766c2b527d38aa6e9e530f2592016e6e5e3bc3c68161cc7a759c9ad224de59b80f2c727fb0510738ff4353d47c410bdab7657e4521b7bd09322d43ca9e3bb10d7bb69668f3ea3f61ab5ac68ebfc056b354444be6fe48d3789c88d865dab87f0da7e56bcea1b6ea8cba1d4e9e2970eae466d8580d60e63e18a74fb15ed75a06b1b1d03cf2ac7fb9e65e27a31c52ee55cce0f56ac443ed79ff9f5c3d847d7bd7e0da976770f3a68c94f921e57e11d58c3ffadaabeaf832c62fed38356edb187b2c72bf7f2c727fb0517267206eec4d6af83f0d415b6e6533cabcaeea4356928f5057fd316e5dbf84ab1f1cc647978ea04eff315bc81f4027c3cbeaaee2c617722bca87a89387c55435ad3c16b93f527c85dca19720cbecfd96dc16770117cfed86abd348320a674fed54b750cad8072a2b236a4012066f29b527855982efe38c5c6b974e7422f37a66ec726cc874b59ca6a7f86f5c3fc38cfd323eba7a041f7cb01fb76e7e40b15fe2328951127f18b7aa0dc948358f2b83dcebe43918ea38b51c5ff78f45ee0f303cb095d045ec5a073953b94b6bb75eaea1577f889b372ee1e8c1cdb8f6c507a8b9f9118e1ede8ef13eae880c9f849a5bf268464adf90b9cb35f7aa2fcf32a033684b66d6f433d53e33c574b985878a66e5ae21a751ab6f9ed38628e63a17ceee82b3c308d85a31733fb98b75f92a03addc93cce385c8faf2b8603db723d75b45f8663fd7c2638f1abc467f15b718678a0a53e1e23c147b766fc0979f53feb73ec4958b87f1f9a76771530daa7595a2d79e7320bded6f7d718c714ab623c7ab45f0f78745ee0f304de56ec8deb94cbb4e25addecb94f925ecdab91eed5abd86a484188a7d27f29665e1fffbcd2f113acd8f62ff0435d7cea9ebed75556c353383af63c097ecbdfa9a0c22d1e4334d82bf86e9720b0f155f2177c9d865f8591d97575f3f8f0fceed43d0543f4c9de48b0f2e1c869e0d4739bb235999045d91fcad2f4e725d19fc461a87dcaeb9cfb5f0d823cf7b976169ebeb3e41daa258fcf57f7f8fd16ed63878602b766e5b0717c711485a10838faf9c447dfd672af9a8b921776f5c82aeea348fadb3dc869c61b2c8fdfeb0c8fd0146e46e14bb11797d5bee721afefae71790bc3016cf3ef904fee7373f47cfee1df1e2bffe8af7de791dc78eec626bf853557164ecf03a66f0b7be38839ba4a1fe632eb364ee8f345f21f77a361645dcf56ce8ddba2ea38b71baee0b0aff53d4dee2f1a2fb8475f8326a6f9c614340aed18be879dcd57dc8c07d0e3594bcd9cfb5f0d8237297a7c6d551eed76f7c007b87c18c4f3fc2e0813df0faabffc0f3cf3d037beba16c501e665cfa0c7a1949f3e6791e7f4c3cd4004b16b97f332c727f8031cadd309cac5c231594d80d1de86a3fc6d5aba7e13f7e349e7bfa093cfffcd378f28927f0f39ffd08562387e2ccc983f8e2a3934ae85532d633052fa7e8e574be9c92971ef3777da649f0d7305d6ee1a14209dd2876e1cefd2b99bb8c0f5ecde3a0e6969ccdf90c9f7f7a1e9f7d241dede4120e05cff7abebedccdce5be77c9deebb8ed867a79a4271b0e4d3fd382052272afe5b1f3c517e770f6dc01444404e2fffef7ffc30f9e79024f31463dc364a4371391b3a70ea83e427a4940f81ec9dceb6a997ce824de59e47eff58e4fe00632a7719c9e94eb96b1de93ec2f973876035a23fe5fe147ef4fc7378faa9a7f0e4534fe0473f7a1e3dba754049413a6ec9a9784abd5aaeb5dfb8a07ad14b873ad54bb5e9679a047f0dd3e5161e2a1aa56ee4cefd2b0ff0908e4f726d541ef9fbe98727b1b66c39b656aec6b5cf3ec08dcfe434fc2995b9abeba1f51fb26e4b8727eda144960e75169a43cbdc3f42e5a6627878dae2bffeebe778924297e4e369f22c63d4cbfffa3f1cd8bb15d537b5e34f06c0a9d39fa74378bcd5d22572b6d222f7fbc422f7079826725707ba89dc9979ebab3fc2de5de5f8fb5f7f4fb13f8ba729f89ffce447788295e8e9679ec68f7ffc43f4ecdc0a07f7ae534f6e926bee0d94bc0c3d2bf7988ae0effa4c93e0af61badcc243c557c8bdbefa22ae7eb01f0776af6590adc09a55791832a00706f6ed81d52b0b71f8c0669c3bbd13d7bf3c891a43a73a11bac8dd3234ad859610b9cb93e1ac6dfae1d714fb0f9f7f12cf3d47b93336fdf0d9a7d565c41f3cf324ca4a96a3a6e633bae223dcbc7e9ad9be5c32bcc04c9e62b2c8fd1b6091fb030c0feaa67257dccedcf5d51f63fb96b5f8c9f34fe169561639ddf504798a92ffe5af7e89c1837a63f7f635dc2757d5fdedaa539dbafe4ec11358aeb93fda88d0d5633b0d889055a74c417b30ccda555968dfea55fc9099d40f9f61c07dfa093c23a74dc9733ca67a757e17ebcbd271e3f3e3ea9abbf6bcff73eabe6639556ff6732d3cf688dcab984c5cb97a1cfe933cf1e7fffd3d930d2620729c3dfb943a2d2f197cf2c279b8f6c565d4565d41b55cf661ac9321912d72ffa658e4fe0023a7cd651439b664e57f95c7234a7015b1b322c8f3d86f7cfe0196642469c19895e57969113363ffeb5fff08efb16eb874fe18a0ff4465f9ba9bac24f51f719f7c889a6bac40ea897096d3f28f2c46b157711fcbf3b8abe435f76fb55cc7d4907b922f9cde0e4f9751f8f98f9ec14f7ec8e387c157ae8b4a66f5f31f3d0defd1c371f11ceb381b02ea7e770a5dc46eb915ce424bc8ad70320cad8e89c597d72e2021210a2fbef8027ec01825527f8ec799101ce88f8b670fa3ea86e1d2a13c86b8f634056fe950f7cdb0c8fd0146937b9d1cec449d12adff1875d557517bfd2a03eb97b87ce60426f98cc58f9f7e52655ebffaf17378e9efff8b79b34271eb0ba9141f6b3bb6f1b4ac01b39f67e19142c99d62bf758518056f94bb74d0247a79aeff2524c64fc79f7eff2b3cc36348f1f453ea2cd03ffeef77c84889541de9e47abb74a493e3504a05e79bfd6c0b8f3dd29fa35e7711d7ae1d430d8f45e9cc9b9bbd10efbffd127ef6a3e7d45922917bf7cead70f2e82e66ea57d52d9937ae1d67c9e4a35efa8458e47eff58e4fe00230735ffbf3a1ee4f514bd54163915cf40dd50770d7537bec0f17dbbd1fe9db7f03c03f12f7ef00cde7ae54564a5c4a1f6e625f568d706fdd526dbb4f0d8f095723fa346a89307c6ecd85a82de3d3aa853a6c2534f3e89a79e7a1a03fb75c3fe3d6b54b6ae3ad2315397ce7572bd5d4ecf9bfd5c0b16888c30a7af9653ec17719dc2bec9e346affb08ab57e6a04f8fb6f8c54f9ea7e49fc6effefba7d8b9752d3eb94aa9eb3e04f0216ae891da1abac422f76f8045ee0f3072503363aa3bc7602a03d0c87dc61fa0fa1aff57dd67d0ddf814db36aec67fffe227f8c9b3cfa0eddb6f60e3aa3c2efb043537198855a739cbffffd8a2e42e4217b13795bb5ccb2432fcacee037cfee9094cf21f831f3ef714b3764dee3f79fe87089e3a0e5537e4fa27337c8a5d90d3f1aab7bcba446409bc16cc2372af6306ae93d8a5e7eb868f51c363b0beee731c3bbc034307f6c0af7ef623fce8b92790913a17972f1e5472afafbf8c5b374e4027b7c359e4fe0db0c8fd0146937b5ded69dcfc9c07fe2dfeb77557a1bb7901555f5ec0b52f2e21696e94127bbb77dec4b60d25a8affa88c157ee1395ebea67552036bf6d0b8f3ce6e46ebce66ebcf38241b7b6ea820aba698b66e3cf7ffc6f3cfbf49378f699a7f0af7fbc809ca52914fb65752a5ec99cdb954e7446c95baeb95b681ee97029c7d629f52c779ddc4a59f7311af49f32967d84e314fcc821bdf0f31f3f0feb117df0c1850368a8ff888dc953d033eed5ebceb1f16839beee1f8bdc1f602498f220a7dc6b6e1c65703dcbca718519f915cafd1cce9cdc83a17d3ba3fd3bff46393376fdcd0fb9fc136655cceeaf9fe57ada431ccc6fdbc2238f923b6914bbbc16b9b34eca5d18227766ed7a567c5dcd15ecdcb106bd7b74c20fd95894d1c3060fec8743fbb7f0d83baf6e8393d3f06a843a6e5bb0c8dd42cb681ea8affb00d7bf38812ac624b96347778bf1eb9a74b6fb14a78eec42af2e6df1d6ab7fc5a1bdeb28752ebb7e8aefe13129a7f4d5592673dbb6f0d558e4fe0023a73de5543c77909e99130f76dd2d1ef0b597d458f1dbca8bd0bffbfb585d94855a79f842f587845995fe0a6a5841aaafcb3577ee54cb69adc713a3dce5babb64f046b91b9f5740b94b66a41ef0c1ec5cae798ef372c3b34f3d851f32739fe837165f7c7216b5c6d3f23ceee474bc7a02986cdf72cdddc257a03c20318cc78a9c96bff6d949c626fa41ff196e7e294faafc0897cf1d40f78e6d519c97828faf1c6463f22c257f11b76e9c449d45eedf008bdc1f6034b9ebaab853eae5f9eba7517b53aebd9fc7cdcf4fa1726d0e162f8a6505b8c28af309f43a1903fc34f4d5e72878e9a97a9e95e714b763d9078f25e6e42ed7c895dce598603d65f0ace37a22f7ea9b1f207e4e187ef73fbfc49f7effdf485c308bc7d255362eb5a775e998a54b47ba5a1e7f322d99bce59afbffdfde77874755adef9ee7feee73eff995ebf11c0bbd771011e922204a6fd2056982a88880a020028208d2050401419a481569a1f7de0921bdd7c94c66263d93c9cc2493e4bdefb72683210e21143da0fb8ff7d97b76596bcd5eeffadeef5b7bedb53414877cda21a73d9a82cda0c469a43618919e144ebb24b32226abf7efd9560362c2ae61c5d2e9301afc69eb4c4849f4478e723c357e3d3834712f1124ba714fb7a9de3b16326a6ac6ae42dd93ee6bddbf1f1c2e71cf95c83d97cfd4c1e83d57462cc72233350c417ea778dccc0664e2734ea0271c06e42750e46360496123c96564c6bad0c4fdf185e253112e2914ecbb8fdde65ea17df73dc582c2acd6c9a6b0cbbaecea3e319aca700a2f242f46e4f25e9d4ec081bd9bd0a2497db46cd610470eee643b4e24ef5c73cbbb3f819377f4f2699c44ef85cbe12e9f40ae972efca2c7ddb85d3e0dff56a8faf070fcf6b982f385f76f9f2bd82f0e1268b804dec50759615090ef4c843d230e8e0c79bd235fff24222cf02cb23222d575ea1eda3e4f6590748be65ff4b76a23857eff35a1897bb110d2a8f78c4e8a675a183dce1865d4247a56914bc1e0224b4a88f23825b2912e28b9568ca6ec7b4ab76410320b4949723ecb3cf926995eb08c3cb5a68553e88d34b8d27812149945f4f365d105f946940e415e8e4c171ace7434717f5c213c922858cddbcedf6a6116e198fc1683c5adacbea6b847717664c5c29611a1bac695f1e2794fe9ba2133d08918674b5727f391ee75356e835b116ae15036853fc7c66bb38d08bc750683fa77c380be5de177ebbc12775981d053da6eb80daba4ef1e456f93e96a596e485e3c2e8bcd48f4a6baf40bae97ff26f77a4a53c31f03555fdc0a27dcf5215be1959c9371155257eef5fc651d02b17b8aa372df3debcf1d5c145c27224347f2572414f97de77d92be2a03cba3b8432e89bd73db61c52342d963d9ca79da61599258f8fdd7e69726eec542c824c6d44d1a690422d85934b62a3a21d4391a49316e19c9c1c8cf3729a32990eb3ca55b520839f3e8fdca48f96c6b944bc0f3c4a960d9c4b9906b48fc3c0abe3d238ce7a3b80d66436045e6f2f9db64c1194ddc1f5748dda9d1ea628ca4ae794cf8a4221dee2b6326d79177729ddb6839e8d48958de4bdcf368f454ba22e21271d3408b91741674b5db1829d9b384db8914631d1274bef8fcd391f872aabc6f8fa25340e3588cb84bd9243d31b66ec756ca2aa22efbeab7daca94c7466598e53a110be5a070df53ba1afe38b8055471438454ea847526dc927d25e862fb78ed6d5bc8bacca5b329fcf494e6af7089f4afe22e1081bf1beebc4f391fe278f0989a5f4139aa51c8480a529c9336a084bda01da42706bacacb7d39ffd7e69726eef7445e9e51195f21b85a1d8b8451337609e9b82f04978621064b79bc3ca6e6e1a6211303e629cd9242d217a2e6e5b98ca3222e8f09a195a1577948344f91b04a1979ad44fa39d228e47b644ddc1f6728de301a172ec988748978855fc21be19a182fe19ac02e8695f738c837e19744f16ea37637084f240db95e20d1bff414c87b73117735482e8779674a8f8144f5666cf86101d6ad994f2ea5307d632183fb5b2807b7209a9374ed7416a41dc8ffb1b2bc5984185977fe724ef584f15ee504dca3fc1a7e6788e3257c631db9a35fe194823866fcad7a8d549d326011a750d5b95ef1eadee27e0f28b12f72ac10c4ee2abbc77c5c424f0791c795dda5ed9359139d147c5576f249f56a91e3ea5a293faff394ee5f039ab8170b25a4345e426221b7db5b04a3732193acaa955b402225c2dc974fd0a49b5e880692cf53ba2502492fe93aad3af5cdba2cbd2906124270125b1a9c22b18391984cf398e44fc7229a8d3188657445f1c895b434717f5c21bc92285df1aa40e4854722e6129dbbbbeb9510f398388e8a77e4802c8f29f7794ad70dc54b3a7ef9f9e48c2cd7cafbc489101156efcfed62bc23788c4e28855de647f0f33ea620822f732a14677cdd4220e5c8a1911507588dac57e5a451967db98efb92b74461eabfd168cbffd6c4fddf0be1968ac4594f22f48a23dc17dbe2b279123cb878a69c389e97ebe5fced28bf489a77c02ddeb7c1ebef8942d7330d29430edb86b275ccdbe520cae7bee410cb20018e8c41927289bdcd480e71f18bd7dfb37c7f6a68e25e2c845029267f574455407679df24c64a8823e745c85d51503c320af69d8c88a48b5eba273da55b222882b34139cd4cd344a7c1e4fa2db338c94c63f24e9fe93b322562a7c177d0839599a0f2a41b543c6b1929ff5726f71300e10a79e4369e1251abc897e754c44d3e49c42eefaf85576ec36ba59397658952d195c7740b20bd3a39763186712a3d3188d23d2f23977328ec22eeb2a890e214c5dda126488a42b645567d13e12e9ebf625ca5fce2d42a078579885115432be7dc51ba1c97324b3b721b61b723e3295d0d7f0cc47eb945da6dcfa4c748f550b29e142442665dd9794cea51f528914712d4dcd3392b2cd40ae22c168722e2cef4253fd57340cea89e06711a5926f72b2cc5292963bed849b61101afd1c45d13f76221e45064a2e1cd2289e47d7a0e8fc7455c4644f079c4465d4774e47584069c85c9e84f63a963241476bbfbf1a1c84572cb0a70d976130cd13e880ebdea12f9ac781a7d96854659caa59c0d46665914f9c8e0d3484b64042f939364695df24f0244e00422e2e914f394c420c4455e412c7915117a01069db79a04c422824e5e25d1d99451c54ede2386d9539a6e48542de33164ac862b8ad633bd9b2afd6c3a8879d906e61bad44ddacf7435cf475d8785cdebfdbd2988744f41ed27543d24f34fa213eea8aea821763ac7aaf686cc5d94d33072031c15739272a7f1a6315edd350ab4feaacc5975fc31f001169a9b3026197ad8b370615ac24c4928741e71013750d89e4a608bcd8423538d3537a855158a815dc224e5efd069ec55d9c42e5288a80933729e45b44d019d8d8167268ffa2422faa6bc4f686069cf93518f3549ebf1434712f16e2b966a6b8de150aa925e289a7617ced959aa852f66954af580e352a9547cdca65d1a55d0304f8f0c1e59955e390efce255252c69b447d20307a4ad40560f9a2199834f61d5852e4f9327df55dbbcce6c4dfb926e5ad4650d8a74e1c8cdddb97b291ca272534a46ca06ef17850787a2e1a1e1de41da18a9e589ffeb74e60e2b88168fa5235c5ab06752ae0f34f86203ae2928ab4f7fdb2129f8e1b800b67772ac1bccdafbb20d71ea3a6f374a82f298c48360560d68c0ff1de3bdd10e87b921c612424cb01dbe2b16ae9740c7dab1d4e1dfd09768abafa044e0cbd8774dd9051f8ab974fc7c8a19d70f1dc2ee5fc5ae97824d30067b16cf3e78cc7d001afe3eaf9dd6a109f0882bc12906e5615b9b38d78e47d21dc61ec0b83f96b7838a8889dbc909e141175d53bc97d11c6b4c440fcb47e01faf76c89176a5542ad2acf6170ffb6387b7c0b853506561178e1ada47337fca6dedce24ea7ee0e7816f77cda5b19b827764cb8267cdfbf6b153e1dfb1682fd4ea820eb8dd6cd71e5dc1e04dd3aaeda4b48f005156089fdcd27873d96eb3ee0e9b93d19d0c4fdee10720972a40b91824a439893190b5dc435f4e8d8183fad9d4fc2b141f07c4cc415747cfd25cc9afe11a316339d011da3a3eb8cec6f4217e5cd08269442cd68c666a0971945525e276ed02bf68521e6169c3c9e49e1d6c7f8309aa111b4e9916a0a41524230920ce158307b0a3e18f116099b0a4b7234f4d1b71019720db1d1be30c5fbd138ebe1e37d1c7d7abc8ae58ba7d1b38e829d6533c4fa209679491952cd21ca90db2cb286f70dc4477b33bf9b483206aaebe4bd6b2e4920f726c4dda201666457d0383c3e1f0d2580f4dc14058fbb0d18236719c8664f8f5691f2a2af3f4797375ae2eac5fd6c3b461cdcbb1eeddad4c78c29a328cc2158b67406ebb8150eec598fd4a470d8b3e2197107dcaee314d6b17041560f7464c621d1108018f2308ef56c3606b1ae83316df2380c7dbb37a2c89ff4c40818e3fc29c83a7cbbe44bf4e8f40af6fcb28e11bc0f7491dec8480a5369091fd3b92f9c91bc8c3a5fd832184db18c4b164cc65bbd5fc3c5f3fbe870e891cc32c4c7072032ec2aa64c1c81616f77c2e5735e8cac8cb0a446936bbe2afdd8086917f2ba4bde9946c3a4f3639ed2ab7083c7c314ffa50c71e1d7618af355cf487db32fafa6e8e8dcd92b56e4f96a281154a42e025f10b9bb063a1a95705fbfb807ad5bbc8c2f26bf8f04832fbcaf1ec0d081ede95cbe8db8d89b7436f5740058d7059c30c5fb2bbb279c48607d890d91bad4f15c166d5e22792afbc9e4a493bc953a349347264227f6883ccd4c0e6739a48ec915f23b2af40aa2c9a3446308053b9a0e633c967d338dc1553d5cbb7a84c762a167beb23db0671d83ade7e99cfe0c07afcb225fc4aec5455e63196f30309257427a3a0831aacc722c96b65cec5e524280cb5ef377b22990d731b013e756ec7f9167f6e44013f7bb83159b47a2d969c4726d098cda9329ee7ac484ddc09b9d5be28715f3485219409408832e109f4f1c85f16387c39216cf48eb16460ced8bf2a54ba14e8d2a98fce98714750a76620cd6ad5a8ccae59f41ed6a95f14ad3fa6850b7368d720c9d8515a857ab3a45df9f8d291cd3278fc50723df86491fc1686b123e1a350c69493a1cf4daaeeeab58b62cd329a3f28908f1c6cc2f26e21ffffd5f6858bf0e0eecdd826b974ea06fcf0ebca6146a55ab8289e3df43466a3cce9f3ec8ebfe0fcb55166d5abe8c4fc7bf8f668d1ae0e6f5533c1f83dd3b37a0658b46744ce868d0e990eff53d3e1f0df780088df09f518982ec17b40725ee22523258539cbe04e5b04d1afb1ede1bf21662589f29a64824e843f1d5f4cff0e1fbc3f0c3aa6ff06af397d56a6d03faf6c0e50b4771e2c86ef4ebd5955c288d7ab5abe093712311127403d9b6245c3c7b1803fb7545958acfa12e23af2fbff81491a17e98326902ef7f1357ce9fa4a19c8b51ef0ec585d347d5fe8b75aaa166d54aa85886bcad5e01cb977c8dac0c715e7df1e5b4f1a85fb71aaa562a8b0eafb7a013b089c6d684250bbfc4807e5d28ee47111672139f7d3a0af5eb54c7cb0dea9063e5d1ab7b7b8afb710a8619df7fb7084d5faeab38293c5df7fdb7484f36e0e72debd1be6d0b54af5c1e756b56c1dcafa691af1fa22edb4ed572a5d1b14d331c607ed694388a914989480e21e34e5ccfdafd6c3571bf1f88a0bbbbe1552f1f216327e47dfad80ffb62ca67c3c9a7b3c8a6139ac568fde76ddf9147a3d5abc80c0af65733c6e185da9551817ce9dcbe151d8053b419c968d9ac091a37acab6c5f99e7fe87dc5d84a1837aa26ac5b218f4d69b88890a80dd6a46b7ceadf17aeb46b44f9579ee392c5d3493f62e1c99e906cc9df539795b95699721c7bb21d8ff062e9e3986a68deae11ffff57774ebf41a2e93c3756a54c7b99347f0daab4df0f7fffd1fa844be8407fbe2f4312f1e7b09d52a97216fcbe39b05d390961c850b67bd50a97c69d4aa5e0a55c9b75bde6730786057f2ba3cca3cff4fbc3fb23f924c61ca517db2831b4ddcef0ef1da687ce593a0bc9c64383345e89261d4076340ef0e983f6b32bd4a1f04fa5ec2950bc7d0fe8d668cac6623252906d3a74ec04bf5ab2324e03a2e9c394a835919db37af83aff7058a7975acff61191b4810c5b5311abc5007a9297a655c5fa85d03d1e10108f2bb4a419f8c711f0d873e2e0c0be6cec0e80f862122d417c306f7c39c5953e8cdc660f5cac5bcbf364283bc111ce08d91c30760150d686c5410cb3011ad5b3645a0df35ecdfbb03cd9bbcc8ebbfc1c963fb50b9c273983c7134b2328df0f5398f4103bb63f5aa85080fbd812fa68ec53b437bf17f44f37f9b35717f6014167779b7ec16209e2b10f73c3a4f22560eab81914a0cb66df80e2d5fae839e9dda60d592b9b875fd22f4ba08a4a719e95c66e2078a61ef373be1eca9c3b876f90cf7bbe2bd114359dfc13877fa087a76ef40711d0393218a1cf9021ddbb5c691837bb17ce9220a7d2fecfd653bc68f198d4103fa63ce5733f0ce9081387ad80b0e9b05f3be9e899ad52a926b5fd190fad051184da3d70737bd2f61f6aca968f4521decdcb1092914e3299f8da3617e9d5cdacfeb45dc7ba8fcbf5d3c171dde68853dbbb6c087f7f5ecde199d3bb4c3a50b6770f2f861bcd9ad23be983289e9dfa2b1fd1afd7bf7c0e1837bb065d33a3469581f8be6cf66fb8aa173fa0b7af7e88255cb17232ce026c6bcfb0e3efff843b68d5b70dacdaaf7cb9e29efef0d7c9eeee72cd0c4fd7ee0ea96770d6c942e76117af5e583351a5ddb3763dd4e84d91c046b6634b22910b9f24585d30c9b558f9fb7af46b326b595dd080df646a70ead188c0c812e369cc141538a7b3dda9eebf878cc7b285bea9fd8b4f17b1cdabf931cab826387f7c19a91a8b8dcac717d5cbf72967c988517eb5557fb9b7f5c831ab4999b37ad455c74181dbfd6e4f538988cf1cc6f197a74e988a88860448507d389ac8b1d5b36e10c05be4ac5f2080af4a5889bf07a9be6f884018dd8b44d1b97a34aa56770e3da291c3bb2132fd4ad886953c62085cea2d7becda850ee399c38b61bbb7fd980d75a37a4937a9d0eb27c392036dff3b37bfca189fbdd2191bb5d48cfad3309b63457046fd007a255b37a78eee9a7509911d3334fff3f3c454f72c43b7d604a0823b90331f8ed1ee8d7b733e27521f40ccf63d4c881787fc4001ad71f69c46a315a89437c4c3023990578f9c59ad0c70661ddea658cdc6bc0181fce882d8c46f85d759f392112df2e99cde86d30d25275b0d3334e880f456498af12f73a35ab316a3a029f1be7d0b3c7ebd8b6790d02fc2e61f8d07ed8b0763905dc8c98c8008c193d0ca3470dc6a58b2751b37a651cf0daaabaf923c36f62f2a4514ae06fde3c8d5e6fb6c5da350bd98065be711934a389fb83e1dee22ecea323230e368b7487a651b01270e6c82e8c18d40b0d18fd967dee59b46bfb2af6edde8ae4c438ac59b59882dc9706f034a3a8f514d56ed8fad31ad653122c690958386f067af5e880756bbe45ff3e3df03e45d140e7c0614b475eae8dc6310e13c67da8229472a59fc3c409e39092a8872d33995c5a8a7ebdbb2a4730938677c9a23914e3f6e4d35a7cf2f107183f762482e8aca6b01cc78fec5179fff0fd125e378b51596f1c3eb0931c1d8eb1a3dfa741a620649831ebcbc918d8ff4d9ca3833b9f4e80a4b763fb26b691081cf4da85375e6b89258be761ebe6f52c6f77fea71ff95f5271e2e87e746ad706af3679093faefe0eb1217e4863bed6349900471cee24f5da49dec3fefa5c059ab8df0f5c5f00b94696ab416b05efdca5cdb7a7387ebbf80bc4c5de400e237719e7939919c3402482917c22a67efe21a64c1e8db898000a7e860a1cba766a0bff5b57d1ea9526e4d64730c44762fbd675e8d3b3238218804485fba960c66bcf76f2c3844eed5fc5b22573909aa42307131995d7c7c675df61eae4718a0f5728f43ede973163da67e466378404dee2f915cce775da3f7ff22c142fd4a9c6f6b1838ea617a3ef7208f0bd86ab97ce3032af04efeb67549092c57655b37a552cff760eb9b89f625e06c78fee4206f974c06b0b5e695e0f7d19b0ddbc71864e830f1dea208abb56a9c84e000020b749444154893aa689fb9f53dc09217b56aa8c0296199ac4934ba0f006a24ff75658f9ed4c46543158baf84b7aa395e8f9ed843d2b013a12e3b5d68df02f8a7ee58a6550a54259bcd2b42ede1bde1f8be64d43c3fa3568cce5d312138e1cd88106f56a53ec63f1030d77bddad5a18b0984d91481995f4cc0985183101f178499333ec1a8f707c2921e8f5327f652a807a33f9d87d2cf3f4dcfb53a2e9c3b84e0e01be8d3ab1db66f598d407f464d147af1aaf328e0e2708c193d04fdfa74c4c50bc751bd6a45ecdab9569537db91844307b6e2d5160df00345fda5176babf759f979a9eaf33b4ddc1f062236771777f9f2412dfce34c66341a07638c3f92e8b865931bf94e0ba3f393e8dee50dbcd5b707c2437c583f4b19ed74c0f933870bc4bdabea1ecfcc302233dda8a2ee1e5d3b2ac11f34a0178def78d6613a0d5532d253f5740ac355d45dbb4605b479b51123ad41ca5110c3facd8299e8dbaba34a3b273b0d0be77f4983da8951d42a15f54be494914ebed853d5356ff5ed8ae54be732e29fa6ee13a772e8a0fe4c7f82ca2b2f2f93fc5b8cf7460cc4e54b2731fbabcf19c13d45a7e21954285be636be5fb1047b776d56796ddab8120ea6efb0a5a81ea6817dbba17a8532684a4e7e35e56344045e655429ab22ca0c77e278168eda0505e2ae9e6f01eea80f0d85e11277d7e7bdeab345fe5693bf50e007f46d83c50b27411fef433e306a7726c098e04ffb46472b3512133e1e86b11f0d4174a42f5269bfb66dfe01af34ab0fef1b1729964d307deaa7aa475178dabb477bc53371fa1abe580f5b36ad81959cebd7a70b039c854836c7aa573c0d5f7c41f53c0ab74a3ff72f72a514a3f1b2a85ca13486bcdd5b0529ab572ea203db0ed111fe888f0da18857a333e8c5b6728ae25e0181be5771e9fc31de530efebe97e0a47db35a0c14f72a9833fb731c3dbc83bc2b85ab974fa8e3b9ce34acfc6e0eead2f6962ffb0c9a34aaa9a65e96d7adf99ab8ff79c5ddf5299c0970d28bb3ebd5276809067f1a9dd7f0c3ca59c84c8b44a2390c633e7c0b0d5eac44510ea1e7e78d2183ba61ced79fd15019d57bece8f01b34ac41f45837a25183aaf43a6f20991ee59c59939427ebb027e2d8e19f49ee2a8cc04fabf7ddef0eeb8391eff4466242181bd9548c7a6f0022236ea26bc79668d3b23e264f1c851fd72f43dd9a5549eca308f2bf8c9edd5a63f3c6e5080bbe827706f7c49285d3e94418114aa3388ee23e71fc089c39b11ff5ebd6a081dea3de2be5d84df0f339c906f32a3dec3634d46d68ece3782e1e5934a24f2eb91f0714159f82f6e08edcb313e87c99d4e0b79b578ee0e30f0662f6f4f18c52a3604b93c13f09f88ed146df9eed71e5c251ac5a3e0fdd3ab5c299935ed8bf6f2bfabcd90eab572c605d25323a31a9f7f3f23e7ed70e0a3fb7ef0e7b1b7151feaac727313146398a13c78fe67d9db07ecd1295ee97d327202d250e0be74ec39b5d5fa393ba07398e14f52ebd7fef8ed8be7935de1f3198690d20c7aed0c134e000f3eed7ab0336927f8be64f57d79d3bb51f5fcf9c848f3e188c9b123199a33177d66495c729a6b96ef562f2b92f23f6ad34aa094866790cba10a4a7e8b075d34a72b72d76b2dcf9ce74de1be52a378dbe212a18d33e198d9e1d5be1d4d15f28443237800c4494c954dc9f7bbae116771a335ea389fb3d50f09e5d2277993343445ecd0a47915f34773c6d4e4f5cb9b40f0e3e4f4bbaf4b66c50af674e9fd84df1fe900edf48f8dd3cab8295e54b662b1ef8dfba84562d1a63caa4b1302544d1395ca938e073e32c928c913cf722766cf90119acf75edd5f576339cc8670c433a87949a2fadd5bf0c5e76331fafd416aac87d39e8cd8483f98f4747ac9f3b5df7f436781917bb80f0c71c1a857ab9abae7d8a19f51bb7a59f8fb9c4764e84d46f495c8bbddb05b0d30ea83183855c48eaddfd3ce6e57e2eeb56713ec36234c8660dae64058d26219f11f46b3c6353061dc30a4a644b9066f3eb11cd2c4bd5808c9e5b30ae5d5cab7bb4ebdfaaeb257b7e6d8b0660e1b453c23a62804fa9da6b897c58ce96328f0c1d8b07e31ead4ae826347b7e3eca95d78add50b14e2258cbeaea0d52bf55477d7d143dbd0b2791d34a85f9b11b41e470e6e479d9a55f013c5f9a0d726bc54bf02467fd09f4e403816ce9bcc48ac137c7dcea8a86bfedcc98cae8fa163bb262471657aaa5e080a38cf48ae3d664c1ba3f2993d733cdab57d198719956fdaf02d23b5fa8c90d6e3f285038cf62bb1d12d611426abc89911157e05d33eff10a59fff078dfd68f5999dd5e29aacc7d373d15052142fee12815a92c2e0b0c6232d29020b674f41e3fa35b17cf157d053888f1fdc81dedd3bd0311ba9c472f3c6ef30f4ed1ed8bf7733ae5d3a8e31a30663d05bdd94b06e6184ddf18de614d889b0528057af5c80d7dbbc8c1f372cc78ae55fa353fba63c36175f4cf9082387f781efcdd3e4d5e7e44c079c3beba5ae79fb2d8af4e9bd14dc688af654a6dd0517ce1d6434354ff53eadfc6e3e6e5c3d8377dfe987c103bac3c7fbac8a86c4a85f3a77189bd62f47a776cdb172f97cf5daa7dd6b4dd1bd731b0ac4119c3be345c7b12d23fb0fd420a605e470e70ecd687057295e0e1ad019bffcbc16ceec44e504f7ebfd06562cf91a71a1be983d6d02de1bd20bd7cf1f5023afa54b5e96aa95256bef7cb69ab8df17e493dd8277ed12c1cbec816a021b1ef7beba1fed5f6bc0c0a53f6e5c3b8c93c7b7a1fdeb0df0e9f8218cc0bd71fcc836da915af8e1fb4514c56368def8254c183b127a5d3023f8c6f88c0e992e3a8091f93cd56b1919710bc1015751bf4e4decdbf51352e9c0f6eef106dab66a884b178f63ce579f51f8ebd35eeec321af6d68daa8167e5cf72dae5c3c8ce143df54f62926f2267ed9b18676af19f3df412e1e65705491ede1475e7790b6b122b9b411b62c23ba756989c103c9dfb3fb15e7ebd62a07ef6b2798fe1e46f5a568070f213b3b89dcfe1a6d5b37a0fdddc620e7acda5fb97c36db40840ae89e5c0e69e25e2c24727752d0b3d2435d93c3703fc4ff24460eeb4c63ba880dc2ac26b949340752d83f42f3662f215a267b3007f1f76854285f4a916ad4fb7d1013750359561d0dd77ad4a8568aa25c8a8da3029a37a985f4d448242586d11b1e8df2659e57ef8b06f47b03933e79879e6520e6ce9e80af678de735a1ca20572c27f75642cfeeadd0a2697decdaf93d1278ddd4c91ff0f74b24ea4f888eb88ea183ba29228bd33063da68583362e9081ca453f1321beb76c88221794e1332d2c2b17eed02346d5c8b0df920b249e8e4c4207acaf24ed3f3b3d15012dc3b72574bf6daf4c860ddeaa3bcb171f57c347ba9262a33baa853ad0ca3e63eb87af1086cd6045cbd7c14fdfb76a34876c1e5f38728f047c993ee6ab4f28b75ab60d6971354af8f83c6cdefe6191ae681e45f058515cb663252f6a3b88ec1c763dfa581be8993c77660ece8813498dfe3bb655f52f47bc2fbfa31f23a49cd2f3f72782f9c3fb38f515308562efb5a8d742f5ffa79f4e929dfb51f203f4c6a0df80fdf1b80eb578fab7795f3664f52af8a9a35aa8d664d6a62c4b09eb87e8586d46e204f57d3d16da438debc495d6c5cb71069c91211fe4887e14decdcbe8aff5387543a3c4b164d51afb02a957a1e2d1ad6e173f986d7ca5ce36657d42edf3fe7c8332efc6c3571bf5fa8350ba47b5e227877b73c855e66a4dbf6d337e8d1b531aa552d836a559ec7c8116f2224f81ca3dc08d57bb26cc974da9b5ab447cf63d86019057f8b751443a7ed0d2c9a378311791876ef5c8b2103bb2324f0321dd600f59efd089d563bf92ca3d95b36ab8d6a95cba17ddbc6d8b7fb47645af4cc3f0d6b56cd43e386355594ddbae50b14de53c8cad4c1ffd6693a0f2f63387975cbfb04cf35513d97890caa86bcdd597dcd11e47f0161c197e8307664da65797d1d9663350396388afd5ef2b31ef9eb45019769984d8cd487d04656507975a75360328620d11844c7877cd2c4fdcf29eee2d15a92036950e493383e1c99e6d5a983cd224baeca420591c861e50bd4a40979343c7c90b94e23ac99312a024e97d9e4f29379cc8c8cd40818f57e30c4fbd18b3cacbce2e143bbaa2e70399fc568d96193b44c3ca6a3075df08d3d91c3c6949a2473cbcb348b32c3970cc2728d5e95fb241f50ac9d140c4b1a8da008873a2f2b7ec93bd0149639898651a7ae175177d8e260cf8a85bfdf29bc3bbc07ba766e01a3c187f71978ad01b2129da7e7a2a1a4284edcc913d685cc2720dd7fea7b726e650027584ff93974bce4134c1a1f67b659752f6659644025eb353f956d8b75ed90350e52c80d93427e2e79c6ad40ee57e965eb29ac32d5ac4c91cc3cf85b78213cb5c9dc063c6667196c520e7242ae75d8e8d4cabd522ee62fe9e5b10cd9ccdb9125c7b86fe77d564953ca46e78411b5c346beb26c52465b26236bf9da2257b81ce76a17e46d16db85836571301f1109d94afeb2cdcf4f546593fce53bea7c67921a8b60b350a8f352919511c3c83d8c79f21e72335b4db12cd1bb3b82d7c4fdbec0085d26e792e7295df34ae8794c26c752829f473bc67db163996a5644e18f81d7bbb92133111a598f51ac2f46fe7623eb5a6ca42c3a944c088fcd8aa7723e4fb8caade210ed92f4e42c9a3f5939a4725c386db792abc27bf257ec9870c69a21d328931fb46f3243a8e46f6140929e1a7efbbc4c9e24e591991b8563ae6b5c4e488e7cf5a4b8ed2ab37c0125f7481924cd643ad66a7c91b295f1e4aebc8e95e58eb5c89dc2fee7147797b1700f8892d99864263192be0079fc7f6e21b4d9a295c067cbe01325aa6c1096285723200145ac037c4fa16deb17e84d3e4b4ff139f4efd316410167d5f5766b9cabf1906469c962c0a4b148e363a3936e4892d3265de53c2e4290475197733207b800cc4320e7e5b74cd8a0c84e423bd900a59b5d1c01d7e43412350ae18df470cfa3778f57d1e6959770f2e826925cdeb7cbdcd114053585ada7e7a2a164282cee1ece2b911711f20cf5ce4fea49edd328ddef56849cf93c18e45e4109f3f2b47dd8fc99061ce4b582ec8bb19567ea7eaeeeb6a989fbef018f75227cb81b54bdd306dd01f7f1df6e470eed81c5f327c118e75b609b447c65c63c7152b9cffafb6d194a8a42fc7d60787e2e4f063471bf07ee22eefc5f0299e25556e7ca65146f61346f36fbc149114e490e61a49ca8045e445ba0a2268aafbca397085e177bf376446f93f3055bf9cc472091b5408ebb055eba2445e03328fe22dc3227b85ae0239ff7f09c127e958f095689de550391eb742a1d99fc43443f9bf7c94c746a92067ae5b268895a5484513cf2652e7d9639339cbfb56ef9874349c45d84c8335cd3673e0c3c19bdfb85a7744b0a4fe99514bc9ffc05f9eb825bacddcff3d7767987b8df7ea69ab83f2cee5a2f8f08caa6d1fea81ecf2cda1ce95154bf693b59876a7d0e8f65b81f78cebb64f0fc5c9e0c68e27e0f1436ce05a27e5bdce315f91cb618d865500ac5d54272269a835537968d6415a1cf4c97f5d629d0d2f5285d9fe2954a978f0838c55ebad76d12998b30f3b7eccb4a70ce6c937202d45adb146399ff3b8ff72827402278b99f798a0320e7ad14eb548abe4c0daac45e9c04e6936b37aacf879cf48aed16b7f3905820fcb25ca73829aeffa2d61697653be9b064a68533ed8758d54ec343e34e23f517c46d9116c8bedbd92e2cec85c45dcedf710f9fa326f00f0c8f75f208a1ec17b7d956da4f79dfcf2043d921abd8bc82c5b78adcf347c3d3737932a089fb3de041dc6f83e424a4fb5ade431913fc3069e270bc58bf324cc60064d3b8e41444d132f2d2e960449c2def1c7530250450381329ec14d71cb33a9f9f9f4267c04c47c1f5cedd924e2f3697626ea727cb4620ef5d33d4dccb06d832642629bd8ace45bc65dee488e04b98397594fafe5e22748745967064fef2fecae97a176b4d93c546d878e828a425852a27403ec59251ff6a011a8ab94c0c220d4ddec1c992a39e9f8b864703e1d7dd21df713f3c7e6bb04a0e4fe9dd2f3ca55b4214156ad50edd822ebd4a82c2e2ce6b6e5f5ff83e0d0f028f75a2e0a99eef1f6a99606b94da8a90cbd69a1ea67a11d52a701ef3be1f78cef77ee0e9b93c19d0c4fdbe7027715c91af74b567a447aac514ba76698e575ad4c2e69fbea5b82730424f720d82b2c623d91c41d10f85213e1029c95114f104c8e8f5b49428a42445a86f2d23c3ae31d28f8585222ca346cdc61018e302608af547b23e04d91619e42783534c30e90291688a509f9464dba567c008438c2fac99f28e3d1169e648e6190943941f62426f205706b8e4a5f05a2352cd61bc370c664320528d416a321587f406484f02b7b20ca8f422c842399e9e83864705311ebf3a8fbf0f3ce55b52784aef7ef090c65189bb1b92963b62175197f1209ab8ff7b50b49e1f0cf90c8cf2f3c48ec622cf2eaf3d793c9775eda47dcda1b8aa3af7947f49f1db3cef0f9ab8ff79c55d198b5fa15689e371b7b83bedf1c860f49c4321bc78613fca977b1e0b6595ac7eed19b59b61a5b067a6c7e196f7293479b9262a952fa3be377fa14e391c39b44d09f8b6cd2bd0b8a12cc8f1acfa0ce3d68d53888bbea52688285ffa3ff1cacbb550a9d4d3e8d1a105d229d6b9d929f0bf7e0aaf36ae83b2fffa075a36aa89c37b362132f00a468fe88fd9d3c6c1922cf3942f43835ae550b3e23378b3634b754f564a2c4e1fde81d6cdeaa1ec33ff44a317aa62cbfac58cd40dac37f9ac2f1139744a2c8ceae51b4f1970e7f1b968784888d11014352622528f120fdbfe1eb64c0f691cdd6d4ffd96b2b8a3760a7b8e88bb5be0252f9e57d76be2fefbe1d1f2d69a16025b46189c5932fe475e098ad84bc4ae832d3d547dade4b91c2545d172de2f1e92bfff5668e25e3c8a180b35d2d33d929222289079e7e5fbe1d9b3c6e3fd917d1119e9a3be5d0ff4bf40b14c852eda1f6ff7efa226fa3019233061ec08d4a85201d72f1f57b329d5ad590e33bf188fd8485f352b9dcc12a68b0bc2b8d143d1b4610d1cf5da86a3fbb6a251bdca58b76201cc71c198f6e928bcd6bc3eae9d3b8c0f86f5c524a6a90bbf8589638663e69471f0b97e064dea57c382599311c7e3933f1e89ae6f3457d39baef86626bab46b8698706fcc99310e3d3bb74054c815c8643632a18a2d8d0d4d2dbb98c088fe09afbfc7169e0ca4408c995bc01e05244d4ff9971472bfa7744b02f92f8fca38ba9f973b6db7b07b127789f2dd6d56f68ba6a5e1c12175e00985ebfd3e90cbe83c9fb686db3c47341c963042449d3ac2e8dd7319ee079eca7a3fd0c4fd4f2eee62205c06c3f519871b22ee26e4e6242134e832faf47c5dcd04e7ef734109f94f1bbe83c36a4248e035d4aa5616674e78a9491dfc6e5e40cdaae571c86b2b0e52b46b552b8fd3c7f7c2181f86e3877fe1ef8a38b07733664cfd189d3bbc42e7210d217e97187dbf8aed9b56223af426de19f4a612f23c7b12cb900a993f3e3ce00ade1bda5b09fa81dd9bd1a0760ddcb87c0286d8106cddb012cd1bd4c6f993fbb074de97a852ae34a64ffa5075f9a799d898ecb2ea18a37619f09723df4bcb803b3a2eb62799dc8f33ee26ee02b7c03fecd69d9ea7fc4b0ab9bf247979dacabd8f8a3feeffe22e4f51487e0579ddd1660ba7a1e1e151b81e8ac25d0ff7b3d5213b331cf68c50a519c8a343c6b4f2258a7f24dcf154cefbc1936cff34712f1994c1704703ee4f73288214c56cab11a78feec1537fff3b4affeb9faabbbb0cd1b55d2be438d2111c781395cb97a5807bf179a4e2d68df3e8f8460b0af96eac5eb110fffd7fff179e7dfa693cffafa751a1cc3fd1a4e18b387164173e9ff811c5bd25b2798fac933cb87f576cdeb802fedee7d55ccd73677e86cc743d721d29b0598c888df0c307ef0ec0a763dfc5961fbfc77ffec77fa0f4334fa30ccb548a68dda219027c2e43171180a993c6a873552a3c85c1033aaa999a648c407a6a84ea9acfcd96efe465453c6980459e8586df196ee17fd8ada7b41f0425c9cbd3d6535a8f02927e51fc9ef9692819dcf5f0a8b69ef2d0507268e27e0f08c90819d8713b1a708bbc5189bb392e10533ff900b3a77dc2ff9e09a73505be57cea36df346b874fa30826e5d46d3976be2d8e15dc8b127e3dca9c314d5724adc0fefdfa1a6d8940510d29274b050a41313221143a1fee2f38f5517bd254d8f88701f350ff386b54b11131d80416f75c5b0c1bd28c8c9b0a4c6ab55e564adebc99f7e8045f3a761e9375fa179e306aa37c0919984acf444a426caac5e89c8cc302135493ed98bc2f2a55fa26debfa58bd72162cf2ddbbcc266663bde5c888fd7838b4efdc3568d0a0e1098426eef780db932cf0266f77f9b9043edf6e424ca42f3ab76d8ad3877f4156723cb2d38d30eac23176e4106cf87e29126283f1def07e4a9c2343bdf1c9b891a859b5324202aeaaf7ee4d1ad6c467740e42436ee283916fa1c3ebcd1016740d53268d46970eaf20cb624058e875f4e8d20adfaf988ba4c468cc9e3981a2dc502d76f0f198e178e3b5c6f0f53e4bc1ef8e4f3e1e8100ff8b6adee6afa64f40b0ff757c396d22dab46c8e40df4b740046318fa6f0bf7501a74eecc12bcd6a62d7cfaba0a627954fe1ec71c871c4c16167d42e23573d3e170d1a3468d0f0f84213f77b40c45dde0fb9716714efc888c1c9435bd1ab734b645074f3b353819c34646518b17beb5af4e8f02aec1906f8fb9cc5ab2d5e44f932cfa259e33aa854ae0c8e1edc8e2c6b02f6eff909edda3646a9679ee63575e1b57b137431be8cdcc7e09d213de0709871f9e201b57ad7964dcb20dfac07fa9d438ba6b551ead97fa0e18b757078bf2c14e38d4fc70fc377cb66213d35063f6dfc162d9bbd80679f7e0acd1ad5575dfdd674bd721c7a766f8372a59f428daae53167d6c790d5df72b20dc89015f0720db06745c0c9fffb6806b568d0a04183863f169ab8170377d42eef9ddd1081ff358acf97685706a1c9e21a3949c8ced0733f19793633ac293cee4c450e05dc9212055da40fc2022e62d19ca968dce0051e9385659228fef1b065f099713f2b3d0ef9f9698ca093d5714b4a243253e934e425338a4e86d391808c6456585e229c32b98dda1a919ecc8acb4d825346b9b32cb200421ecfdb99aee46f979596b2e5bc91f593c863f16a463bbb2d1e49c60015b13bedae4f517229e80e8a7bae5307875a98439e83a7e7a34183060d1a1e4f68e25e0c44d444cce5bd7361fc1ac5cb77ef32fdab2d2d1269e61035ca3c3b53e69117718fa2c01aa18ff6c18723fba0ecb3ff836a15ff1f9a36ac82fdbbd7aa296153ccc114e2240a3a1d02de2bf3bd8b20db2c14da7c59c54d165390399729f032073ca36b9973d925ea14ff8255916e9fcf35318d483a00a1147303d396a9648dfc2d4b6526412d18c3eb656bcb88e2fd618cd8f5c8cae0f5b932db5e2c859d24e0363f977597e376663c3d1f0d1a3468d0f0784213f7625048dc65c28cdb9366b8a378fe4f46bb3207727ebe5909a944f2b2708b5de69367142dd3cdcae208b2da5b6a6288cb1190e50b6df2c919a368592081229d2533c21508b99af39dc2ecc88c61e41e4691e6b5b2f29c43e65c8e86354d06c945f17ee6956ba4d8cbf2840664cbfcf64e839ac251d6669673323dae4c819b49e74366d213e1973c5c8e80514d316bb7080164611946ec568abd8d517b36afb3f338055f13770d1a346878d2a0897b31281cb9bb85bdb0b8bba64c7458a294a866240551b8230046cfa038ab055d6411188a76ae83cf21cfac04da6195b5d4652d78de2783d744e8731328bab1dce7b3731a553ab24a92aca72c5332e65164736c742272f5145de69d276b1fcb3ccc21c8b284f11e3dd38d502bb9c9b3cfa350cb7eae83ce87ccdb2cce8295ff854e486e8ec1e52058e9203865dd6ee6cb3c2c69813c4f87242706b64c7144a43cd22daf89bb060d1a343c59d0c4bd18141577b7a81785fcc7a2907bdd69783a5f5248fe9ef22c29e47e29c3ddca71b7f40bff67b9aee8b3d1a04183060d8f2f34712f066e712f2a7c4551582c0be361855df0b0e22ef094ae1b25fd7f9e9e8f060d1a3468783ca189fb3df02804fa61f07b8b7b49e0e9b968d0a0418386c7179ab8970014787967aebe6f2fd8de217ec5405dffb0a0c03b28d20f0c4f691607f7ffe47f17787c261a3468d0a0e1f18526eec5c32d700a7c40776c094ff714c6ed7b1f046e917d58784abb3814f99f9efe97060d1a3468788ca1897bf1502267b80b0a897c61fce6fe87c5c38abca7348bc02ee07f2a0af98f85ff8f060d1a34687802f080e29e7787b85fa5b08bc0fb511024b158261a436117c83b63e9c67e02a1445520222e42e786fcbe1be4a1164d83c7ed0f02a675bb0c8f101ef312f0bfdd011e53e2cf7b0aff270d1a3468d0f0984374987a4c282db18651ab2f1488fbf10271a7c853dcb328ee3a117747fa0de4665e466efa39e45be9095828f4e9026fe4db829928a37777a202c7930cf17a04d1451045b8cf15c65dd2b03f2878ff2387a77c04fc5f77c0fd1f798f060d1a346878a2705b876d31d4ea608a3b355bc43d4dc4fd9412f97ccb2958930f2126c20b7fb3a5dd8423fd32c10bb3ce318a3f5b000a7cd6150afc4d26e88f7c2713cb21ec3e048ffd9521cfe44984a7ffa24183060d1a1e73507773c2a9c58435107919379097469d4e3b81fc748a7ac67138538f22d7720619296711137982917b9a379c962bc8cd384b713f0367fa21e4a41e4076ca41d8e901d8930e1347604f3c0687f9281c262f649bf669d0a04183060d1afe00384cd463d3696419cfc09a700c56037f1be4dc6ee426ed465eea5ee4a61d6450cef3c9e728ee27f1b7dcb4eb80e522c37a86f79683c8366fe30d3fc191b00136c37a58e3d72343e742a66e1decfa0d7068d0a04183060d1afe10d8f53fc216bf0d99f1dba9c95b9015ff238f6f84933a9d6ffe1148d90aa4eea6969f60507e0abac863f81b18b5c3c2a83d753ff2527e46b66135f11df12db1040ec2aee73e916358867ce30a0d1a3468d0a041c31f858495dcae451e919bf03d72f52b90a75f8e7c0361e239f30fc84fd9c120fd1072924e2021e2a888fb65e4679c449e693b6fe28dbc38cff00d6f9a47cc01120893602e1399cf6382051a3468d0a04183863f0a09df508f09d1603df558ff35318722bf80584a81dfc808de0b4ed35198c28ee06ff9a91718b11f8693a1be53bf86897c4750dcf592c06ceecf62a26e303103135502af4183060d1a3468f8a380847900851d147618088a3bf48bb82fbabd01f9897b9163380a6308c5dd693e839c8483b0c76d458e7e233d8035c88b67f41ebf04b9f10b89f9c8a5d0e7d173c8332c229610df6ad0a04183060d1afe30303aff0d9611ab8875c88edb442ddf0f6bfc5118828fe16f19f1a791a13b848cd85d70e87752e437c111b79e17ae25562347b78651fd0f14f8b5701ad6c211bf16f6f8f51a3468d0a04183863f08cef80dd4e18dc8d5ada32eaf557050a71d711b608bdd024bf4cfc8d21f43baee0c74c1a7f1b784a8d3d0871d8231cc0be6f0dd480cdb89a4b01d4809db5608db914c24118982700d1a3468d0a041c31f831d480edd8994d05f889f0be0d2e4246ab6296c1712238fc0107e0cf111e790921088ff0f099d5d39ff0554820000000049454e44ae426082, 10000, 'intermedio', 'primerSemestre', '2022-01-31', 'Curso mate');

--
-- Índices para tablas volcadas
--

--
-- Indices de la tabla `producto`
--
ALTER TABLE `producto`
  ADD UNIQUE KEY `id` (`id`);

--
-- AUTO_INCREMENT de las tablas volcadas
--

--
-- AUTO_INCREMENT de la tabla `producto`
--
ALTER TABLE `producto`
  MODIFY `id` int(11) NOT NULL AUTO_INCREMENT, AUTO_INCREMENT=4450;
--
-- Base de datos: `juego`
--
CREATE DATABASE IF NOT EXISTS `juego` DEFAULT CHARACTER SET utf8mb4 COLLATE utf8mb4_general_ci;
USE `juego`;

-- --------------------------------------------------------

--
-- Estructura de tabla para la tabla `contenedores`
--

CREATE TABLE `contenedores` (
  `id` int(11) NOT NULL,
  `nombre` varchar(50) NOT NULL,
  `imagen` varchar(50) NOT NULL,
  `descripcion` text NOT NULL
) ENGINE=InnoDB DEFAULT CHARSET=utf8mb4;

--
-- Volcado de datos para la tabla `contenedores`
--

INSERT INTO `contenedores` (`id`, `nombre`, `imagen`, `descripcion`) VALUES
(1, 'Contenedor Amarillo (plásticos)', './img/contenedor amarillo.png', 'Todo tipo de envases y productos fabricados con plásticos como botellas, envases de alimentación o bolsas. Las botellas y envases de alimentos deben ser enjuagados y entregados secos.'),
(2, 'Contenedor Azul (papel y cartón)', './img/contenedor azul.png', 'Se deposita todo tipo de papeles y cartones, como cajas o envases de alimentos. Periódicos, revistas, papeles de envolver o folletos publicitarios entre otros. Es recomendable plegar correctamente las cajas y envases para almacenar la más residuos.'),
(3, 'Contenedor Cafe oscuro (Desechos orgánicos)', './img/contenedor cafe.png', 'Se depositan restos de alimentos como pieles de frutas, espinas de pescado, plantas, cáscaras de huevo o posos; o servilletas y papel de cocina usados. No depositar objetos de cerámica, pañales, colillas, chicles, toallitas húmedas, arena para mascotas, pelo, etc.'),
(4, 'Contenedor Beige (Cartón para bebidas)', './img/contenedor cafe claro.png', 'Se depositan todos los envases de cartón (treta pack) que contienen refrescos, leches, bebidas alcohólicas y alimentos.'),
(5, 'Contenedor gris claro (Metales)', './img/contenedor gris claro.png', 'Se depositan latas de conservas y de refrescos. Deben ser enjuagados y secados para su depósito.'),
(6, 'Contenedor gris oscuro (Restos de residuos', './img/contenedor gris oscuro.png', 'Se depositan los residuos que no pueden ser reciclados o que el mercado aún no está establecido.'),
(7, 'Contenedor Burdeo (Aparatos eléctricos', './img/contenedor purpura.png', 'Se depositan electrodomésticos voluminosos, audio y video, computación y electrodomésticos pequeños.'),
(8, 'Contenedor Rojo (Desechos peligrosos)', './img/contenedor rojo.png', 'Son considerados para almacenar residuos peligrosos como baterías, pilas, aceites o medicamentos.'),
(9, 'Contenedor Verde (vidrio)', './img/contenedor verde.png', 'Se depositan envases de vidrio, como botellas de bebidas alcohólicas, refresco y agua. No usar para cerámica o cristal.');

-- --------------------------------------------------------

--
-- Estructura de tabla para la tabla `material`
--

CREATE TABLE `material` (
  `id` int(11) NOT NULL,
  `nombre` varchar(50) NOT NULL,
  `imagen` varchar(50) NOT NULL,
  `idContenedor` int(11) NOT NULL
) ENGINE=InnoDB DEFAULT CHARSET=utf8mb4;

--
-- Volcado de datos para la tabla `material`
--

INSERT INTO `material` (`id`, `nombre`, `imagen`, `idContenedor`) VALUES
(1, 'aceite', './img/aceite.png', 8),
(2, 'arena de mascota', './img/arena de mascota.png', 6),
(3, 'bateria', './img/bateria.png', 8),
(4, 'bolsa plastico', './img/bolsa plastico.png', 1),
(5, 'botella de vidrio', './img/botella de vidrio.png', 9),
(6, 'botella de vidrio bebida', './img/botella de vidrio bebida.png', 9),
(7, 'botella vino', './img/botella vino.png', 9),
(8, 'caja', './img/caja.png', 2),
(9, 'cascara huevo', './img/cascara huevo.png', 3),
(10, 'celular', './img/celular.png', 7),
(11, 'ceramica', './img/ceramica.png', 6),
(12, 'colilla cigarro', './img/colilla cigarro.png', 6),
(13, 'envase carton', './img/envase carton.png', 2),
(14, 'envase de plastico agua', './img/envase de plastico agua.png', 1),
(15, 'envase plastico comida', './img/envase plastico comida.png', 1),
(16, 'envases de vidrio', './img/envases de vidrio.png', 9),
(17, 'envoltorios', './img/envoltorios.png', 6),
(18, 'espina pescado', './img/espina pescado.png', 3),
(19, 'folleto', './img/folleto.png', 2),
(20, 'laptop', './img/laptop.png', 7),
(21, 'lata conserva', './img/lata conserva.png', 5),
(22, 'lata de atun', './img/lata de atun.png', 5),
(23, 'lata de bebida', './img/lata de bebida.png', 5),
(24, 'lata de cerveza', './img/lata de cerveza.png', 5),
(25, 'manzana', './img/manzana.png', 3),
(26, 'mascarilla', './img/mascarilla.png', 6),
(27, 'medicamentos', './img/medicamentos.png', 8),
(28, 'medicamentos 2', './img/medicamentos 2.png', 8),
(29, 'pañal', './img/pañal.png', 6),
(30, 'papel', './img/papel.png', 2),
(31, 'papel de colores', './img/papel de colores.png', 2),
(32, 'parlante bluetooth', './img/parlante bluetooth.png', 7),
(33, 'pasta dental', './img/pasta dental.png', 6),
(34, 'periodico', './img/periodico.png', 2),
(35, 'pilas', './img/pilas.png', 8),
(36, 'servilleta', './img/servilleta.png', 3),
(37, 'teclado', './img/teclado.png', 7),
(38, 'tetrapack desconocido', './img/tetrapack desconocido.png', 4),
(39, 'tetrapack jugo', './img/tetrapack jugo.png', 4),
(40, 'tetrapack leche', './img/tetrapack leche.png', 4),
(41, 'tetrapack leche 2', './img/tetrapack leche 2.png', 4),
(42, 'vasos plasticos', './img/vasos plasticos.png', 1);

-- --------------------------------------------------------

--
-- Estructura de tabla para la tabla `puntajes`
--

CREATE TABLE `puntajes` (
  `id` int(11) NOT NULL,
  `idUsuario` int(11) NOT NULL,
  `puntajeMax` int(11) NOT NULL
) ENGINE=InnoDB DEFAULT CHARSET=utf8mb4;

--
-- Volcado de datos para la tabla `puntajes`
--

INSERT INTO `puntajes` (`id`, `idUsuario`, `puntajeMax`) VALUES
(16, 18, 0),
(17, 19, 45),
(18, 23, 0),
(19, 29, 31);

-- --------------------------------------------------------

--
-- Estructura de tabla para la tabla `rendimiento`
--

CREATE TABLE `rendimiento` (
  `id` int(11) NOT NULL,
  `idUsuario` int(11) NOT NULL,
  `idMaterial` int(11) NOT NULL,
  `frecuenciaJuego` int(11) NOT NULL,
  `frecuenciaIncorrecta` int(11) NOT NULL
) ENGINE=InnoDB DEFAULT CHARSET=utf8mb4;

--
-- Volcado de datos para la tabla `rendimiento`
--

INSERT INTO `rendimiento` (`id`, `idUsuario`, `idMaterial`, `frecuenciaJuego`, `frecuenciaIncorrecta`) VALUES
(801, 18, 1, 0, 0),
(802, 18, 2, 0, 0),
(803, 18, 3, 0, 0),
(804, 18, 4, 0, 0),
(805, 18, 5, 0, 0),
(806, 18, 6, 0, 0),
(807, 18, 7, 0, 0),
(808, 18, 8, 0, 0),
(809, 18, 9, 0, 0),
(810, 18, 10, 0, 0),
(811, 18, 11, 0, 0),
(812, 18, 12, 0, 0),
(813, 18, 13, 0, 0),
(814, 18, 14, 0, 0),
(815, 18, 15, 0, 0),
(816, 18, 16, 0, 0),
(817, 18, 17, 0, 0),
(818, 18, 18, 0, 0),
(819, 18, 19, 0, 0),
(820, 18, 20, 0, 0),
(821, 18, 21, 0, 0),
(822, 18, 22, 0, 0),
(823, 18, 23, 0, 0),
(824, 18, 24, 0, 0),
(825, 18, 25, 0, 0),
(826, 18, 26, 0, 0),
(827, 18, 27, 0, 0),
(828, 18, 28, 0, 0),
(829, 18, 29, 0, 0),
(830, 18, 30, 0, 0),
(831, 18, 31, 0, 0),
(832, 18, 32, 0, 0),
(833, 18, 33, 0, 0),
(834, 18, 34, 0, 0),
(835, 18, 35, 0, 0),
(836, 18, 36, 0, 0),
(837, 18, 37, 0, 0),
(838, 18, 38, 0, 0),
(839, 18, 39, 0, 0),
(840, 18, 40, 0, 0),
(841, 18, 41, 0, 0),
(842, 18, 42, 0, 0),
(843, 19, 1, 7, 0),
(844, 19, 2, 5, 1),
(845, 19, 3, 7, 0),
(846, 19, 4, 9, 1),
(847, 19, 5, 4, 0),
(848, 19, 6, 5, 0),
(849, 19, 7, 7, 0),
(850, 19, 8, 10, 0),
(851, 19, 9, 7, 1),
(852, 19, 10, 8, 0),
(853, 19, 11, 7, 0),
(854, 19, 12, 6, 0),
(855, 19, 13, 7, 1),
(856, 19, 14, 8, 0),
(857, 19, 15, 9, 0),
(858, 19, 16, 8, 1),
(859, 19, 17, 8, 0),
(860, 19, 18, 11, 0),
(861, 19, 19, 6, 0),
(862, 19, 20, 8, 2),
(863, 19, 21, 8, 0),
(864, 19, 22, 3, 0),
(865, 19, 23, 8, 1),
(866, 19, 24, 7, 0),
(867, 19, 25, 10, 0),
(868, 19, 26, 8, 0),
(869, 19, 27, 5, 0),
(870, 19, 28, 10, 0),
(871, 19, 29, 5, 1),
(872, 19, 30, 7, 1),
(873, 19, 31, 7, 0),
(874, 19, 32, 11, 0),
(875, 19, 33, 6, 0),
(876, 19, 34, 6, 0),
(877, 19, 35, 10, 1),
(878, 19, 36, 5, 0),
(879, 19, 37, 9, 1),
(880, 19, 38, 12, 1),
(881, 19, 39, 4, 0),
(882, 19, 40, 5, 0),
(883, 19, 41, 4, 1),
(884, 19, 42, 14, 0),
(885, 23, 1, 0, 0),
(886, 23, 2, 0, 0),
(887, 23, 3, 0, 0),
(888, 23, 4, 0, 0),
(889, 23, 5, 0, 0),
(890, 23, 6, 0, 0),
(891, 23, 7, 0, 0),
(892, 23, 8, 0, 0),
(893, 23, 9, 0, 0),
(894, 23, 10, 0, 0),
(895, 23, 11, 0, 0),
(896, 23, 12, 0, 0),
(897, 23, 13, 0, 0),
(898, 23, 14, 0, 0),
(899, 23, 15, 0, 0),
(900, 23, 16, 0, 0),
(901, 23, 17, 0, 0),
(902, 23, 18, 0, 0),
(903, 23, 19, 0, 0),
(904, 23, 20, 0, 0),
(905, 23, 21, 0, 0),
(906, 23, 22, 0, 0),
(907, 23, 23, 0, 0),
(908, 23, 24, 0, 0),
(909, 23, 25, 0, 0),
(910, 23, 26, 0, 0),
(911, 23, 27, 0, 0),
(912, 23, 28, 0, 0),
(913, 23, 29, 0, 0),
(914, 23, 30, 0, 0),
(915, 23, 31, 0, 0),
(916, 23, 32, 0, 0),
(917, 23, 33, 0, 0),
(918, 23, 34, 0, 0),
(919, 23, 35, 0, 0),
(920, 23, 36, 0, 0),
(921, 23, 37, 0, 0),
(922, 23, 38, 0, 0),
(923, 23, 39, 0, 0),
(924, 23, 40, 0, 0),
(925, 23, 41, 0, 0),
(926, 23, 42, 0, 0),
(927, 29, 4, 2, 0),
(928, 29, 14, 2, 0),
(929, 29, 15, 1, 0),
(930, 29, 42, 6, 0),
(931, 29, 8, 7, 1),
(932, 29, 13, 7, 0),
(933, 29, 19, 3, 0),
(934, 29, 30, 4, 0),
(935, 29, 31, 6, 0),
(936, 29, 34, 3, 0),
(937, 29, 9, 6, 0),
(938, 29, 18, 8, 0),
(939, 29, 25, 5, 0),
(940, 29, 36, 4, 1),
(941, 29, 38, 1, 0),
(942, 29, 39, 3, 2),
(943, 29, 40, 6, 0),
(944, 29, 41, 2, 0),
(945, 29, 21, 4, 0),
(946, 29, 22, 2, 0),
(947, 29, 23, 3, 0),
(948, 29, 24, 3, 0),
(949, 29, 2, 4, 0),
(950, 29, 11, 4, 0),
(951, 29, 12, 3, 0),
(952, 29, 17, 1, 0),
(953, 29, 26, 4, 1),
(954, 29, 29, 3, 0),
(955, 29, 33, 4, 1),
(956, 29, 10, 2, 0),
(957, 29, 20, 4, 0),
(958, 29, 32, 1, 0),
(959, 29, 37, 5, 1),
(960, 29, 1, 3, 0),
(961, 29, 3, 3, 0),
(962, 29, 27, 4, 1),
(963, 29, 28, 1, 0),
(964, 29, 35, 6, 0),
(965, 29, 5, 1, 0),
(966, 29, 6, 4, 1),
(967, 29, 7, 2, 0),
(968, 29, 16, 1, 0);

-- --------------------------------------------------------

--
-- Estructura de tabla para la tabla `usuarios`
--

CREATE TABLE `usuarios` (
  `id` int(11) NOT NULL,
  `nombre` varchar(50) NOT NULL,
  `apellido` varchar(50) NOT NULL,
  `correo` varchar(50) NOT NULL,
  `contrasena` text NOT NULL
) ENGINE=InnoDB DEFAULT CHARSET=utf8mb4;

--
-- Volcado de datos para la tabla `usuarios`
--

INSERT INTO `usuarios` (`id`, `nombre`, `apellido`, `correo`, `contrasena`) VALUES
(18, 'ejemplo', 'ejemplo', 'ejemplo@ejemplo', '$2y$10$eAo5T7mtMDMmqq1zYaInnOHSG2KBeQEsAuHc26oM7ETi7HEMMKsie'),
(19, 'olver', 'arce', 'olver@arce', '$2y$10$h.oMDKHzDIcYQW6ZgK/4LeR1R0litNcqxUYKml5aZRmCNDv6hFyUG'),
(23, 'jose', 'limache', 'jose@limache', '$2y$10$Ub.UC38BR4eKCRYQX7eUK.27Vfea25Ya13wTFCn/sRkmIdlPqXeQ.'),
(29, 'arg', 'arg', 'arg@arg', '$2y$10$gE83jz3P5OblkXJGhfpDLeehQDkJ.KU3EfCdlJIK3fSIB92.rLiu2');

--
-- Índices para tablas volcadas
--

--
-- Indices de la tabla `contenedores`
--
ALTER TABLE `contenedores`
  ADD PRIMARY KEY (`id`);

--
-- Indices de la tabla `material`
--
ALTER TABLE `material`
  ADD PRIMARY KEY (`id`),
  ADD KEY `material_ibfk_1` (`idContenedor`);

--
-- Indices de la tabla `puntajes`
--
ALTER TABLE `puntajes`
  ADD PRIMARY KEY (`id`),
  ADD KEY `idUsuario` (`idUsuario`);

--
-- Indices de la tabla `rendimiento`
--
ALTER TABLE `rendimiento`
  ADD PRIMARY KEY (`id`),
  ADD KEY `idMaterial` (`idMaterial`),
  ADD KEY `idUsuario` (`idUsuario`);

--
-- Indices de la tabla `usuarios`
--
ALTER TABLE `usuarios`
  ADD PRIMARY KEY (`id`),
  ADD UNIQUE KEY `correo` (`correo`);

--
-- AUTO_INCREMENT de las tablas volcadas
--

--
-- AUTO_INCREMENT de la tabla `contenedores`
--
ALTER TABLE `contenedores`
  MODIFY `id` int(11) NOT NULL AUTO_INCREMENT, AUTO_INCREMENT=10;

--
-- AUTO_INCREMENT de la tabla `material`
--
ALTER TABLE `material`
  MODIFY `id` int(11) NOT NULL AUTO_INCREMENT, AUTO_INCREMENT=43;

--
-- AUTO_INCREMENT de la tabla `puntajes`
--
ALTER TABLE `puntajes`
  MODIFY `id` int(11) NOT NULL AUTO_INCREMENT, AUTO_INCREMENT=20;

--
-- AUTO_INCREMENT de la tabla `rendimiento`
--
ALTER TABLE `rendimiento`
  MODIFY `id` int(11) NOT NULL AUTO_INCREMENT, AUTO_INCREMENT=969;

--
-- AUTO_INCREMENT de la tabla `usuarios`
--
ALTER TABLE `usuarios`
  MODIFY `id` int(11) NOT NULL AUTO_INCREMENT, AUTO_INCREMENT=30;

--
-- Restricciones para tablas volcadas
--

--
-- Filtros para la tabla `material`
--
ALTER TABLE `material`
  ADD CONSTRAINT `material_ibfk_1` FOREIGN KEY (`idContenedor`) REFERENCES `contenedores` (`id`) ON DELETE CASCADE;

--
-- Filtros para la tabla `puntajes`
--
ALTER TABLE `puntajes`
  ADD CONSTRAINT `puntajes_ibfk_1` FOREIGN KEY (`idUsuario`) REFERENCES `usuarios` (`id`) ON DELETE CASCADE ON UPDATE CASCADE;

--
-- Filtros para la tabla `rendimiento`
--
ALTER TABLE `rendimiento`
  ADD CONSTRAINT `rendimiento_ibfk_1` FOREIGN KEY (`idMaterial`) REFERENCES `material` (`id`) ON DELETE CASCADE ON UPDATE CASCADE,
  ADD CONSTRAINT `rendimiento_ibfk_2` FOREIGN KEY (`idUsuario`) REFERENCES `usuarios` (`id`) ON DELETE CASCADE ON UPDATE CASCADE;
--
-- Base de datos: `phpmyadmin`
--
CREATE DATABASE IF NOT EXISTS `phpmyadmin` DEFAULT CHARACTER SET utf8 COLLATE utf8_bin;
USE `phpmyadmin`;

-- --------------------------------------------------------

--
-- Estructura de tabla para la tabla `pma__bookmark`
--

CREATE TABLE `pma__bookmark` (
  `id` int(10) UNSIGNED NOT NULL,
  `dbase` varchar(255) COLLATE utf8_bin NOT NULL DEFAULT '',
  `user` varchar(255) COLLATE utf8_bin NOT NULL DEFAULT '',
  `label` varchar(255) CHARACTER SET utf8 NOT NULL DEFAULT '',
  `query` text COLLATE utf8_bin NOT NULL
) ENGINE=InnoDB DEFAULT CHARSET=utf8 COLLATE=utf8_bin COMMENT='Bookmarks';

-- --------------------------------------------------------

--
-- Estructura de tabla para la tabla `pma__central_columns`
--

CREATE TABLE `pma__central_columns` (
  `db_name` varchar(64) COLLATE utf8_bin NOT NULL,
  `col_name` varchar(64) COLLATE utf8_bin NOT NULL,
  `col_type` varchar(64) COLLATE utf8_bin NOT NULL,
  `col_length` text COLLATE utf8_bin DEFAULT NULL,
  `col_collation` varchar(64) COLLATE utf8_bin NOT NULL,
  `col_isNull` tinyint(1) NOT NULL,
  `col_extra` varchar(255) COLLATE utf8_bin DEFAULT '',
  `col_default` text COLLATE utf8_bin DEFAULT NULL
) ENGINE=InnoDB DEFAULT CHARSET=utf8 COLLATE=utf8_bin COMMENT='Central list of columns';

-- --------------------------------------------------------

--
-- Estructura de tabla para la tabla `pma__column_info`
--

CREATE TABLE `pma__column_info` (
  `id` int(5) UNSIGNED NOT NULL,
  `db_name` varchar(64) COLLATE utf8_bin NOT NULL DEFAULT '',
  `table_name` varchar(64) COLLATE utf8_bin NOT NULL DEFAULT '',
  `column_name` varchar(64) COLLATE utf8_bin NOT NULL DEFAULT '',
  `comment` varchar(255) CHARACTER SET utf8 NOT NULL DEFAULT '',
  `mimetype` varchar(255) CHARACTER SET utf8 NOT NULL DEFAULT '',
  `transformation` varchar(255) COLLATE utf8_bin NOT NULL DEFAULT '',
  `transformation_options` varchar(255) COLLATE utf8_bin NOT NULL DEFAULT '',
  `input_transformation` varchar(255) COLLATE utf8_bin NOT NULL DEFAULT '',
  `input_transformation_options` varchar(255) COLLATE utf8_bin NOT NULL DEFAULT ''
) ENGINE=InnoDB DEFAULT CHARSET=utf8 COLLATE=utf8_bin COMMENT='Column information for phpMyAdmin';

-- --------------------------------------------------------

--
-- Estructura de tabla para la tabla `pma__designer_settings`
--

CREATE TABLE `pma__designer_settings` (
  `username` varchar(64) COLLATE utf8_bin NOT NULL,
  `settings_data` text COLLATE utf8_bin NOT NULL
) ENGINE=InnoDB DEFAULT CHARSET=utf8 COLLATE=utf8_bin COMMENT='Settings related to Designer';

-- --------------------------------------------------------

--
-- Estructura de tabla para la tabla `pma__export_templates`
--

CREATE TABLE `pma__export_templates` (
  `id` int(5) UNSIGNED NOT NULL,
  `username` varchar(64) COLLATE utf8_bin NOT NULL,
  `export_type` varchar(10) COLLATE utf8_bin NOT NULL,
  `template_name` varchar(64) COLLATE utf8_bin NOT NULL,
  `template_data` text COLLATE utf8_bin NOT NULL
) ENGINE=InnoDB DEFAULT CHARSET=utf8 COLLATE=utf8_bin COMMENT='Saved export templates';

-- --------------------------------------------------------

--
-- Estructura de tabla para la tabla `pma__favorite`
--

CREATE TABLE `pma__favorite` (
  `username` varchar(64) COLLATE utf8_bin NOT NULL,
  `tables` text COLLATE utf8_bin NOT NULL
) ENGINE=InnoDB DEFAULT CHARSET=utf8 COLLATE=utf8_bin COMMENT='Favorite tables';

-- --------------------------------------------------------

--
-- Estructura de tabla para la tabla `pma__history`
--

CREATE TABLE `pma__history` (
  `id` bigint(20) UNSIGNED NOT NULL,
  `username` varchar(64) COLLATE utf8_bin NOT NULL DEFAULT '',
  `db` varchar(64) COLLATE utf8_bin NOT NULL DEFAULT '',
  `table` varchar(64) COLLATE utf8_bin NOT NULL DEFAULT '',
  `timevalue` timestamp NOT NULL DEFAULT current_timestamp(),
  `sqlquery` text COLLATE utf8_bin NOT NULL
) ENGINE=InnoDB DEFAULT CHARSET=utf8 COLLATE=utf8_bin COMMENT='SQL history for phpMyAdmin';

-- --------------------------------------------------------

--
-- Estructura de tabla para la tabla `pma__navigationhiding`
--

CREATE TABLE `pma__navigationhiding` (
  `username` varchar(64) COLLATE utf8_bin NOT NULL,
  `item_name` varchar(64) COLLATE utf8_bin NOT NULL,
  `item_type` varchar(64) COLLATE utf8_bin NOT NULL,
  `db_name` varchar(64) COLLATE utf8_bin NOT NULL,
  `table_name` varchar(64) COLLATE utf8_bin NOT NULL
) ENGINE=InnoDB DEFAULT CHARSET=utf8 COLLATE=utf8_bin COMMENT='Hidden items of navigation tree';

-- --------------------------------------------------------

--
-- Estructura de tabla para la tabla `pma__pdf_pages`
--

CREATE TABLE `pma__pdf_pages` (
  `db_name` varchar(64) COLLATE utf8_bin NOT NULL DEFAULT '',
  `page_nr` int(10) UNSIGNED NOT NULL,
  `page_descr` varchar(50) CHARACTER SET utf8 NOT NULL DEFAULT ''
) ENGINE=InnoDB DEFAULT CHARSET=utf8 COLLATE=utf8_bin COMMENT='PDF relation pages for phpMyAdmin';

-- --------------------------------------------------------

--
-- Estructura de tabla para la tabla `pma__recent`
--

CREATE TABLE `pma__recent` (
  `username` varchar(64) COLLATE utf8_bin NOT NULL,
  `tables` text COLLATE utf8_bin NOT NULL
) ENGINE=InnoDB DEFAULT CHARSET=utf8 COLLATE=utf8_bin COMMENT='Recently accessed tables';

--
-- Volcado de datos para la tabla `pma__recent`
--

INSERT INTO `pma__recent` (`username`, `tables`) VALUES
('root', '[{\"db\":\"administracionordenes\",\"table\":\"usuarios\"},{\"db\":\"administracionordenes\",\"table\":\"ordenes\"},{\"db\":\"administracionordenes\",\"table\":\"categorias\"},{\"db\":\"administracionordenes\",\"table\":\"ubicacion\"},{\"db\":\"administracionordenes\",\"table\":\"funcionarios\"},{\"db\":\"administracionordenes\",\"table\":\"materiales\"},{\"db\":\"administracionordenes\",\"table\":\"centro\"},{\"db\":\"administracionordenes\",\"table\":\"materialesordenes\"},{\"db\":\"juego\",\"table\":\"material\"},{\"db\":\"juego\",\"table\":\"usuarios\"}]');

-- --------------------------------------------------------

--
-- Estructura de tabla para la tabla `pma__relation`
--

CREATE TABLE `pma__relation` (
  `master_db` varchar(64) COLLATE utf8_bin NOT NULL DEFAULT '',
  `master_table` varchar(64) COLLATE utf8_bin NOT NULL DEFAULT '',
  `master_field` varchar(64) COLLATE utf8_bin NOT NULL DEFAULT '',
  `foreign_db` varchar(64) COLLATE utf8_bin NOT NULL DEFAULT '',
  `foreign_table` varchar(64) COLLATE utf8_bin NOT NULL DEFAULT '',
  `foreign_field` varchar(64) COLLATE utf8_bin NOT NULL DEFAULT ''
) ENGINE=InnoDB DEFAULT CHARSET=utf8 COLLATE=utf8_bin COMMENT='Relation table';

-- --------------------------------------------------------

--
-- Estructura de tabla para la tabla `pma__savedsearches`
--

CREATE TABLE `pma__savedsearches` (
  `id` int(5) UNSIGNED NOT NULL,
  `username` varchar(64) COLLATE utf8_bin NOT NULL DEFAULT '',
  `db_name` varchar(64) COLLATE utf8_bin NOT NULL DEFAULT '',
  `search_name` varchar(64) COLLATE utf8_bin NOT NULL DEFAULT '',
  `search_data` text COLLATE utf8_bin NOT NULL
) ENGINE=InnoDB DEFAULT CHARSET=utf8 COLLATE=utf8_bin COMMENT='Saved searches';

-- --------------------------------------------------------

--
-- Estructura de tabla para la tabla `pma__table_coords`
--

CREATE TABLE `pma__table_coords` (
  `db_name` varchar(64) COLLATE utf8_bin NOT NULL DEFAULT '',
  `table_name` varchar(64) COLLATE utf8_bin NOT NULL DEFAULT '',
  `pdf_page_number` int(11) NOT NULL DEFAULT 0,
  `x` float UNSIGNED NOT NULL DEFAULT 0,
  `y` float UNSIGNED NOT NULL DEFAULT 0
) ENGINE=InnoDB DEFAULT CHARSET=utf8 COLLATE=utf8_bin COMMENT='Table coordinates for phpMyAdmin PDF output';

-- --------------------------------------------------------

--
-- Estructura de tabla para la tabla `pma__table_info`
--

CREATE TABLE `pma__table_info` (
  `db_name` varchar(64) COLLATE utf8_bin NOT NULL DEFAULT '',
  `table_name` varchar(64) COLLATE utf8_bin NOT NULL DEFAULT '',
  `display_field` varchar(64) COLLATE utf8_bin NOT NULL DEFAULT ''
) ENGINE=InnoDB DEFAULT CHARSET=utf8 COLLATE=utf8_bin COMMENT='Table information for phpMyAdmin';

--
-- Volcado de datos para la tabla `pma__table_info`
--

INSERT INTO `pma__table_info` (`db_name`, `table_name`, `display_field`) VALUES
('administracionordenes', 'ordenes', 'nombre'),
('juego', 'material', 'nombre'),
('juego', 'rendimiento', 'idUsuario');

-- --------------------------------------------------------

--
-- Estructura de tabla para la tabla `pma__table_uiprefs`
--

CREATE TABLE `pma__table_uiprefs` (
  `username` varchar(64) COLLATE utf8_bin NOT NULL,
  `db_name` varchar(64) COLLATE utf8_bin NOT NULL,
  `table_name` varchar(64) COLLATE utf8_bin NOT NULL,
  `prefs` text COLLATE utf8_bin NOT NULL,
  `last_update` timestamp NOT NULL DEFAULT current_timestamp() ON UPDATE current_timestamp()
) ENGINE=InnoDB DEFAULT CHARSET=utf8 COLLATE=utf8_bin COMMENT='Tables'' UI preferences';

--
-- Volcado de datos para la tabla `pma__table_uiprefs`
--

INSERT INTO `pma__table_uiprefs` (`username`, `db_name`, `table_name`, `prefs`, `last_update`) VALUES
('root', 'administracionordenes', 'ordenes', '{\"sorted_col\":\"`ordenes`.`fechaAsignacion` ASC\"}', '2022-10-15 19:03:08');

-- --------------------------------------------------------

--
-- Estructura de tabla para la tabla `pma__tracking`
--

CREATE TABLE `pma__tracking` (
  `db_name` varchar(64) COLLATE utf8_bin NOT NULL,
  `table_name` varchar(64) COLLATE utf8_bin NOT NULL,
  `version` int(10) UNSIGNED NOT NULL,
  `date_created` datetime NOT NULL,
  `date_updated` datetime NOT NULL,
  `schema_snapshot` text COLLATE utf8_bin NOT NULL,
  `schema_sql` text COLLATE utf8_bin DEFAULT NULL,
  `data_sql` longtext COLLATE utf8_bin DEFAULT NULL,
  `tracking` set('UPDATE','REPLACE','INSERT','DELETE','TRUNCATE','CREATE DATABASE','ALTER DATABASE','DROP DATABASE','CREATE TABLE','ALTER TABLE','RENAME TABLE','DROP TABLE','CREATE INDEX','DROP INDEX','CREATE VIEW','ALTER VIEW','DROP VIEW') COLLATE utf8_bin DEFAULT NULL,
  `tracking_active` int(1) UNSIGNED NOT NULL DEFAULT 1
) ENGINE=InnoDB DEFAULT CHARSET=utf8 COLLATE=utf8_bin COMMENT='Database changes tracking for phpMyAdmin';

-- --------------------------------------------------------

--
-- Estructura de tabla para la tabla `pma__userconfig`
--

CREATE TABLE `pma__userconfig` (
  `username` varchar(64) COLLATE utf8_bin NOT NULL,
  `timevalue` timestamp NOT NULL DEFAULT current_timestamp() ON UPDATE current_timestamp(),
  `config_data` text COLLATE utf8_bin NOT NULL
) ENGINE=InnoDB DEFAULT CHARSET=utf8 COLLATE=utf8_bin COMMENT='User preferences storage for phpMyAdmin';

--
-- Volcado de datos para la tabla `pma__userconfig`
--

INSERT INTO `pma__userconfig` (`username`, `timevalue`, `config_data`) VALUES
('root', '2022-11-07 11:31:28', '{\"Console\\/Mode\":\"collapse\",\"lang\":\"es\"}');

-- --------------------------------------------------------

--
-- Estructura de tabla para la tabla `pma__usergroups`
--

CREATE TABLE `pma__usergroups` (
  `usergroup` varchar(64) COLLATE utf8_bin NOT NULL,
  `tab` varchar(64) COLLATE utf8_bin NOT NULL,
  `allowed` enum('Y','N') COLLATE utf8_bin NOT NULL DEFAULT 'N'
) ENGINE=InnoDB DEFAULT CHARSET=utf8 COLLATE=utf8_bin COMMENT='User groups with configured menu items';

-- --------------------------------------------------------

--
-- Estructura de tabla para la tabla `pma__users`
--

CREATE TABLE `pma__users` (
  `username` varchar(64) COLLATE utf8_bin NOT NULL,
  `usergroup` varchar(64) COLLATE utf8_bin NOT NULL
) ENGINE=InnoDB DEFAULT CHARSET=utf8 COLLATE=utf8_bin COMMENT='Users and their assignments to user groups';

--
-- Índices para tablas volcadas
--

--
-- Indices de la tabla `pma__bookmark`
--
ALTER TABLE `pma__bookmark`
  ADD PRIMARY KEY (`id`);

--
-- Indices de la tabla `pma__central_columns`
--
ALTER TABLE `pma__central_columns`
  ADD PRIMARY KEY (`db_name`,`col_name`);

--
-- Indices de la tabla `pma__column_info`
--
ALTER TABLE `pma__column_info`
  ADD PRIMARY KEY (`id`),
  ADD UNIQUE KEY `db_name` (`db_name`,`table_name`,`column_name`);

--
-- Indices de la tabla `pma__designer_settings`
--
ALTER TABLE `pma__designer_settings`
  ADD PRIMARY KEY (`username`);

--
-- Indices de la tabla `pma__export_templates`
--
ALTER TABLE `pma__export_templates`
  ADD PRIMARY KEY (`id`),
  ADD UNIQUE KEY `u_user_type_template` (`username`,`export_type`,`template_name`);

--
-- Indices de la tabla `pma__favorite`
--
ALTER TABLE `pma__favorite`
  ADD PRIMARY KEY (`username`);

--
-- Indices de la tabla `pma__history`
--
ALTER TABLE `pma__history`
  ADD PRIMARY KEY (`id`),
  ADD KEY `username` (`username`,`db`,`table`,`timevalue`);

--
-- Indices de la tabla `pma__navigationhiding`
--
ALTER TABLE `pma__navigationhiding`
  ADD PRIMARY KEY (`username`,`item_name`,`item_type`,`db_name`,`table_name`);

--
-- Indices de la tabla `pma__pdf_pages`
--
ALTER TABLE `pma__pdf_pages`
  ADD PRIMARY KEY (`page_nr`),
  ADD KEY `db_name` (`db_name`);

--
-- Indices de la tabla `pma__recent`
--
ALTER TABLE `pma__recent`
  ADD PRIMARY KEY (`username`);

--
-- Indices de la tabla `pma__relation`
--
ALTER TABLE `pma__relation`
  ADD PRIMARY KEY (`master_db`,`master_table`,`master_field`),
  ADD KEY `foreign_field` (`foreign_db`,`foreign_table`);

--
-- Indices de la tabla `pma__savedsearches`
--
ALTER TABLE `pma__savedsearches`
  ADD PRIMARY KEY (`id`),
  ADD UNIQUE KEY `u_savedsearches_username_dbname` (`username`,`db_name`,`search_name`);

--
-- Indices de la tabla `pma__table_coords`
--
ALTER TABLE `pma__table_coords`
  ADD PRIMARY KEY (`db_name`,`table_name`,`pdf_page_number`);

--
-- Indices de la tabla `pma__table_info`
--
ALTER TABLE `pma__table_info`
  ADD PRIMARY KEY (`db_name`,`table_name`);

--
-- Indices de la tabla `pma__table_uiprefs`
--
ALTER TABLE `pma__table_uiprefs`
  ADD PRIMARY KEY (`username`,`db_name`,`table_name`);

--
-- Indices de la tabla `pma__tracking`
--
ALTER TABLE `pma__tracking`
  ADD PRIMARY KEY (`db_name`,`table_name`,`version`);

--
-- Indices de la tabla `pma__userconfig`
--
ALTER TABLE `pma__userconfig`
  ADD PRIMARY KEY (`username`);

--
-- Indices de la tabla `pma__usergroups`
--
ALTER TABLE `pma__usergroups`
  ADD PRIMARY KEY (`usergroup`,`tab`,`allowed`);

--
-- Indices de la tabla `pma__users`
--
ALTER TABLE `pma__users`
  ADD PRIMARY KEY (`username`,`usergroup`);

--
-- AUTO_INCREMENT de las tablas volcadas
--

--
-- AUTO_INCREMENT de la tabla `pma__bookmark`
--
ALTER TABLE `pma__bookmark`
  MODIFY `id` int(10) UNSIGNED NOT NULL AUTO_INCREMENT;

--
-- AUTO_INCREMENT de la tabla `pma__column_info`
--
ALTER TABLE `pma__column_info`
  MODIFY `id` int(5) UNSIGNED NOT NULL AUTO_INCREMENT;

--
-- AUTO_INCREMENT de la tabla `pma__export_templates`
--
ALTER TABLE `pma__export_templates`
  MODIFY `id` int(5) UNSIGNED NOT NULL AUTO_INCREMENT;

--
-- AUTO_INCREMENT de la tabla `pma__history`
--
ALTER TABLE `pma__history`
  MODIFY `id` bigint(20) UNSIGNED NOT NULL AUTO_INCREMENT;

--
-- AUTO_INCREMENT de la tabla `pma__pdf_pages`
--
ALTER TABLE `pma__pdf_pages`
  MODIFY `page_nr` int(10) UNSIGNED NOT NULL AUTO_INCREMENT;

--
-- AUTO_INCREMENT de la tabla `pma__savedsearches`
--
ALTER TABLE `pma__savedsearches`
  MODIFY `id` int(5) UNSIGNED NOT NULL AUTO_INCREMENT;
--
-- Base de datos: `usuarios`
--
CREATE DATABASE IF NOT EXISTS `usuarios` DEFAULT CHARACTER SET utf8mb4 COLLATE utf8mb4_general_ci;
USE `usuarios`;
COMMIT;

/*!40101 SET CHARACTER_SET_CLIENT=@OLD_CHARACTER_SET_CLIENT */;
/*!40101 SET CHARACTER_SET_RESULTS=@OLD_CHARACTER_SET_RESULTS */;
/*!40101 SET COLLATION_CONNECTION=@OLD_COLLATION_CONNECTION */;
